{"version":6,"hash":{"type":"Buffer","data":"F8ec6xQNnnX3He3GXu0+0aYUhfRH9Zr1JvpU9x2Q0A8j7Ws0+GDYYxmPORXtRncI2OQSdZD9X9AwXXblGCpkVUDBFhlf6LNxd2mmSv8GM+U9+G8TijqVMB4KnVBJ+Y8cRJQEtgQN9+5bLU0qTIOXrjh/YMdbYcH9FDle6hr7j74="},"indexValueMap":{"AIGt/T/jWgNrsNEKqPA2rI6HwBhqNcKK3HnecNse3AY=":{"valueMac":{"type":"Buffer","data":"GNZ/wYB3zH0lczgjQxGS6pjkIcJuquHg/mcd5k1cGLk="}},"AIpZeutkGDfKUZhYyXRJAzjyw2TbbPFzjnyFMuuR6zg=":{"valueMac":{"type":"Buffer","data":"nvj7RPeAJW2+LACrqyReqI+8NdtntRzDKddpFJj9fpY="}},"Ajy8fFSXrQmPbs5iH2zChhi1uIUhqbupqgXTz/xlnYA=":{"valueMac":{"type":"Buffer","data":"35CuB7PfzAvLX7OE7tv3pAV1RI/3qLKlp8zNXVGwumQ="}},"AovywUDarsuQ2YoaSeLsuv6lxR5gd4TFxM541V31BaE=":{"valueMac":{"type":"Buffer","data":"iw2zyPWbl7claM2IjkrV/1V5GQCxwNp3BjXBVlg1vys="}},"B3qPXGpf1+7a7kzG8aFiQeTDpTcZ7PCoGxC6gmRI090=":{"valueMac":{"type":"Buffer","data":"sjQFF6jnc4uPzIFX5wApbhD+lAFV+WJ0bXorPJQDRHg="}},"B/6ZcLNsm3gEAgJlb4VPt8ydx4yz80+5gw8kiWBVbfs=":{"valueMac":{"type":"Buffer","data":"1QLKQSk16kutcvxSQjJdaMtvE8Cl1syHL5Q8SxpAW+A="}},"CKs/o4zq16OTH33cm5yFuV4Ozx+/La3bLV82OgDKMdU=":{"valueMac":{"type":"Buffer","data":"wIWwVRdXkWZKKtMvI70cOdJWYwiDS/DCBUke46Nqfyw="}},"Cr6M/zH60j8+aihUO0xaQW24nV5XC+nJl80jLjp2QpU=":{"valueMac":{"type":"Buffer","data":"L24OIuajGK2hDQyv3vl36APl5hEYHSLl5VAZ2ZC+LNo="}},"CvpcR/cH23lZsZoFB2PCMNAMea60iRmH4uVrIYz1Qtk=":{"valueMac":{"type":"Buffer","data":"JlU6MqFx8USufviBzX6h3v5fALgSyF6kdHuMnbQUCKQ="}},"DKu6xaD2jJH/tzSKXKjMfqCRQ1AdEKP/9au/mIMjwZI=":{"valueMac":{"type":"Buffer","data":"brZRP2+yB6a70H6+L2+3z/BRCC/RH5Ozfq9znj5Fgv4="}},"DRs6ze01PsAqgCCfzO/Z34y31frhhbwQHPnEgqa3hDU=":{"valueMac":{"type":"Buffer","data":"k4gWrqViQZ4/9Q9XPmlpxWP2jHUsnhnXY1dRMGCDezs="}},"Dnj0ZJnNVSMAxJtdoUBAC4q138CKGfbiG7YNxpZiLDw=":{"valueMac":{"type":"Buffer","data":"6qi9hXQl4TUqozkFT7xXjA+C6ojDyDcEuz4eg96+Uyg="}},"D24612rNcnr4Vb7laeD57QRuPHgCEU7rYEUnEhxd5M8=":{"valueMac":{"type":"Buffer","data":"UGH21UEPGy7656dzNCJCK8ecU3QsYHfuuuq6r6iWhSE="}},"EIxAIS4AEX/+CgKgGZPcsbGTInZ911APQf0XyfLAFy4=":{"valueMac":{"type":"Buffer","data":"GSmmmS5bh83UvknDkiFxzgWFvNArnMF5/if9k/xBdJ8="}},"ErzvuL/9bL1g7aDShSKJ1W/+11fqm1hFKYWoC7nLhjc=":{"valueMac":{"type":"Buffer","data":"eQXJiOCvYJyHhvWi07KunsagZTEH5XNeIGFAmokYa3c="}},"EwOTNPPGUlkM8ZE3pkK312EYtry2FnSmyPDYmtxuI4Q=":{"valueMac":{"type":"Buffer","data":"S6AaVpGqiHWuU/vkSVKRYEjmP33CbtPps3VIDTjImOc="}},"ExOgGQz1JFi++7oBx3fD8bu2S8kK/HFoRbGHzHYza3M=":{"valueMac":{"type":"Buffer","data":"t5X6lHwAWJGqA4h/iDDjyuyQ4zpfkZKryJuLjdZl8b0="}},"E3fD4LaSvnBQX/sv8iB0ShMO0vm0I77+qOF+F/v7WY4=":{"valueMac":{"type":"Buffer","data":"B4UAgW//rxO/JOsXD97+nhUorRcUh7tpfXTBxUsc7Bs="}},"FLp5w73uJ+ZNO3ade3SssS9RMXoOg656gKHR2pFazaE=":{"valueMac":{"type":"Buffer","data":"54NidgAhPtNsu+TIoF98nYkaEm33yvr7b9FUo4i3IVo="}},"FZkj3tGSKCKHmj23SgXmsWNrUkQFamRKGB0BLI76xhU=":{"valueMac":{"type":"Buffer","data":"DIBXqjWYGSunNH6+i3uNm1+J5EuDMLkKrvWMm+kG9Zo="}},"Fgz/mqf55sl5ud30wXwlwSvLoZ+UCWcm0f7VttXsowQ=":{"valueMac":{"type":"Buffer","data":"62bUIocTkQzdt+E2wfRy6OFxvhCmGl/vDzWzpZsUAcc="}},"FixULh/nwdnxNTsNWwT8oqXJoYAyPrCECl6w1tJoTZg=":{"valueMac":{"type":"Buffer","data":"2/YeSQSl9HnaWdcl+oO5zJCc74+tA5BFqbzDws+V7jY="}},"F/ksRgqecdYsAaxaYOK9sZfVkSjYqy11BmiYR4jjEs8=":{"valueMac":{"type":"Buffer","data":"6XYRkw5QUGh9xqRb4iMm1NtA23znRnt13nt/PHtFM4o="}},"GG/luqKdzhZ6Us/8QlrG0f8WGzXJYWajy7USKWweMsM=":{"valueMac":{"type":"Buffer","data":"tP37nezzf/x76GjjILEQar4mNVcBtv5tZHY3NUWxCVk="}},"GQ0dmbA3fmUaXhqw0K1uxumsW5gKjhAKqvsCFrkQ6n8=":{"valueMac":{"type":"Buffer","data":"TW7aWwTqI44Rg0iwhXvXEDU4Auun8mYa1HDjf3iikBE="}},"G16kBQlhXQvFoNaasP6ur6KcEvc+T9kg8np8O4pLQvw=":{"valueMac":{"type":"Buffer","data":"cAU3yQKwn1Hw6EhbJIQ2OpGmdKQWxqQOmruwiFJqRF8="}},"HGjz7VTuo6QscCQORQ4tChWWKfm1C3l+DUyt2vIkA4k=":{"valueMac":{"type":"Buffer","data":"RAudH7aMC4WUvqt/q9Io+YS+s77zTKiMQzVEs/ll1Nk="}},"HOOErfZqGMxxcHDG40An7Cav1bL9V6oxIEtS5CJbBLs=":{"valueMac":{"type":"Buffer","data":"lUyVjfwZrvzEHMfS6LczabNkqlseoCZVegPgpUCyWdE="}},"Hj7uFM1OtU1ARHIFM3rA1SkqgrtoI4e2aListkq48js=":{"valueMac":{"type":"Buffer","data":"eVlrv4MUDfTVRcJeEYzQhG0ws5hBIhDyHX99IyU7ZbQ="}},"Hqs9nfn3IYueDuO2czPGyd7tOgivlztfsOkxhhyYMPA=":{"valueMac":{"type":"Buffer","data":"hLB5WhBPkUAWf77dt+5wDmQa0kTq6psWXQPxB9HboPA="}},"HwTx7vYgOsZjZVGSCOiHWKpubPGwfZlJffe/6HY2Wgk=":{"valueMac":{"type":"Buffer","data":"PEqALkZjRw6xAVSKtM6MfVhgUT8B5tLEE+zyTUfHHp0="}},"IJ3R7FcX7qMjYPWA+h+ZfrfN7HSmKQkNFvAOB3P2hWM=":{"valueMac":{"type":"Buffer","data":"N2ShyAnaI7BfkKSK+D2b0UyMD57eMyvAMF5QMLW9mrc="}},"If1d81GxjpYrAVYRvU4bXhNKCFqtuLRtUeA5c4G6UHQ=":{"valueMac":{"type":"Buffer","data":"6TuplXm3rSBbVwobsHGCVideC6Q/jEKHKXd4YfEmmwo="}},"I4BTfqzZJkLcZR64hNlZoJJnIvJj7GshK8rC+a4KdNI=":{"valueMac":{"type":"Buffer","data":"mHEtmlxJDECKzT0MJPPj+LcvLH2vfKSncMuMH9xwdtk="}},"JG3YQs8MPtQnVkXgDQqJ0QJlj0xdO18hrJ5JpCt7fcQ=":{"valueMac":{"type":"Buffer","data":"Gyi1vG8Ss/QpbhfS7ElO+kVL8xCjHjXBEmQ912SWK7I="}},"KhAebbLqDXF/x6me70FkL8k9kGiUafBG9zbHLrQiGYA=":{"valueMac":{"type":"Buffer","data":"9542KB4i7d6YcjToXFIiDPcqQgsLErtM00FPsjlEs3E="}},"KhmrATDvH6ESmAp9FdpDzX6/4ThPwdcr2A1XP05EE5w=":{"valueMac":{"type":"Buffer","data":"g08T1AhCpC/YWN7wYxqye3xjfuDeFlEWfHkk4Myv7Tw="}},"KxshHkGZTXF6gV4tuVv2hmIymuH5PJ9CXMhg95wVoRA=":{"valueMac":{"type":"Buffer","data":"mYCkAgKFQwyq2DYCK9Eje5/rZ9R0hOjtN4ID9lHSeWg="}},"K6v+0cj/T1iTWqjqwDsSYk3WwLKyq4qYEP9/NnI8A10=":{"valueMac":{"type":"Buffer","data":"cuDDbRWNvTwusEj/GTg/W5Fs4VE10z1ggx6jtw/FrWA="}},"Lmx4eszlZdx1WcgEHBIQUTcCdojZDICQqkwVUckwehA=":{"valueMac":{"type":"Buffer","data":"k8I3RBwRsO7mx7Jk5qOcRWv5ZzY4HZ+UyKV5xyjPoO0="}},"MYXTXUBUgniLXCVXNGm7MS+PGnMJr3gFhXP+LumLB1w=":{"valueMac":{"type":"Buffer","data":"h3lsbsAGA5RYhc2bJeU0IQV9pAtITNakJEEbEiIPLf0="}},"MZa80TaMzZWXUGRCsQHldGMGnZ/lzYgO+mlKbydAvHg=":{"valueMac":{"type":"Buffer","data":"5DswiISHSOLPQXj3DM6j0+RFONb2YGHKThp4jaiVem0="}},"MeNsl5WsrN/vXWxZof9KUJqz+Y6KNBb7ZmT5W/W8ifc=":{"valueMac":{"type":"Buffer","data":"fAfj3MM63LNBoQbZ9CmZ6njxvXbvv7rfVth4MR6U0iM="}},"MwnKHRzuYKCsvC0luph8bDT7i7LuCSoqepgA93F0bTw=":{"valueMac":{"type":"Buffer","data":"cSHfajU/TSHmOkpodz4wL0Z+tYCFYr+aKuVT3NknQU0="}},"M6AWpcTZekTMRj2wMgInJX/e0/n1qrVa9Z93d0SFIME=":{"valueMac":{"type":"Buffer","data":"hONffHlGcWwKC0cNCJ4LNpHRR0/WVyNHoXCBhz6KFLo="}},"NLMQ+tA3W1BoN4RA2S2tJeTavmP/CDUlGgO9vzbBTSk=":{"valueMac":{"type":"Buffer","data":"OaJX7BxMS1uIVmYJ35wbkI2Brf8dcAu3otvmZDMeoNU="}},"NTHSzXl/HYXDIZ1tFO9ZY5lbmky5KFjF4PJ0xKzjSww=":{"valueMac":{"type":"Buffer","data":"+hNvA3i4TXqcqC8uHI6VJEh7RveuD/KKGb7DK9U4aAs="}},"Na7bQ1qvtsSNyZds3ASrmc1/FsOHEirvbUMX3RmuGCg=":{"valueMac":{"type":"Buffer","data":"KBlEzm0His9mfcf/BL1RREhpmVj+0d7qoR2gSYARQx0="}},"NiYF01odfbiHpp4PbbSUQMaV5UBWLB9m56Bt41xVql8=":{"valueMac":{"type":"Buffer","data":"ES9XL7h0YrZ81itQchfgLaD1VEmuBCGCefJbx13XFUY="}},"NuToGbpNU9b2q8DQDGMK9Iuv5G/TKenZFBTEFolkMR8=":{"valueMac":{"type":"Buffer","data":"62Rgvty9VVzk8FSx6YdDzOD0i0qJmLGHrLNJFTdQxzw="}},"N9skHQ8o+5GWsKZblvxAGhW3vRQKjmZsYE8ozhP692M=":{"valueMac":{"type":"Buffer","data":"0sEHSDyqVrpACmUECr+oWdaMrW1xod9hFvMGC9GmdWQ="}},"OIApATyer8uw256KoElKUp0p+Bmh0BOCf9c6T6ja8d0=":{"valueMac":{"type":"Buffer","data":"RodGAqJmB3s86mKptn16M8KeLVL3GRBQKT81bLCWIzs="}},"OV/S40DM93hXdphQOwr0pst/UYXeqnLpDH6oV+qmapw=":{"valueMac":{"type":"Buffer","data":"SGxpBhX/GQ9fRDqrP0Dx8Bis6mgYkwdLZbinfBpIOj0="}},"OkhQAoieqNcrYZEOKGAEMFP3JYkW0sV052u9A9oiCJA=":{"valueMac":{"type":"Buffer","data":"YBJEIYkljfDZKq+u+4AyHeNgMPVtNmrx8NQP+BNiIl4="}},"OuF1yyXD8mlj3o8HzshSh3kvORsHwxm9tAxZ02N2AW8=":{"valueMac":{"type":"Buffer","data":"2uuiIYYM8IhS9q1tIKmYIziUWTquYU2pFp9auhW5+BI="}},"PMEOartnTu2/E/dwonBljQLA7+rJMzpeVECRDJ6lLY0=":{"valueMac":{"type":"Buffer","data":"DGtQvjZvNs31Uky+BzJXZVFJ+2g5h3ziQfSNjM+wFmc="}},"PQb25b9lRgeQW/edJVJuRlexhY4uOGY6t8gZNRCbdQ4=":{"valueMac":{"type":"Buffer","data":"18Qnp5OiVpOPVwyspKQ8r8Ww3yxT39JbosAvypLiC3w="}},"QHoGr9MJzRNoNseTn/x8gBBeXu66oo2s500blICk59c=":{"valueMac":{"type":"Buffer","data":"qMUyD4Hfgr7UzA0GSlxoWPHjsFgve+2EDxkEr+JGF1M="}},"QgYiTqybLrwebA1gmdPzAAWQsFXJAIBnXxQf/y40gak=":{"valueMac":{"type":"Buffer","data":"WQGAmbdCcoltzQR8MuyRinwPNA9zPB9QBIUVW4bLhFo="}},"RJ4ZzYQH2pTIb9N1+2goqMBdcGNo0nKmIEp6/rGTRIg=":{"valueMac":{"type":"Buffer","data":"Ylgi+fKSz0W7iHNPApBaVjpNjFJV6R4byPvRk/idEOk="}},"RO0RDMx3j1VKQQDtZTQxdYl+GU3lUMncGvvflspWfLw=":{"valueMac":{"type":"Buffer","data":"xbtzU1Vlp5iCpl8mFTgcBWqCDCxVTbt5uHvhaTKvBC0="}},"RXrS8KrNh67D+JZ0Aye96OVtMyjEJto/Vjz1u2K+ikM=":{"valueMac":{"type":"Buffer","data":"Hqw+QI26/hGOwXXjC0/qnUEX9NjXqCOqGW8ZCSg6sAA="}},"Re1dIszi6rU4krgPNqUOJNOLcGZJbzLoTYobbEiFR50=":{"valueMac":{"type":"Buffer","data":"x4mG2y9RPU7d3DY6lSIzTgrAFazRHIKAWzeWnKQoPp0="}},"RgXjcVL4i2biTLyLwBWln72o6OSXNn1+r2ZYAMjVdHc=":{"valueMac":{"type":"Buffer","data":"Y+o3tNF9slHvuhVx0vKJYvMoWLyYkA9QopgfSG3eIUA="}},"RpkZ2eAvSIo/BvROpw/YXWHwWivfqt63D+JahHpBg4o=":{"valueMac":{"type":"Buffer","data":"A47I6S1aMmpvTLlaCpl/lFJkLlJcIkqEA369nmMeRRY="}},"SMbrd09neny4giqQKC8sU1lmUoMfblcKvYHJqflwSzY=":{"valueMac":{"type":"Buffer","data":"7cEw3ILA41E8Cu87JuMt42mzq/C68gvWvWtmaJLetu4="}},"SsfaqLZR+mTvqyMnE9mnvY4WY9yMJQn3LyVa584OWz0=":{"valueMac":{"type":"Buffer","data":"PR4WI7sgl5/4pM9Pnms+KJeg92q8CTGmRkNawYWO43M="}},"S8PI21GyruLUGGVwmG2bWJ5B8PlMBnoCMpwuEtMG6WQ=":{"valueMac":{"type":"Buffer","data":"9dpzvh6pQyH4QijUWVFuz/wDQL7kdznAhNJV9/kg9gE="}},"TnFNKGtmwCAZtpeVsqwE8Zv+3Z36/CbnPdHXPQxocS8=":{"valueMac":{"type":"Buffer","data":"SPN19+9/1mYsRMtcnw80/f0JJgUbTmTHRMOUzoVH+p8="}},"UXkQyklvg/MhB+tcM+J8R+g/vOZK3ub/MeiIee4xvuk=":{"valueMac":{"type":"Buffer","data":"GBrZGb07MmTsRqGgJ3toZsEeboGKI+GDQ7QoeyPxqOs="}},"VY9KvDg3QxecyG40Qwocz99YWvAsPiGrEFdJAraJuys=":{"valueMac":{"type":"Buffer","data":"f9Acg78QvBoyv8xjPMYm/Fw/Di15oHptg0oST1yMGxM="}},"WAPjNgfkaDhGaSa4NrkcfzAWEJaHHGtKaFmQeGHlbvk=":{"valueMac":{"type":"Buffer","data":"EdbjdZVu5L7JjELoVuEwyZ2ezfdfa6WtfG/mjJOmXlE="}},"WC28/QkMfotLExa/0pFDs7VgfFbXkLY06ASbWSPNljY=":{"valueMac":{"type":"Buffer","data":"XV/y+5u786UIyDbCI4un1MH/b2Yp/eWC8bZYji5W8oY="}},"WOyLBke6i1+5GVlonvu/2U+8BjTBq1uv9MrWOR2cw2w=":{"valueMac":{"type":"Buffer","data":"6GQZMWvRiGuyFlizwts2WAb03GBB3efdzaX7m2oc9bA="}},"WPHAkLl6NGsHoT85cz4hSpaRFjAZJLhLrGB0n9Cm5fw=":{"valueMac":{"type":"Buffer","data":"y1qhNUfYXXT/u9sOPwKWx2agxqzGxRvw2AcRtB1g/+o="}},"WXZF7SpFyRoUM9DJ2NSoC6oZ3340NafuMyJIXgOSmCU=":{"valueMac":{"type":"Buffer","data":"x63h7JAiCNbRNG33skHzJkz1nCgPfKLRmq0WkwyjPxw="}},"W53R8eyMS+QtUVzusXcdZHhYlizeeD6D3ACqcgUUtvE=":{"valueMac":{"type":"Buffer","data":"mNL1lFEG/nhM8LtW5M33w5/2TQShLoA68Nw711kJPi0="}},"W+Q/Fetgy9NzNdchsNLu5egl1qrXxaE+ew21enIlUa4=":{"valueMac":{"type":"Buffer","data":"ccZzMrtOsof/HjUZ3gBlOV5CzR6eu+CJxiTvLqV3cbs="}},"XHGF7oSaFtSz7AOQXcKCPmwHMCbAwwFS0dDNiCXjrjk=":{"valueMac":{"type":"Buffer","data":"b5ddYPak0uF/n6255NdNKRqtcfkegXpgCJtlrW4vgkY="}},"Xq6p73xy4t5FBgZhGlWosj9ujnlRuQLI/QzynwXOsA8=":{"valueMac":{"type":"Buffer","data":"xCWIh6VXZF6jfNLNZrUDX4FjHLsc00Qk806Iw1yABRU="}},"XunnhoJhxUqC4pL9MymrwrJF2BjqIJU5Lc4Do+HSNRI=":{"valueMac":{"type":"Buffer","data":"AjqgKkJEyJH5kUm2BZ6ZWY4ch9QeoXXzjzbp+mYXppc="}},"X53bH0Q5M/Gp4bRNll9OpePN7RaCwsGE1kMSJ0xWnoQ=":{"valueMac":{"type":"Buffer","data":"Alvhk+6w1g5IXOtSbzt9r66U1paQibd7hvKdDC2q1FU="}},"YYCvfoDaBh/lIrEGDqhGnIowLAUGFPiLUbuwzNL2Z3k=":{"valueMac":{"type":"Buffer","data":"zsAqaeRbQ9cO6ec1phKM68/MbX64YaVN026NF/0pX8I="}},"YaYhJCUJOdgQL5c2nf1YmufCRYf0nD5124/w6/5avvs=":{"valueMac":{"type":"Buffer","data":"ii83BJ44VMCsWG6E2DR1R78JmzmPLNReNP1AJfOZiNI="}},"Y4rk46dAGOqDb7CNwvT9d1CORCWEIfhPEGuXQlJYROs=":{"valueMac":{"type":"Buffer","data":"rp60jv3Mmzn9ynCCMKD8Xv6ITwiiEHMZCWrHI2OYJBQ="}},"Zl8DYoF8lvpS1K2hZqcsGA7+0W76O40jh0S1Ij/z3/Q=":{"valueMac":{"type":"Buffer","data":"HDpmOZLHYX32XTkcLR5ce1QkyNUWaKTInuqe/EGstoc="}},"Z4141i69h0R/pjse3ytVavJOE+gc72FsX3u+2n8ami0=":{"valueMac":{"type":"Buffer","data":"/iV9DTzPopIgAUsBW6rUMK04S2t9M2X51+qvNhcHyqY="}},"Z4+a7ro8UB3uQbuLb8STP3USwOS4KVSqZf1OtFbXs+k=":{"valueMac":{"type":"Buffer","data":"Phrh5jJ1UhQ2ZAK0X4fvdAYlHk1vF3R1WjuGCYBwQ3Q="}},"aUP14dofm0QQ/RyMJwUmP/Qzh+nK8x2PcduTT2mXPGE=":{"valueMac":{"type":"Buffer","data":"wPxA0HNoBgcV5c/vT5fLs/awKgRGddgWEuwtNGtfmpE="}},"ajAe3pcXXTyO3+ONmjzv1bNt4ineT+rlJRP9jHvJFL0=":{"valueMac":{"type":"Buffer","data":"6pUtfsf4uDZMlfWFJjW9WjPYjYjNfhJPS6iPFO8EmyU="}},"a/gigbsWVOmq8P0REEIqmc54cPG6Zm1kt5kAtAJ/7qA=":{"valueMac":{"type":"Buffer","data":"6ydxcD9TBnV4eitkzxt5WK+4/pVEhSKFYGq9tovz8RM="}},"bHpkw0xvJL50pPNdq3C83ARhLL3xKbsM0FTC9FbRddE=":{"valueMac":{"type":"Buffer","data":"IZmGeTlOnWFBmrUYMleJNm6PK+MD40a7Xx9MGJhQ2+g="}},"bOci0BrWEKfRkmo8HRpp1UPaaLO1rHgheQWgDplMFT8=":{"valueMac":{"type":"Buffer","data":"2RiTeprWiRLf+MjQ4kaeDJZcwXuP6GdQkMiSsv8aWtc="}},"bQxuNYrPPjNDTUNc/RYuLYS0QyiIr3yS9kxChFcueeU=":{"valueMac":{"type":"Buffer","data":"RsxXf9vPCKmDZvO5necRQo0f986OFRVlNpJZS7fhjgo="}},"bZKDxdgznIS9R+9zgGrOxRp0HpXwgfDszA4IWot/LaM=":{"valueMac":{"type":"Buffer","data":"CbkTee2gMUi03K2sDSeUqHzppMFlSZcMK1JsN/Mcsqc="}},"bbKYADm5wxn/WKLnyzJBUqyuexRf8g74j51/pyLZY+c=":{"valueMac":{"type":"Buffer","data":"/vQrz0gvrChg01rzm0H8dMAk8F79cRcOiQW08tfW650="}},"cKN9GDSQAK89bxhcM2v95qJh5euXy8t2BTs8oJNJDsc=":{"valueMac":{"type":"Buffer","data":"691U348GarWuuCDmovPRcOk/TjEQuVTVwP1FwVXSTFU="}},"dOCkegWTvdj0WKPnILhaiFNKBpg6JRi+C44L2W9YHYg=":{"valueMac":{"type":"Buffer","data":"CN9674iuQtbFt9NA9lHguHQikJibsvUQn2lX7NOiVEA="}},"dnAM5AohU5f/C5eJ0YCDY/mRty1k6kdgIxQpaj+dJ+g=":{"valueMac":{"type":"Buffer","data":"Ie2Co3iOwNv5vz3qwaWk618LOv20PztwqZLwBU1Xe/I="}},"d2MWTNwf8i8Dn0dDgp7E6rEDtYJmeZLngw5fsE1RZGk=":{"valueMac":{"type":"Buffer","data":"yWCvJyzRKjMenAITd6dBt421UJglSyvW+ETA8Adst9U="}},"eElyOLwTeHi0K2OyrYD96heDNAA63t2ax6P6yGQ0L7Y=":{"valueMac":{"type":"Buffer","data":"EvLpYil3Mr/cH7QzxuBcBrD0RRh4tsocrTIoFgstl4o="}},"eZm/cYfYCd4h+WAOhbgW4oFHxrBQVGWCSDEb9mWFtY4=":{"valueMac":{"type":"Buffer","data":"OgeRabEW9HQBI0RhTT8xBVluQCRcpstoex/i3qypNvg="}},"emfo1N5QbTrf82jD7VyeOuUh6MBT3E+pLdCVcSSw+gg=":{"valueMac":{"type":"Buffer","data":"fcuLz/MxIM0tC8WVnJ0tKtTEX7zqse72BwbNaLLkiPQ="}},"eu1QXNhz79w5hiwYu738PDipSSKX88eo08ugwW43CaQ=":{"valueMac":{"type":"Buffer","data":"F8WDjzSmyt2oG49hp794Cok2LejNjkNv5jBFFeMMovs="}},"f7JWhhRoCIdFdn4/DOfAPsuZZi9PSA1nP+uwHp6kZl8=":{"valueMac":{"type":"Buffer","data":"UtEUiOYISlGMXPwmRHrBAwYFzK74bgiUYK/T6o+A0SY="}},"gBzLf1q0m9WUvLfJNpQ6eSr160Vzyx8pY3EBoMgb1/U=":{"valueMac":{"type":"Buffer","data":"uImK5h8938rPcb5LbxjFpBvRP+PDYeQddnW8GjQdaVM="}},"gcyUG6aB9XNY7lRXE5cOYWGtAiMhQwYM27AsiqmGQDc=":{"valueMac":{"type":"Buffer","data":"KoFBAwJpeN5PoThaW4Rf6qX5xW6LPei2kst8G8o6ZIA="}},"ggQfebJbhYr4qGpZxwQD5ARjTeExYGLBzj4GQTm776Q=":{"valueMac":{"type":"Buffer","data":"IS224GK8qINZCaQtk6anrs7ZjY3k/YH9S97H8HTmyyU="}},"g9ELxLS2jdW1eJf28YeSp86nSH70xXDOdLhj39V+REQ=":{"valueMac":{"type":"Buffer","data":"4uj5/D5xDh0a9GkeOnWUFa0edixbxTzhpY41WSOM8fk="}},"hZfC4RJZxxfYa8I4kK//UgrLe3V6FFvfYJ6YfFyBaCI=":{"valueMac":{"type":"Buffer","data":"k4BD0tau6YNEjiLRz3tH53WSyqkJjMXUlB8C5/nVyiU="}},"hj2a7Vh4/mz5mReQJyzHcWxWz4r1164CO+Bnz50xp88=":{"valueMac":{"type":"Buffer","data":"PR+djmZAvkMmAAlCTvN+TBPmTIMRH1a4qVCXZEXdqjs="}},"igXVioBJR6LMEUdaL9CLpVzITcsjbY5bXzU0+KHr9jw=":{"valueMac":{"type":"Buffer","data":"Tcauw+vkBUL9+VcShQIu9WSOC+bot32ht25c7uB+mBo="}},"i3Mdhy8R4drvwxPm0hl1rolMBEaWmJPJCekiHZHTjUQ=":{"valueMac":{"type":"Buffer","data":"gHSSDf42b6MKRL60i4q3vBaC8InkOVBxrSViejbiP6k="}},"jJiCj1xtAIqd873rL4tzb68QWAQPscd6iyuzHSYvQic=":{"valueMac":{"type":"Buffer","data":"/nWWxs+YxrrBza20uYkwjldCxIVFSPRJktjnieCWkwk="}},"jTD2OEoccS3FNgkdgVUAJCj113vcKz/P/1JToGbfb3g=":{"valueMac":{"type":"Buffer","data":"j5d0a0Lx7thdjOdJ90oJHsxDmS7OcZ5SJf+VQEtbqDY="}},"jUklvs3EZqAuFK57s5G8PLd2TLiiWQY8Af0mz2qhUiY=":{"valueMac":{"type":"Buffer","data":"da88J3fEUkspEkyjGLfgb/KX7Ge1tJc5d7beZUqkCzk="}},"jhKb6I8njNKDD39SbL3630dBfDnHBA4lJAHoyXmkpUE=":{"valueMac":{"type":"Buffer","data":"L55i/4mXsVZ46XkA86eUXA42D4l08INWguqaK3cP3Sw="}},"kPGTTMA8JUh4tC0SiXOSiX/4uGIuo1mbm2W4pPkBKMY=":{"valueMac":{"type":"Buffer","data":"3qGceDoRGs/P7hMjioKgfKxQEjE9gWZxuQhQO7ssxL8="}},"keAT9GLBFmwV+3c2Hbm+LlnQz9wqXFrzGCMWLVK2Bgw=":{"valueMac":{"type":"Buffer","data":"hLNdPCTjzJNe9OEDg5xm04R2eUjDraTV4gFAnK2c29g="}},"k5OxZpSmhnr4UVVIhtEzLA6VHIQUa5awuKZb3m7D25c=":{"valueMac":{"type":"Buffer","data":"ffTaqW+hPUBaFfvJJN3A3H/mblWHFgRV0GRuyeFa9m0="}},"layaHLeISRt1NkkvgmNIJUMTMLSRxR/qHFpU6BKn+dE=":{"valueMac":{"type":"Buffer","data":"W0mOGSbbEKCCpc1FsU78N+AXQHDfMu0AuYixzma2vkY="}},"lpIHzCnt/N58BYvnzFHLoL9jE7ZLRm6nFZyH2ZyIOYA=":{"valueMac":{"type":"Buffer","data":"ofBXTxcRczWXkQb36ePhkxBQNeIgVBVT2YZIAycXGe0="}},"lrRS8XObIlJgqqoCCcLXwcSdXEGGqiTC6m1vkrduTL4=":{"valueMac":{"type":"Buffer","data":"zToSu5JjRp9CR+dUxvHl/NfkLEHbErIbEzJcQWC5RLk="}},"lvhgSuB4V0mNjIF5Yoz/S/K9D2ObKv1DujEJIlW+uOE=":{"valueMac":{"type":"Buffer","data":"SnooTFqjLoWww9eHDq+0+N5s/d7ZAJj1Wp6FiqYrraE="}},"l1dFmG0d+HyCE58tWaDxNxhYL1nRmxo9XcOosuWQVak=":{"valueMac":{"type":"Buffer","data":"XuT4i+wXbyUd0OudLHwMKHb1b664246m08lXGD/YEfI="}},"l6Y6JIHLFtQ5bAmWp559n18ZUYQvvOibepmV84tafBQ=":{"valueMac":{"type":"Buffer","data":"7xFQj+IFpYTt1t4wo0Z77mkQWW9+ef8EMKyhVncHQiA="}},"mayBG2endUCH98GefEddi3XqDiX9TP9unJFpjnAbP0o=":{"valueMac":{"type":"Buffer","data":"CiFQgFgMuRvFqVgLSMcdECYdOErihkXVlSBvvp6EL30="}},"mjezhD1uHMEDJxo63hIIgmBBHCMa4qD9PGIFS+VfsoY=":{"valueMac":{"type":"Buffer","data":"/VrYHkWlvUff1QcQsa1pCzLmiinnZc2u5OhQBiTSJBg="}},"muluRQoQxBfWZr3CZf30pLajzSfT/nuWAjBOTDnPNH8=":{"valueMac":{"type":"Buffer","data":"0Cg4kYJAxhEewhg4M+O0gP+qGeFvajNvPLZYOjkBUyg="}},"nDZ7CD8O/KhRoVgdp8+ZrKII2JCldOOjr+A0jTWj91k=":{"valueMac":{"type":"Buffer","data":"VvxJKdZx37JTr6LGoTOsN3oT87o63e/LLZBIzy0Nixs="}},"nXLd3Cz1TqCNQF/IJugYrUrN7OHPyYfgK8STu2gB98o=":{"valueMac":{"type":"Buffer","data":"F43VOPVVkzM3x4uvcG6fBcBGWi6sZu5h3Pc7pOSK4us="}},"oxMQHwnV8QwVIaRDVekttNeRLdBKZ3GqF4NByStph0g=":{"valueMac":{"type":"Buffer","data":"/Y3UxA6gfdzeRFST7Mow8StsmAkwU3nBbv52648rssI="}},"o+9dGVmmx/2O9bgPOVQ/MkjbGRVdhcH1BPEvGc1L+Uo=":{"valueMac":{"type":"Buffer","data":"Oqj2ktt6vJ7tVIdj5HK4KqwsMtqFhAc0nIqpojezsqs="}},"pFBnR8M0KGogm/Tlc6ygQGsgqGFVp2Jm7J+CRBkdy38=":{"valueMac":{"type":"Buffer","data":"HXF3SVmiZRhHGSoUxoxk7jTwUFzaipPDYRMx6m9CNuQ="}},"pMWwCxV0yMYZOX1GIqhFVrwUYp2hR9qNcGIbBOaunNQ=":{"valueMac":{"type":"Buffer","data":"puYRYcgQrvRwiYF1LIQ7jfASt9A/lw0O2HKoVjwRYu8="}},"pqkxfR2VLH7H2JodDekvEU0fMYYMXo7UCWRUT07Iso4=":{"valueMac":{"type":"Buffer","data":"NGC3RoeTF9KWIRwZH0UUuPOifD+6KN4FRPD/nZP+bYs="}},"qgWHb4uDkwU0eMDIkazOta/0syAFQMWk01ayAUgvs9c=":{"valueMac":{"type":"Buffer","data":"1KhAEqRX9bzLX6rl46wzBnnyD1nFZuVZDCH4LNU09c0="}},"q4iiD18t5AkGsbmB3OvOBm3U3fzstA9ASXbum20d+tA=":{"valueMac":{"type":"Buffer","data":"MmXPAXAVJQ6ElFfMvaCVhGABvQhvSLouNmESjmPvRU8="}},"q90diOJA0aGiIo0QEVC6g4cV2kv2bVFdeDEOo0LFJLo=":{"valueMac":{"type":"Buffer","data":"SjYN+QThN8LTfGPHkeHME2TCPyud6YlRwqaAatDvNok="}},"q/KR31Sw+Jlw8F27oiBNc7edsix1IO+9xjYHWea+cpg=":{"valueMac":{"type":"Buffer","data":"p0OztmFxq284H/gPp7JK+RUddRezz7CMqFymyRndU58="}},"rL6dyspwk8lys1R/ykAJ1qnLV13K5TDfwqOY38j4qPQ=":{"valueMac":{"type":"Buffer","data":"vlllT7sBUqIqkIhKE4yuk2xzomXqPwymnG5N1rUOsiY="}},"rND6xltk3nXr3eoXrp/ZkGTvQT8ME06xseBZPgvhOJs=":{"valueMac":{"type":"Buffer","data":"poEdU6ddJNEKUbDbckpQszf/N9ycpbNKIURexJfw98Q="}},"rbMoWI+9RtQ0NoSSU1+l5WTXQVAZYy8jxMEKkvHs3eA=":{"valueMac":{"type":"Buffer","data":"NrH2eeUEnoC7NmGHVTkZfLwT8Y0hOEsD4y2jbL8+QTY="}},"r0honno0SBR7hnpsn4g4dC/9z8OPJ1vLB2xH8J5QdHE=":{"valueMac":{"type":"Buffer","data":"qfEB4p+Uo8Lb0VRDBRjb5Ixaz7botWjlCo1PNuiLrq0="}},"sCGynG+bTZQWzwdLkDbD3kf5FAtZJq1VGM0mrEVOAlI=":{"valueMac":{"type":"Buffer","data":"B7/dudPLwUhqo/bK1UfO6qWMNrBOwX1H2qnhaup4keQ="}},"sQSJgTQuvXtnB5OGFM/RNKFDz0+1skpzh6zelsePdmI=":{"valueMac":{"type":"Buffer","data":"l+8/TrGDHd9wKJyFJXQpESft3bNWiTH74rF4o6T3lsU="}},"sg0rDZ/5+x/3k6CSMIsEF9J6iX+O9zLcDji5dQ5729I=":{"valueMac":{"type":"Buffer","data":"aRTnbuAl0oqAAqM9FAcEI33GJVr549bF390WB1ORZfM="}},"s9/NBWtC/jg/leF8gLhufwaLP9WhQ1zbPd1V9l0DUmU=":{"valueMac":{"type":"Buffer","data":"UgGeFOeXAVsCwW+ZlZVcgBc8+ulXy/E8HLhSd92nycE="}},"s+zPlO20GyogbT787zydBez8XcC2/TOIDbsDBg8Xw1g=":{"valueMac":{"type":"Buffer","data":"i/z5vzEfjMu0XdYUttMQyFIhqwOMYkpRtWmvRzFSAtw="}},"tFZkDab0TDfxV9CIOIGOhrA96hBj5zaGwLOK804Wdho=":{"valueMac":{"type":"Buffer","data":"JF9Zi6vvptITefozO7hzDCIbMxIg/4Bkbr5gx2dvZ5U="}},"tjwvGpqz9Fj9Ran7Ol4oidO07veJueil/yFDiJgZwqo=":{"valueMac":{"type":"Buffer","data":"fX/pq/7PYGGyJaYrLwFsHuKbIiDChlqiKqPepfUBW18="}},"tz+3uRw0dqha0+wC0p8GFOVUZLOEohN6LTcZkWh0LlU=":{"valueMac":{"type":"Buffer","data":"fr4vpKxy9gFzvODjTjcbCDOBy5tVr0ZRn08oKoqdrks="}},"t1d89I4hxQLta2u7jVeLF9y9WBbyWpnLUVblUSRNTUg=":{"valueMac":{"type":"Buffer","data":"nG6OeJELVcWNHE4y7KZt9b8+spLEZG2sXLRNt2RFEG0="}},"t8yhZhW/PLOQWbfyHN5jVBuQ2nCkEFZZp1jF4raJgiE=":{"valueMac":{"type":"Buffer","data":"UDE4ycNQTEonH3Iwl6c8WPeWC+84dvw656Zu4X/0Hxg="}},"uoEEw3UmzfT5BufNt/vAKYlUxj8Spe8E+p6SGlkLYTA=":{"valueMac":{"type":"Buffer","data":"l57tHfYOBG+hEweTISIEacQuWrHbwNlbtoMRNh+WpDQ="}},"vHW0+0jGgzwrmKkiCyZlxWQUTnm3pXd1WjRMrmAqgjE=":{"valueMac":{"type":"Buffer","data":"+2vr6j2eJ4q5JGKy6OLuBJUSxFeFqsQkfmvWqE99qhI="}},"v0LuUU50h6/UDlhoDUmyrKLxq367bHu7g+Eif6xPzzw=":{"valueMac":{"type":"Buffer","data":"usBPamrxDDooEmPSwhsYW8WNxJEhi+spMJsN9vCWkOw="}},"v4YVzzWP4Lvf7K1YZCuQfSsKHUqz9jiE8Ohbp04+fI0=":{"valueMac":{"type":"Buffer","data":"wbjI0xTEiC1rrsS6pgGQ5en4J0zyR98eA5LFLpAHUSE="}},"wMbYFlICUMuR8L8JqZF0jEyLHrDnzF8KyYuPrPQ8v2Q=":{"valueMac":{"type":"Buffer","data":"WV1H1w35i3UlB+K4X1TL+uCLJL360jynuBnFPNDvDso="}},"wf7yt2cF8RoDL6jpWPk+bD22g0c11pVF5eILeDXPKpE=":{"valueMac":{"type":"Buffer","data":"3J7+9WUKcu4mLYDmlupGTZ2anpnnDM6i+FwYxPfnk+Q="}},"wqsqh3KyQ3xn75GZYJGTPrF9RC8qGXG/Uq00eFdFaBk=":{"valueMac":{"type":"Buffer","data":"Dtv3tSZ6RM4K/snN5/nIUlmB4jefjp6tUWk3lIgnY74="}},"w9bhVpTv+QywxAhB0lEa/UaXchltLslZ7bfYR4uKx5Y=":{"valueMac":{"type":"Buffer","data":"uM+aw82gS7fP5ljPuKOvQJ61pPv6wcQrtn7KsbhVdW8="}},"xA3ONcI5M1fD8br4jtb4DLZkE9GB1xwiPuv5k2GENxA=":{"valueMac":{"type":"Buffer","data":"1RGt7VC3vBTIYdH/3+yHwlpOJniHrB/6oBLSveQlaZc="}},"x6i70R7ff+XLBg6znQOWffEDRK01UEIRmkTbhZvlnvE=":{"valueMac":{"type":"Buffer","data":"lPuic+qW/WJdBpJLExZfG3hKyZNWk8nj4QQq8l1FvtU="}},"x6+YTROIJzPMOV7a2gKlixF1JpCVIqIC06ZdegXABTE=":{"valueMac":{"type":"Buffer","data":"0TASVLZ9hGkfXYZ94+TbCwq5joI9V9Y1Nl2HNwdm72M="}},"yJwYoJ3NKzuA/OOkcX+PmoEFVqkAAXGswTBUKtHZQFA=":{"valueMac":{"type":"Buffer","data":"twni2FTrPRqgyZvV18mty5FSzfVNSCm354W5vragpzw="}},"yOmkN3QMZATvpCh7bA6DK1W5pn7nyRB7lran/u8tN3I=":{"valueMac":{"type":"Buffer","data":"RQnamMF2y0eCj1hI/1FfwlN1RZAWBW17RalVeU1wfn4="}},"yhpFzSD9UQWo7sHxSIdzt7xxEgIjbKvhL8ZZumXgic0=":{"valueMac":{"type":"Buffer","data":"33w97WMwBwdZGCyurNgNnGOx+YEUvAy9VeOfm1kFIDE="}},"yjxru3WWAg6OZ+HBB7ZXFx06f9u2HwS/8cwIttRt4ak=":{"valueMac":{"type":"Buffer","data":"4ui7yDp3jFxnelhUBrQ6z3G4qCwkNMM+Mw9BJSAmdR4="}},"zIM1lokWIE8FGQHWa+eXvhaOWQjkg1OOWdPa2I9LWRg=":{"valueMac":{"type":"Buffer","data":"tpIPmCaGb7bUoYqXg6LaZVZ4zpgdTidRUGN8T+5CCxs="}},"zPMFORjNpPS+cE+F5GjR+uG9qWx/8L4Wmg47XzdSSLw=":{"valueMac":{"type":"Buffer","data":"KkYKktevTmTTFOj+H9gc8mHu3ZoG69z+GgSxTW0/WJU="}},"zbAG1M4RTAli6GAweTAx3D8814GbdjcPGuUoF+8LlCE=":{"valueMac":{"type":"Buffer","data":"IH8ymCBVv4lUBJJu0T1VuH/iLVn6/dxEoKpeqfx9gGA="}},"z81G4wo0FhA+7UE+CXO1uxE8OpYsWeZVllgVb3w0oHk=":{"valueMac":{"type":"Buffer","data":"y6BWsIbRDkyKFVFX9nJrDONF3NqSqQQp4pLtSs2WeGc="}},"0HchbhVGNFGvyhlYP5mugbgwC25DkW2T6r81tvDq+Rw=":{"valueMac":{"type":"Buffer","data":"dsBlM3Og2dOI62S3yjh9HMg9AUEqjuy1r5B2zZQG3MU="}},"0rCwZhqTqXSfsRoUIGHvAZPHVm7tQbV0pG7aziDjlMI=":{"valueMac":{"type":"Buffer","data":"G8cSh55Y6Pp9oUQvhdULmLxZrOngN8pFaOmNUnADCNY="}},"0sxEk9qLzvgVL7qVAXegyG+w46rTbSdi0SFZWKYQwnI=":{"valueMac":{"type":"Buffer","data":"RengCFK3+kPxCyn8HelFiWU5xNNMauPhX0ByY+s1DwE="}},"10/cuZUN892h5b7tOK/0obyay4HjwbeGK5hMccAW110=":{"valueMac":{"type":"Buffer","data":"uyNvCQA4z4N1uIAvU+8bafTswwlgk4sO61SvEt5Q4vY="}},"12HKkmTTGvSjJNRc10JKMnyHcSwvkoIkk6EiCNqDWbU=":{"valueMac":{"type":"Buffer","data":"h+FpG4AOfR8CRTHVs3YC1p6ag951qjQUzO4EhNnAWOU="}},"13yeztv0sIT1L0mv0o+ogUdN0pZCZEbAw+x7OMcnAWg=":{"valueMac":{"type":"Buffer","data":"N9MQJWbefefTAUtIi3e9wShFWegcSm6GvHjSnTAAN/Q="}},"1+xml/QPWUiWGFR+o9qeR50wSIU5K4yWbEvsJSTtg9Y=":{"valueMac":{"type":"Buffer","data":"zsVxQ6NZadEpKY2qJv5gKrDcwlREEigict6qSGhW8Ow="}},"2ELbP3eHtZpkrs0bkrdhgn4YWycRK37LExBbjkpeaK4=":{"valueMac":{"type":"Buffer","data":"cwWoOfu0hEYc30MTM+8Tj8VABSssClUNCHIbpgiJBBY="}},"2Yq5J0HBNIsZZoJzuwp8TUeyhBaUWHM0D1C7HwyOuJw=":{"valueMac":{"type":"Buffer","data":"WgM0ytZaVp+4jOOziWUtIdrVO06vnmrrybicGn39uwk="}},"2o6S242KrEoJ631Tem3Y1uejRPcUen/zxv3RiwxGQVA=":{"valueMac":{"type":"Buffer","data":"A5Pmm/Ma0Vp7DdmATVAF7EuFfcneDO2H7A6GoU79SOM="}},"3YHiZ/IQJtfLSIpaUgy45int+YKNxRkUOCv/P0z7/R8=":{"valueMac":{"type":"Buffer","data":"qS+sEfZYeQxgNLEcFR+6SS1y1uM/6AwdLdfe267uv9s="}},"3inUIS6YLgDvIeQCNHWSrbVGUiTQwdI8RgL2CmOxBmQ=":{"valueMac":{"type":"Buffer","data":"VBy80bYce83n9zS4ChTUPViUiQntpjIrmNquxqrDiUc="}},"3+6DVo3xPZTgkF5wJGMn9AtrZdrr0RBK53pE1eACcPU=":{"valueMac":{"type":"Buffer","data":"3RTGbcdGzetUmzJNOaIw4Bjpn2tHRBxFZG1iJ7uuO14="}},"4bre+DJR7uVfToi52j6Qrk7gJm3wn/TlWDzJktC/zCk=":{"valueMac":{"type":"Buffer","data":"SAPaQgj32RMKFpFPaNkykmwOokDtm8qZE/rsG9Kmyr8="}},"4cwK1Pw7VSSxYWS1mTX6VsoQmx9MylCvZDf2aiwAWjU=":{"valueMac":{"type":"Buffer","data":"3odbidSLygKTAW7WnDD716OY80HYecCvw6tlxZ2Y0a4="}},"4wGQQje8V+Ezdfg3H5i00jOpfx4hqeW+TwXyRF51EMY=":{"valueMac":{"type":"Buffer","data":"CVutd0Iui3+wmQUJbq4da40/hEVQFzrladW2UiApkAU="}},"5xjqmAP94ss+pTo8Tr0zi7R9e1KPRS2plyTbus+PakM=":{"valueMac":{"type":"Buffer","data":"i1QOweHEtrbqGxehWOZMyV6diNO0Th/BrkFiwOzhTWw="}},"6YylnKKEn/bTBd+S1Yfdwf10BguxtQUuKYvx43bpYuw=":{"valueMac":{"type":"Buffer","data":"nSIXGIigEZ5BX7ryfdP3xEqbS6pGyvgeN8CMnKptbtI="}},"6cfqceMhNBmN30BxG2WCrIhwo3gPr+aggou4ZcdzoiY=":{"valueMac":{"type":"Buffer","data":"gFiV1FncC4IIaVvHQDoZ64jRMrOjmjpU3Ey8U9qKhew="}},"60hwK7BMLrAwPqpizL8Q9a76rnXuHOaLSwgBX8jKGz4=":{"valueMac":{"type":"Buffer","data":"QOonB+MUOELffYS8GdSoFCVeezAv+MbRLQkv0APFIKQ="}},"67sTBdNkfDjQnfsZLG66hQYMUu6w5lBKSOW2kJEDjvY=":{"valueMac":{"type":"Buffer","data":"wrUtnOb32CB47hPzYh+/1oLudS71A1CScmTp1C0xMPM="}},"7BqZOjCQilScMURetGrq7Vfv79O2auy+U4rc8Vz5cB4=":{"valueMac":{"type":"Buffer","data":"mINGj4Jydrc2+ca/JxfVvXybFI4T99JOJWlaX3jMq6U="}},"7RHLK2njRJghZPXzNwALklPvn5kBItp5w0N6hmESXo0=":{"valueMac":{"type":"Buffer","data":"ZXkC1zia0r/Q2q3bgexP9f2Hd4gSQ2LBC0kvOZHbCbk="}},"8CGBPQdSMMiPxJdO/KuDul9ufEucnIplNbP4MLlkKBA=":{"valueMac":{"type":"Buffer","data":"jvwsdhVjzO+JrHBSAkziqcrd8O3XC1YLtVS9APKvNmQ="}},"8E3w0oVl0yenoptGeObi1KeTPBLiaUQtBZpbsAiQoYg=":{"valueMac":{"type":"Buffer","data":"SA2z7Zl9HvN/Kh9JB99VYdOTag0FD+KzeWtR0UTcZAQ="}},"8ZFfX33DnGyCxwAHvTbDerbd/hLGdF0nuXAfEulCF1I=":{"valueMac":{"type":"Buffer","data":"VRzbf58AGc3TUYz8CPSyCW46VhQPrZyqkevwjqmPemQ="}},"9JNuqtFvv2Zqr2if5uHxo1U++5R/VSmuvMFojHke+WM=":{"valueMac":{"type":"Buffer","data":"vdavsDk/BCEcchVQpDRFYRxH56AKOhtU/a2xV7p10Q8="}},"9W1q4yS9dLLYUJRxZ504NkAO7PCaUp0MuCnGAeqSU54=":{"valueMac":{"type":"Buffer","data":"bcrgEY5uhKGaG/CcwsI/4PQ/DCT60iWyrHaKP/AFTJQ="}},"9chh4YME+cluj/Fq2BalyjrqFHSVV587z5fT/kZUNPs=":{"valueMac":{"type":"Buffer","data":"BBuiF/xApw87wsyWuLevvOEcqYdCuM5juSBgBgGoO7E="}},"9xSPE0h1Hwg97SdYDqLxryGPdQKM9XoHbRUm56wQHII=":{"valueMac":{"type":"Buffer","data":"vZnly/GnfoyfbPUSGNGPoqirS1bPb6V5oVCCHM20Bu8="}},"99HbDv/biQgLYsQf7T1wLlNpKaVEENQEqqLoTKE30Gs=":{"valueMac":{"type":"Buffer","data":"kWWtBaOFFHR/VWY7XuyrosDtPUVc6H9yQu/EBHQgspM="}},"+DhEmXvaxGtmwckeOFh/yZpozv63M/vG8F3Ms0LUfuU=":{"valueMac":{"type":"Buffer","data":"IPNWm8kCHw8by1Erlgghr5PfLinU5F6E0NTGpn1m4hA="}},"+Ktg5ZP1dRr0zZPGSln+VVJul376iaeeMMpWVSxvPD4=":{"valueMac":{"type":"Buffer","data":"QYy+u4Lkt0gf88OFCl+5XgyeqyCrkfer1POeSPJwHTc="}},"+fsJcQyczmS8SHy5Ut0AI1kRCC4nis0sAUyx1VpvNfI=":{"valueMac":{"type":"Buffer","data":"gcUKcqV5fXZDw4MYcN0HO7Wx7oM2vC9GuxmY3QwvLXE="}},"+gHDJDtzxdc6MK4ZIdVBMwiHNlBqes+ZVaWD2a2ejlk=":{"valueMac":{"type":"Buffer","data":"YhRIO25NNJ7JsGcupLXDkRBnhfHL9J+6xc7I7ZxgJww="}},"+qmpt1XL0Hx0nwAJKpChltg122pIkg8uqmYqUaCDwNA=":{"valueMac":{"type":"Buffer","data":"Z/loMWWIqVg7NMYb0cwFwjfDM5rRxW2OtBSAJ0sQi60="}},"/h+Taz3ebGbRZD5t9IkLE3o6FgHZfVXVCPGF2VlSr4s=":{"valueMac":{"type":"Buffer","data":"J79J/JRvtR6hKwiRUXAr9yjl6NVCXWNaGpZQb10s6i0="}},"/5QIl09QDMe4RWwnu5t/D3BaWMgAxb751VAukKnD0C8=":{"valueMac":{"type":"Buffer","data":"3UircacaMTB6AusDs5pnILYfPMp6O0oygqSib2MUNoc="}},"/7qKpQdGqAPRQCl9faLLffCVoejnJdwq0u8cGJRXM2k=":{"valueMac":{"type":"Buffer","data":"37UX0RGqRc/slJ8VBzM38ZWqIn/t0aP0Y3AXkXCcOw8="}}}}