{"version":1,"hash":{"type":"Buffer","data":"W044Trh1//+zp11cpayC0gwsJy/3jMDtnpzt7d52ko++fJx30lxeRy7BPPYupYN6hXDmlV9Ppeg+HlfZgqtq/Da68EBcO2KGhaPx7hABWjpvdUFyA1eJSI1ZCD55p1bmZ3FW1VJLTnrob3hjxpn2yH4f95OyygET8iktopc462Y="},"indexValueMap":{"LoFviebfmBKN54RpeW0wVGt1t/HWTFaE223UiWdnxhQ=":{"valueMac":{"type":"Buffer","data":"yrmtD5cEOkDVoYV6nvwFDTSYyscYjIp1EW2VYbBD2HQ="}},"ZNWAlGnX6whbA3NqX7OvkcvdeDcSr0q5oGV+gsucw8I=":{"valueMac":{"type":"Buffer","data":"viMfi7Fp+eOOyBOghvVQOYqdNGKySyr5eZodrb7DRsE="}},"cCoDZx1bd3ySQjF2i+mND2lWj0m7LrRSdDHvP4EYJnk=":{"valueMac":{"type":"Buffer","data":"qae/v/wywNFkNvL1/gMDCaudxFR/Kr3VsR2oxW3lXM4="}},"5dyFONwnxOE0Y1/r/JrHjr7YEJJdH6hvNQ4THETJdS8=":{"valueMac":{"type":"Buffer","data":"mNzQ1FxG2APGJB5vsh4o3sDMS2xsjRE2ovxd/vREeOA="}}}}