{"noiseKey":{"private":{"type":"Buffer","data":"yPivLeZRv6CG2iEP9+kRo4zw8ARe/cXcsLFDoWmzTWo="},"public":{"type":"Buffer","data":"TOxBJj5JRoRXRuQlm7HX5h91Ptusm1/8DDyVeEfKkFc="}},"pairingEphemeralKeyPair":{"private":{"type":"Buffer","data":"GMnR0leW81fwvGH4f5DnHe+VgfUE5kDqQ1Bb4psd708="},"public":{"type":"Buffer","data":"UewjtAyvgvjDMAwzAwF+ld1hLI5xKxcaiXomUpxYZlg="}},"signedIdentityKey":{"private":{"type":"Buffer","data":"aJpXlAMEAF/o3ajkAHdjFgXqTgAOZ71Av79/E3r0QlE="},"public":{"type":"Buffer","data":"Z4k4l6FCtJHCnq6MCq9cUkftY8fDx9wiXvVMbgROaUU="}},"signedPreKey":{"keyPair":{"private":{"type":"Buffer","data":"iEtnctMOhsdeZd8Pul6hOHEIkieiqfv/BsWpXVLaz24="},"public":{"type":"Buffer","data":"P8O6m8XuZChAFPEzg02Oqjvy4EmykNK6PQnIOBaC4CQ="}},"signature":{"type":"Buffer","data":"ddBeO6kVMvi1Rd4BnQ5BcfeH+1OEsuQhMolr32I443A3qmR7bxAdA/H1sHBhpRTzJWSvqTrp+3GLCtAXKegJBA=="},"keyId":1},"registrationId":16,"advSecretKey":"sNQYOEVqDQQKF6P7ZSF57mmbSV30T5mUqhNh/ZXkMQ8=","processedHistoryMessages":[{"key":{"remoteJid":"6285748733559@s.whatsapp.net","fromMe":true,"id":"61C46563E370B3CE8DE2EA44ECB01C66"},"messageTimestamp":1704364741},{"key":{"remoteJid":"6285748733559@s.whatsapp.net","fromMe":true,"id":"B75D8563ABF2B15059A7538F33AA81E9"},"messageTimestamp":1704364741}],"nextPreKeyId":61,"firstUnuploadedPreKeyId":61,"accountSyncCounter":1,"accountSettings":{"unarchiveChats":false},"deviceId":"-8hEuMZRQ7-lulDE53nnDA","phoneId":"45b591aa-9f18-41b3-8c53-db22c5aa73a7","identityId":{"type":"Buffer","data":"wxQ1GIPy/FJmx0NSSCj572oa1YY="},"registered":true,"backupToken":{"type":"Buffer","data":"3tJWsK/MRk277NdRwi/t6134oQY="},"registration":{},"pairingCode":"XJR2ERGD","me":{"id":"6285748733559:4@s.whatsapp.net","name":"WauWiu"},"account":{"details":"COvfqfEFEL6V2qwGGAQgACgA","accountSignatureKey":"ZNYD+BSJ28Mhrh13vmi3dmyr71zcAoGZf6ycYkBqdyc=","accountSignature":"T6lRPJaoWrsztj+nllwxpYiINM/KwK7ApMqRD2Du/rAmy2i0gYwMmojZ+NsN3yk4/BInaacf0cA4GXoWEP4iCA==","deviceSignature":"3msvaYtUXdw5gBkr1VuyqS/8YJQx1qneCnVtIlN3GVp6X2j7CVV3eFxa3FtdnJdsb6zzJ8nZvhzxrfUq0XfJDw=="},"signalIdentities":[{"identifier":{"name":"6285748733559:4@s.whatsapp.net","deviceId":0},"identifierKey":{"type":"Buffer","data":"BWTWA/gUidvDIa4dd75ot3Zsq+9c3AKBmX+snGJAancn"}}],"platform":"android","lastAccountSyncTimestamp":1704365584,"myAppStateKeyId":"AAAAADF+"}