{"_sessions":{"BQgV2vWmS1cJ4fNApp1VZ8LoEBBiiMEE0G9I5ApHx2MK":{"registrationId":2146018682,"currentRatchet":{"ephemeralKeyPair":{"pubKey":"BWhyKk1K8y5EYiodWge1nbDAIUMjZGSasV+2MLcnu+wr","privKey":"oAdfMhYh5mGurRkR3VHKdqEY8LGRk2Tf3hUqZ70K2nw="},"lastRemoteEphemeralKey":"BcbHcJIUOAJRHanjhr1rjaghPQ4WChKI8zafQOoBJMdh","previousCounter":0,"rootKey":"XKzVrAygj+zPYTihMLAWatwER2HsbSPeRWVCJ6oeCVQ="},"indexInfo":{"baseKey":"BQgV2vWmS1cJ4fNApp1VZ8LoEBBiiMEE0G9I5ApHx2MK","baseKeyType":1,"closed":-1,"used":1704384025963,"created":1704384025963,"remoteIdentityKey":"BTej7PNGbATLd5rmkQ2cQ7I0Be284jpRcaHx1G6UzlZc"},"_chains":{"BWhyKk1K8y5EYiodWge1nbDAIUMjZGSasV+2MLcnu+wr":{"chainKey":{"counter":0,"key":"O52c1AR+leASgdt36jlJfg/nYCbuID2z5XJrmmn2bDU="},"chainType":1,"messageKeys":{}}},"pendingPreKey":{"signedKeyId":13,"baseKey":"BQgV2vWmS1cJ4fNApp1VZ8LoEBBiiMEE0G9I5ApHx2MK","preKeyId":567384}}},"version":"v1"}