{"_sessions":{"BbJQtOcKn9qdDeooG7+yRvzdWclk1ZK6lppn4cZugi96":{"registrationId":162,"currentRatchet":{"ephemeralKeyPair":{"pubKey":"BSb1wQUULDfFTtLPvuk2g2tsxqWqAWKhdJqnhxIj+OJj","privKey":"0ABkSsts47oGOi2kv6CmeC+SLNWoRA8huqEyyOyVVG8="},"lastRemoteEphemeralKey":"BR5OVs8u4Rml7X0vjxUWXmCI5U3CDMLAHCgSg54IhSdH","previousCounter":0,"rootKey":"LfqOxTJGDHFL19/bUkibf7Db9WrcUz60RB9fTkLKHzY="},"indexInfo":{"baseKey":"BbJQtOcKn9qdDeooG7+yRvzdWclk1ZK6lppn4cZugi96","baseKeyType":1,"closed":-1,"used":1704371622003,"created":1704371622003,"remoteIdentityKey":"BVFige7ywwE0Rrhhn0KB3qAPUC2RfD41DG0MYNu7gA9b"},"_chains":{"BSb1wQUULDfFTtLPvuk2g2tsxqWqAWKhdJqnhxIj+OJj":{"chainKey":{"counter":0,"key":"YiXHTWlZ5XQsHlBUTxleOHHYD+i+QMWcFF8WfW+POAc="},"chainType":1,"messageKeys":{}}},"pendingPreKey":{"signedKeyId":1,"baseKey":"BbJQtOcKn9qdDeooG7+yRvzdWclk1ZK6lppn4cZugi96"}}},"version":"v1"}