{"_sessions":{"BV3OdTAHQ3X/SlIhpgN6R6QNY2xsdcSyeGHLDsNK+OBB":{"registrationId":318105446,"currentRatchet":{"ephemeralKeyPair":{"pubKey":"BWwa6D+yjIlgdkfcyURzeqnIWCInJdRinP1ykcrHk3xB","privKey":"iHJPncUnGrZCG1CYlolmTtA+X9qoT9USYPrk0IKWB2I="},"lastRemoteEphemeralKey":"Bafzsp3e3NELfjHm7Cqsa1YvU57n318PPXOUiehuvWo4","previousCounter":0,"rootKey":"LF36qqzg3eN5xVnHpH+kG9IzPRVAeCSd6e4g+bolZ7c="},"indexInfo":{"baseKey":"BV3OdTAHQ3X/SlIhpgN6R6QNY2xsdcSyeGHLDsNK+OBB","baseKeyType":1,"closed":-1,"used":1704364780005,"created":1704364780005,"remoteIdentityKey":"BY0vqRkjK1412P9R/yF5mi7ehxDR+5GTJ9QpeTLar+wt"},"_chains":{"BWwa6D+yjIlgdkfcyURzeqnIWCInJdRinP1ykcrHk3xB":{"chainKey":{"counter":46,"key":"zNsInW7No7I+Ov7YPLZHvLKShxGG3T+6dHcGoWPCUAU="},"chainType":1,"messageKeys":{}}},"pendingPreKey":{"signedKeyId":1,"baseKey":"BV3OdTAHQ3X/SlIhpgN6R6QNY2xsdcSyeGHLDsNK+OBB","preKeyId":13647348}}},"version":"v1"}