{"_sessions":{"BfhpeCquY0VJII6FLXrgsMJqzGIbzCNT/DYUB4R7CGQl":{"registrationId":1527376984,"currentRatchet":{"ephemeralKeyPair":{"pubKey":"BRRcGNjMzwtDRRwrUl3pS1o+jUgTTis3g+xTgjHPlu9o","privKey":"0NHc4e7xHHtz7D4Acg7lo1o1X7/M46oVi+rua5r0PlM="},"lastRemoteEphemeralKey":"BamqfpknKI6l7OcMHzeSB8tE8EQyms58p5svppoAMTp3","previousCounter":0,"rootKey":"D8uoR7xfvB1J75hca/WOe8Bnr0XSI6c8o0p+8/uH1nI="},"indexInfo":{"baseKey":"BfhpeCquY0VJII6FLXrgsMJqzGIbzCNT/DYUB4R7CGQl","baseKeyType":1,"closed":-1,"used":1704371624121,"created":1704371624121,"remoteIdentityKey":"BaeLHtjNq8Cc0mPlTYVcfcYh+OGI5w55xapal7/6TbF3"},"_chains":{"BRRcGNjMzwtDRRwrUl3pS1o+jUgTTis3g+xTgjHPlu9o":{"chainKey":{"counter":0,"key":"+h0qWzLGXvfjFD1aGAo+L9RSdOg7MEDCwU8R2HIiVEw="},"chainType":1,"messageKeys":{}}},"pendingPreKey":{"signedKeyId":0,"baseKey":"BfhpeCquY0VJII6FLXrgsMJqzGIbzCNT/DYUB4R7CGQl","preKeyId":14772905}}},"version":"v1"}