{"_sessions":{"BV7GlAwcEAEipxmJNn6qHdJ6jxOtfHLht+8cdvxNWdkK":{"registrationId":97049410,"currentRatchet":{"ephemeralKeyPair":{"pubKey":"BXw+VXADsNljN0RSxvuP5yshi/l3GXkJHQyV/5gPApRh","privKey":"2CtuHcjMvn+ytB1MrqtA/Gv1WRggZWSs9yF8idUL/WE="},"lastRemoteEphemeralKey":"Bc8JaFGONeOnQ1qlJJErrCDtSHzxcg/bU4Jpg3iyVIVz","previousCounter":0,"rootKey":"k8LqDPH32s2IC+SpAho4vD88mL5YIX6MeSQuIINzSio="},"indexInfo":{"baseKey":"BV7GlAwcEAEipxmJNn6qHdJ6jxOtfHLht+8cdvxNWdkK","baseKeyType":1,"closed":-1,"used":1704371624638,"created":1704371624638,"remoteIdentityKey":"BecQGr15Z8LJZ788aCiHY0hsYuEFfW1dy12ETEbpUNAk"},"_chains":{"BXw+VXADsNljN0RSxvuP5yshi/l3GXkJHQyV/5gPApRh":{"chainKey":{"counter":0,"key":"U8LPZsm7+uwloeVchQqA73gEid8E13cGtILlqGvjrTE="},"chainType":1,"messageKeys":{}}},"pendingPreKey":{"signedKeyId":0,"baseKey":"BV7GlAwcEAEipxmJNn6qHdJ6jxOtfHLht+8cdvxNWdkK","preKeyId":15234873}}},"version":"v1"}