{"_sessions":{"BXV0kwWUWBWpPNwz2u/GUfO+7+7f3qg+9ujA5z9/vbtX":{"registrationId":645784391,"currentRatchet":{"ephemeralKeyPair":{"pubKey":"BWsO/q9m7rhs603PYlxT4uxzeVOS+Kqw6gFTLHieD+o9","privKey":"8Awol+oCAWw9VZtXj2ZVwR2JQdp3CQcbJGd+bB4cEVU="},"lastRemoteEphemeralKey":"BXtS66B9SxyYFv+luBCbSuzRWqgEPvrl1l1f1yaKMJIx","previousCounter":0,"rootKey":"7XpnHyX7R3fVXmlV3KiDpNbZdxt9tCMyMUMCokkHfI8="},"indexInfo":{"baseKey":"BXV0kwWUWBWpPNwz2u/GUfO+7+7f3qg+9ujA5z9/vbtX","baseKeyType":1,"closed":-1,"used":1704371623265,"created":1704371623265,"remoteIdentityKey":"BewaVEUWA4QLwSdfJV29XhZRBbHoC9tYOHJ75Mv8D2A6"},"_chains":{"BWsO/q9m7rhs603PYlxT4uxzeVOS+Kqw6gFTLHieD+o9":{"chainKey":{"counter":0,"key":"kdEKEaCW1rEDu2WnKY+q3N1PwClHlpoxONeMyEsHKGo="},"chainType":1,"messageKeys":{}}},"pendingPreKey":{"signedKeyId":1,"baseKey":"BXV0kwWUWBWpPNwz2u/GUfO+7+7f3qg+9ujA5z9/vbtX","preKeyId":13611086}}},"version":"v1"}