{"_sessions":{"BW/I7fRZJ08zRLlh3Bebt+KxtUYymDu1ODwQKLaLzNdF":{"registrationId":262775043,"currentRatchet":{"ephemeralKeyPair":{"pubKey":"BVlrN+SDrH3sN4ml5zIDZ9VNM16s91EjehL/nPn3Nih8","privKey":"0DjfkSNkW0h6Xn6gSgIGrCvT8mVgoVdb37t5FwPZHV0="},"lastRemoteEphemeralKey":"BQArLlY5T9QWoZvLXp/3ZIAU/dMWVabMmcrdUNhY8xEu","previousCounter":0,"rootKey":"4/lrXmfb4mqwDCmAihZ47QCnlHSbFg5gen8sURCYr+w="},"indexInfo":{"baseKey":"BW/I7fRZJ08zRLlh3Bebt+KxtUYymDu1ODwQKLaLzNdF","baseKeyType":1,"closed":-1,"used":1704371623146,"created":1704371623146,"remoteIdentityKey":"BYn69wn4vzyQf+F/Kp5OOD86pfR2DjZ7t3r8tUqE/R0k"},"_chains":{"BVlrN+SDrH3sN4ml5zIDZ9VNM16s91EjehL/nPn3Nih8":{"chainKey":{"counter":0,"key":"HhH6vmTkMQK1GWSv5E6UjwLalgF3ryeK6uE6tcdggp4="},"chainType":1,"messageKeys":{}}},"pendingPreKey":{"signedKeyId":19,"baseKey":"BW/I7fRZJ08zRLlh3Bebt+KxtUYymDu1ODwQKLaLzNdF","preKeyId":11966193}}},"version":"v1"}