{"_sessions":{"BYOTmjkThJsBsngf9G/da+8nfXUyP6Q50MabV/jsdK03":{"registrationId":1256762625,"currentRatchet":{"ephemeralKeyPair":{"pubKey":"BWraRwSJbXYKr99l3K0o6FpMKkPgq86h7su2IhcOw0hg","privKey":"AGwbzqPbS7wYM9ehqbvBCQopJQ7bYANHYNrU6sM3T3k="},"lastRemoteEphemeralKey":"BeAimZUz7uJwFzPXboLr2hvF7dtdReo4cJTM00fymslW","previousCounter":0,"rootKey":"aEpD84VWfzureRHHSupFxm3wFIJwD6AhwNSoa8gmJmQ="},"indexInfo":{"baseKey":"BYOTmjkThJsBsngf9G/da+8nfXUyP6Q50MabV/jsdK03","baseKeyType":1,"closed":-1,"used":1704371623741,"created":1704371623741,"remoteIdentityKey":"BT1lUhYRrx+STRaEHMeYaj7JTd/4RRPhNzgA1nWh5KAM"},"_chains":{"BWraRwSJbXYKr99l3K0o6FpMKkPgq86h7su2IhcOw0hg":{"chainKey":{"counter":0,"key":"Hts6dhu8WkM5+mXVAPhp+zl0ETVmI5584PzprI7IhPQ="},"chainType":1,"messageKeys":{}}},"pendingPreKey":{"signedKeyId":0,"baseKey":"BYOTmjkThJsBsngf9G/da+8nfXUyP6Q50MabV/jsdK03","preKeyId":2763660}}},"version":"v1"}