{"_sessions":{"BedWDAgD/vphiXHYiiP7MSdKlMLFfXQ7hhijGcvI8MJI":{"registrationId":146,"currentRatchet":{"ephemeralKeyPair":{"pubKey":"BW9hC+d+mr6GxrMH8b9FIzj8Yp72VndXFjj+MQFDgSox","privKey":"8ETDK+aybG7PSpUgrKyvV1FkhDGO4fT1OyE/z93kCVA="},"lastRemoteEphemeralKey":"BS4oUZmawPm8eZriM9bootU+Cpb9OkO9c4jbST2eApEV","previousCounter":0,"rootKey":"axVXga6tC65RuWJ7LP3Dl1ptW9FjINMwdBzcIh1Bz6Q="},"indexInfo":{"baseKey":"BedWDAgD/vphiXHYiiP7MSdKlMLFfXQ7hhijGcvI8MJI","baseKeyType":1,"closed":-1,"used":1704371621735,"created":1704371621735,"remoteIdentityKey":"BVOgaiYcRwTd2a6mkBJ+oUjsHwgDpcb6Pt/2IvNkBccc"},"_chains":{"BW9hC+d+mr6GxrMH8b9FIzj8Yp72VndXFjj+MQFDgSox":{"chainKey":{"counter":0,"key":"VBsVS0dqcY9YIvmlmhmwr9R2qlxpeSl+9x28vBfrF+I="},"chainType":1,"messageKeys":{}}},"pendingPreKey":{"signedKeyId":1,"baseKey":"BedWDAgD/vphiXHYiiP7MSdKlMLFfXQ7hhijGcvI8MJI"}}},"version":"v1"}