{"_sessions":{"BZ7XhbpVydNfZuKRHENJdFpZGQt0hxA7MMQILbfNOC45":{"registrationId":1899361496,"currentRatchet":{"ephemeralKeyPair":{"pubKey":"BQrU/zikQPyS02P609UGMj/CkdEq84hgn/g+D+tr1oZk","privKey":"kOFCyJ2uhHrKgUDHAvhX6LdG1gpeTCWHlBzHSSv5Z1E="},"lastRemoteEphemeralKey":"Bbu/lLjCIAZ2mUZCNsC2M6bSCsnS3V/Q3C34oRvGsxo4","previousCounter":0,"rootKey":"4zj1gN6gszCIl6w/hBlADNl0ZFo/NUBJI1A2MyePl1E="},"indexInfo":{"baseKey":"BZ7XhbpVydNfZuKRHENJdFpZGQt0hxA7MMQILbfNOC45","baseKeyType":1,"closed":-1,"used":1704371624418,"created":1704371624418,"remoteIdentityKey":"BSTQcFHSRqY4A3zHnrgVGbuSZcUYLsEs2ISXtqIalgFu"},"_chains":{"BQrU/zikQPyS02P609UGMj/CkdEq84hgn/g+D+tr1oZk":{"chainKey":{"counter":0,"key":"t3zvgS0JC8m+gh5hIKnuHuhkQZsJlZKi73mQWNOedns="},"chainType":1,"messageKeys":{}}},"pendingPreKey":{"signedKeyId":0,"baseKey":"BZ7XhbpVydNfZuKRHENJdFpZGQt0hxA7MMQILbfNOC45","preKeyId":13999485}}},"version":"v1"}