{"_sessions":{"BSbualRPP2bAoDod/yem6WgIyNUXm9VZud0hjs3J6HoM":{"registrationId":950881466,"currentRatchet":{"ephemeralKeyPair":{"pubKey":"BSI+NyCS7YmrzFF8fup8qYg4/yEw3S3CYRX20LJlw7F1","privKey":"sFri0ksPeL8anu/Qf9rq2CH7Ie2K3GUge81wFd34PWw="},"lastRemoteEphemeralKey":"BRLoGEA5L7jQx8RkWqbFBFjgwEH43neuwhv4G6+5u1lR","previousCounter":0,"rootKey":"VW+MFdhrEzOPbUEl5kUJ75F0OhD5RWDWf/HfOV8bwOI="},"indexInfo":{"baseKey":"BSbualRPP2bAoDod/yem6WgIyNUXm9VZud0hjs3J6HoM","baseKeyType":1,"closed":-1,"used":1704371623962,"created":1704371623962,"remoteIdentityKey":"BTG9V9oQQ+QwVyPrjKhvy4hL+qDNF8DevmxLlyw+67cx"},"_chains":{"BSI+NyCS7YmrzFF8fup8qYg4/yEw3S3CYRX20LJlw7F1":{"chainKey":{"counter":0,"key":"RfnwnsB4gpUNdgkLQpvvuj35AJIbzbKn+8C5+FVTvbw="},"chainType":1,"messageKeys":{}}},"pendingPreKey":{"signedKeyId":1,"baseKey":"BSbualRPP2bAoDod/yem6WgIyNUXm9VZud0hjs3J6HoM"}}},"version":"v1"}