{"_sessions":{"BVKl+MJHO6V+rFiIhex6wHAyCSAXUqIgGxDCX1DOThkv":{"registrationId":1023637656,"currentRatchet":{"ephemeralKeyPair":{"pubKey":"BTTXSbJl0SId+Z/U9TvwkC5/Xi7Yz7FOiwjqzb+cO9V4","privKey":"eKkBhn4efhJejCbS6g3LnJ8ZzN+TPybZBmkZjluyClQ="},"lastRemoteEphemeralKey":"BXlEOL4Eh6lHztsUwT0nwSYpqMshAadAIlbDrMHVCTp9","previousCounter":0,"rootKey":"WIl1jsE+pPIezZdtG5GeucO3MsNWjB/9hm91XFW+Thw="},"indexInfo":{"baseKey":"BVKl+MJHO6V+rFiIhex6wHAyCSAXUqIgGxDCX1DOThkv","baseKeyType":1,"closed":-1,"used":1704371624818,"created":1704371624818,"remoteIdentityKey":"BaTeiaD9i4j7WHWwQQa3z+xjVP2z6NzR6DCaXBeHkaxJ"},"_chains":{"BTTXSbJl0SId+Z/U9TvwkC5/Xi7Yz7FOiwjqzb+cO9V4":{"chainKey":{"counter":0,"key":"EqDZgRPibLUtTAUDdvFOiJNrffODN4kbb5QRnRhiU8k="},"chainType":1,"messageKeys":{}}},"pendingPreKey":{"signedKeyId":0,"baseKey":"BVKl+MJHO6V+rFiIhex6wHAyCSAXUqIgGxDCX1DOThkv"}}},"version":"v1"}