{"_sessions":{"BcqtwmNX8UYvE4cXG5WllbiwmPj1OiM/rjWMTBnYR0kR":{"registrationId":1214354188,"currentRatchet":{"ephemeralKeyPair":{"pubKey":"BYcHVj1mSlJMN2qYkhLytvRRc9C1pqy9yG6G08MDFcgN","privKey":"oFDL08AI0/r6IzvzTU3eyT1W++dnxSUZBmZ4GosBr00="},"lastRemoteEphemeralKey":"Ba9qhdWJvO5+GchcnsmHjTV5ObLOjo6Joxgqd6T9F0ta","previousCounter":0,"rootKey":"edTxXT8Y5ymFcmM9Cc/UFx8Z+z4YuN490TIzzjrEvTM="},"indexInfo":{"baseKey":"BcqtwmNX8UYvE4cXG5WllbiwmPj1OiM/rjWMTBnYR0kR","baseKeyType":1,"closed":-1,"used":1704371623013,"created":1704371623013,"remoteIdentityKey":"BVbdTKsdHZ+S1aGday8plnQy4DFaO7W7w+bYGvEXaW4c"},"_chains":{"BYcHVj1mSlJMN2qYkhLytvRRc9C1pqy9yG6G08MDFcgN":{"chainKey":{"counter":0,"key":"QjzVTzLLEILtWtdK62ooP292nMPLQw8qAxZEvWnV/Hc="},"chainType":1,"messageKeys":{}}},"pendingPreKey":{"signedKeyId":0,"baseKey":"BcqtwmNX8UYvE4cXG5WllbiwmPj1OiM/rjWMTBnYR0kR"}}},"version":"v1"}