{"_sessions":{"BdAB+1OwC2XOukdaMUBoVD/NZgPh0EcJDubshtVJzANJ":{"registrationId":702704975,"currentRatchet":{"ephemeralKeyPair":{"pubKey":"Bab7+eCAZ/9kEQrmUjknoyZGvHxryG9ugoe3QvSniloQ","privKey":"oNhKeZC3FlkMZ0qgL6btW43WqmOl2hlAK5k0zsjUdGM="},"lastRemoteEphemeralKey":"BSoIfT+EoU57cU8PBwyp41sjVjRMfbi6QGtIXWUkZcR2","previousCounter":0,"rootKey":"4dR6UkSDW9pOX3BMGUg+r3npQs3VkwSjaTlw9XRMjbI="},"indexInfo":{"baseKey":"BdAB+1OwC2XOukdaMUBoVD/NZgPh0EcJDubshtVJzANJ","baseKeyType":1,"closed":-1,"used":1704371623672,"created":1704371623672,"remoteIdentityKey":"BcnmYcwKnJFz3DbhTGQiRprNp+nxzMPn2MPuKWQ52JA6"},"_chains":{"Bab7+eCAZ/9kEQrmUjknoyZGvHxryG9ugoe3QvSniloQ":{"chainKey":{"counter":0,"key":"7Pw8m5Y4HeG4X9o3JPLGzAAO40VzjtEA8DSeSYtaKsc="},"chainType":1,"messageKeys":{}}},"pendingPreKey":{"signedKeyId":8,"baseKey":"BdAB+1OwC2XOukdaMUBoVD/NZgPh0EcJDubshtVJzANJ","preKeyId":7918358}}},"version":"v1"}