{"_sessions":{"BdS7Cyv+q/gfdOhdCHddl0i0xPSoZbp/wgVlZvefosEN":{"registrationId":157,"currentRatchet":{"ephemeralKeyPair":{"pubKey":"BQIK3dPBm0dhnwknCF9BFNtBcYSQ8LhIabfHBsL9pah4","privKey":"IO/UqLNK4np7CSuVvCzFM4BxUm5guPV+j6x4xA6BkHE="},"lastRemoteEphemeralKey":"BcEA6BYBa+KiogogaRXM9B+8Rd88KPygFMuYJSKq3IF+","previousCounter":0,"rootKey":"Re5P1OOK/CONFl3gfq6nSLSUaoG3epSPxcxYrD47Blg="},"indexInfo":{"baseKey":"BdS7Cyv+q/gfdOhdCHddl0i0xPSoZbp/wgVlZvefosEN","baseKeyType":1,"closed":-1,"used":1704371622273,"created":1704371622273,"remoteIdentityKey":"BbbG/MhDW8RolMzuu2KkrzphSNUnkMUJOx5h7akwwStT"},"_chains":{"BQIK3dPBm0dhnwknCF9BFNtBcYSQ8LhIabfHBsL9pah4":{"chainKey":{"counter":0,"key":"5oSdGbTtF/wcNlorxrFI5lrRVxR3BX1fW7mmR+P93vc="},"chainType":1,"messageKeys":{}}},"pendingPreKey":{"signedKeyId":1,"baseKey":"BdS7Cyv+q/gfdOhdCHddl0i0xPSoZbp/wgVlZvefosEN"}}},"version":"v1"}