{"_sessions":{"Bdsmveum8WbePES5j/qBp5BWtOSxFbX//ndmph7okQkn":{"registrationId":425820046,"currentRatchet":{"ephemeralKeyPair":{"pubKey":"BXPgLuk0e9oGdqtjolK2THQcabqRO0JlVR9PKHpn0gZr","privKey":"KNoz9cct78TryAkngpd2/kzF06c3ndmYZPgL7I3OC0g="},"lastRemoteEphemeralKey":"Bb6vPinxNg4k0fHg1b61WHCSYdIoUeoH069MLhmHB0Zr","previousCounter":0,"rootKey":"T/VMCJjF94s61Qm/gxwYWNY7cNW/6/xb+DAnUgim9MQ="},"indexInfo":{"baseKey":"Bdsmveum8WbePES5j/qBp5BWtOSxFbX//ndmph7okQkn","baseKeyType":1,"closed":-1,"used":1704371624573,"created":1704371624573,"remoteIdentityKey":"BRHfYKnmapOvSKWdjEzdwMax1MG0TLQUeR8LD7+jmYse"},"_chains":{"BXPgLuk0e9oGdqtjolK2THQcabqRO0JlVR9PKHpn0gZr":{"chainKey":{"counter":0,"key":"KDL837hyfkbyzA9UfasukhMehn33GlQEVrNE8dIMPUE="},"chainType":1,"messageKeys":{}}},"pendingPreKey":{"signedKeyId":5,"baseKey":"Bdsmveum8WbePES5j/qBp5BWtOSxFbX//ndmph7okQkn","preKeyId":11789098}}},"version":"v1"}