{"_sessions":{"BWZgIX6gtLC7pcHMNt9VqiipzJVhi0G+gy/9OLRZ0fJv":{"registrationId":1930420548,"currentRatchet":{"ephemeralKeyPair":{"pubKey":"BUw32PnDNTJKRSb4xaScEWQRVnwVqkPb6pfOPt0YcZBv","privKey":"qEIV+2EvnptnoPysDddYrgZusPeLnjnqQOHV0ltMqFc="},"lastRemoteEphemeralKey":"BWt5QkbAAyIamvpyosV/TRTQRhdlYc1ODp4w8dtuvqQ1","previousCounter":0,"rootKey":"NCFDJNivLE9D/YtlErvEDmDBdKIIFDyXKhq8mPsxOgU="},"indexInfo":{"baseKey":"BWZgIX6gtLC7pcHMNt9VqiipzJVhi0G+gy/9OLRZ0fJv","baseKeyType":1,"closed":-1,"used":1704371624624,"created":1704371624624,"remoteIdentityKey":"Ba/L0tY9MF2jDF0CkZbgE0/XKnmrcMD+vteYBWXiXPwM"},"_chains":{"BUw32PnDNTJKRSb4xaScEWQRVnwVqkPb6pfOPt0YcZBv":{"chainKey":{"counter":0,"key":"j+No7Tq9ZBY28K/VGwbop+49zizRxtgslL3jYtRO8qg="},"chainType":1,"messageKeys":{}}},"pendingPreKey":{"signedKeyId":6,"baseKey":"BWZgIX6gtLC7pcHMNt9VqiipzJVhi0G+gy/9OLRZ0fJv","preKeyId":6286475}}},"version":"v1"}