{"_sessions":{"BVdmrgd0FQW2eSHr0iC6dGfCpsTbEMVD6ovuUrnD88Ul":{"registrationId":1372111455,"currentRatchet":{"ephemeralKeyPair":{"pubKey":"BQwgwz/GUHgDz/ouZ3K+pVybGplj/bmgBuIWQb1sF4FE","privKey":"WDdIuzogQ+OgL0g95ER89K/37P4caXUheB2tiNuB/VI="},"lastRemoteEphemeralKey":"BdBTkE1uZyNOIU1/WCpSA+bs4S6TOsEztGZVnO7aTO5o","previousCounter":0,"rootKey":"uPMFbUgVpserb+1UGH6BbCo4QUcuq3m0EcDWWUc8VWs="},"indexInfo":{"baseKey":"BVdmrgd0FQW2eSHr0iC6dGfCpsTbEMVD6ovuUrnD88Ul","baseKeyType":1,"closed":-1,"used":1704379357190,"created":1704379357190,"remoteIdentityKey":"BcIkFmD/80sj128gJFmtt55MD7tV4SbhbL1a4uX2VOcI"},"_chains":{"BQwgwz/GUHgDz/ouZ3K+pVybGplj/bmgBuIWQb1sF4FE":{"chainKey":{"counter":0,"key":"xw1SH5Jj5pWsVj4hUSKtQHYqGwJrPLxjugNaJRDsjNE="},"chainType":1,"messageKeys":{}}},"pendingPreKey":{"signedKeyId":1,"baseKey":"BVdmrgd0FQW2eSHr0iC6dGfCpsTbEMVD6ovuUrnD88Ul","preKeyId":3362839}}},"version":"v1"}