{"_sessions":{"BbkSgJLR1NdCTQZ5ka5sXH6nIjTgHK8kSOmWc4aZAVEd":{"registrationId":247,"currentRatchet":{"ephemeralKeyPair":{"pubKey":"Bb6jL/j7mzH9JdxCxRbBjgcAyR6xg2t1OFu/1mg+nzBU","privKey":"iGKiUajSMXXT4Xdy9BsqqsHnutjc01c/kw2jlmTbXXw="},"lastRemoteEphemeralKey":"BbF6SJ27T+3DbUfjBP2dOcuUV5FXTOkSMa/okGKBJvBi","previousCounter":0,"rootKey":"voYgLCcUfn8ZlqHHUGIWhIbf25L9+VdbhyAVEZOALUs="},"indexInfo":{"baseKey":"BbkSgJLR1NdCTQZ5ka5sXH6nIjTgHK8kSOmWc4aZAVEd","baseKeyType":1,"closed":-1,"used":1704371622417,"created":1704371622417,"remoteIdentityKey":"BSMije9lbJ+Nl5q/QqyfugLIz1zluIRPVEt/eSOm90sD"},"_chains":{"Bb6jL/j7mzH9JdxCxRbBjgcAyR6xg2t1OFu/1mg+nzBU":{"chainKey":{"counter":0,"key":"WzmcFidqJSMpHKBTp31jBe+MCB96Q/lbXkCOlvDN4Io="},"chainType":1,"messageKeys":{}}},"pendingPreKey":{"signedKeyId":1,"baseKey":"BbkSgJLR1NdCTQZ5ka5sXH6nIjTgHK8kSOmWc4aZAVEd"}}},"version":"v1"}