{"_sessions":{"BfT16Rn3OCPIR6G2gtQ5j3l2WhiV/gPLn0rPye2k5FZS":{"registrationId":1399100619,"currentRatchet":{"ephemeralKeyPair":{"pubKey":"BbIjIuGY+4YxC2mvTFrIHEeo+X9OmPqPtvERVHVmB74c","privKey":"wGw1tn39046i52mGBLX3FUGcu+ukeDYOENAoKmyOUVw="},"lastRemoteEphemeralKey":"BfprM2yju9WDSmoc8LHjd5avMbBI7+EjdAa2Ow6k0pcA","previousCounter":0,"rootKey":"bcz/T54L3HqaYjqmKOsZFh5qIC5OtWnsdLos2oaUHAk="},"indexInfo":{"baseKey":"BfT16Rn3OCPIR6G2gtQ5j3l2WhiV/gPLn0rPye2k5FZS","baseKeyType":1,"closed":-1,"used":1704371623937,"created":1704371623937,"remoteIdentityKey":"BaTgR21qgPzqR4pchE8axARBiHxhytuwNjvWFgGao/gE"},"_chains":{"BbIjIuGY+4YxC2mvTFrIHEeo+X9OmPqPtvERVHVmB74c":{"chainKey":{"counter":0,"key":"DSnHMMNuWQn+ypSIIyRraJjqesyH9D5NxCpZyf8AD08="},"chainType":1,"messageKeys":{}}},"pendingPreKey":{"signedKeyId":25,"baseKey":"BfT16Rn3OCPIR6G2gtQ5j3l2WhiV/gPLn0rPye2k5FZS","preKeyId":14438234}}},"version":"v1"}