{"_sessions":{"BTF/3G/EHBor3e8WjpuH/I5gGYz0ICM4HQKlJvD7cCcD":{"registrationId":523438287,"currentRatchet":{"ephemeralKeyPair":{"pubKey":"BURqKOT0AXIvjz3VkVYm0TZmoI7BMEGrRMTi1S0QYzBf","privKey":"CAHR0xKS2/DgbnlidBRGmORx5IDez1LxdnFla833jEY="},"lastRemoteEphemeralKey":"BT1XZrcRFewvJ51YDV1s/T65uLCZ+O2ejZUJw43rDAda","previousCounter":0,"rootKey":"x9P6dTGtKWsGMD3VkTt0O/kkRYWOQ0EzuLsPyx7C40Q="},"indexInfo":{"baseKey":"BTF/3G/EHBor3e8WjpuH/I5gGYz0ICM4HQKlJvD7cCcD","baseKeyType":1,"closed":-1,"used":1704371624560,"created":1704371624560,"remoteIdentityKey":"BVmVpi6ICTegc3TrokJv2W1bFnb6Qz+LJUN6NDmNbUBJ"},"_chains":{"BURqKOT0AXIvjz3VkVYm0TZmoI7BMEGrRMTi1S0QYzBf":{"chainKey":{"counter":0,"key":"sySYG99N4b6QFV65EQdmMwDFGFIcrSNwsYw4QPlX3Mg="},"chainType":1,"messageKeys":{}}},"pendingPreKey":{"signedKeyId":1,"baseKey":"BTF/3G/EHBor3e8WjpuH/I5gGYz0ICM4HQKlJvD7cCcD","preKeyId":7030507}}},"version":"v1"}