{"_sessions":{"BTdI5qfQv2gdpoF5XmP3mIH6pNdf7HX8ouPAH4Et7Bo4":{"registrationId":550041631,"currentRatchet":{"ephemeralKeyPair":{"pubKey":"BaiM26YFFXayCXyB8myEeHX//96pKaXHtCm/eIdsZn8P","privKey":"oOo0ySUP1LjvBCGa78MSPZYo9CPzNHiFC8lxVANX8Wo="},"lastRemoteEphemeralKey":"BQ/EX8yKvDvD0dYCMVDCXG3n/dDJM1YgqswiGVc+swod","previousCounter":0,"rootKey":"SKU+zfqFpZkH6QwilJCqNAcKgh8LSEu+pAR69sEMQoI="},"indexInfo":{"baseKey":"BTdI5qfQv2gdpoF5XmP3mIH6pNdf7HX8ouPAH4Et7Bo4","baseKeyType":1,"closed":-1,"used":1704371623225,"created":1704371623225,"remoteIdentityKey":"BTkWSQwYXqkvX0S8xpKtdh1aml/GMIeh36+OJnXaER4r"},"_chains":{"BaiM26YFFXayCXyB8myEeHX//96pKaXHtCm/eIdsZn8P":{"chainKey":{"counter":0,"key":"SZbSq2bCuLI6YSLyOlfIk8nBkFcFf04JhwhUl7YDYfk="},"chainType":1,"messageKeys":{}}},"pendingPreKey":{"signedKeyId":3,"baseKey":"BTdI5qfQv2gdpoF5XmP3mIH6pNdf7HX8ouPAH4Et7Bo4","preKeyId":6986848}}},"version":"v1"}