{"_sessions":{"BbpZAkc65oLQp2Oxet4VdaUruuP0Ytrf1eS0wcPp70Z4":{"registrationId":1115706435,"currentRatchet":{"ephemeralKeyPair":{"pubKey":"BbAdmrFhSMDdnMtgh3OGXI2k4vlkoewYYyJD8367dOo+","privKey":"iB3BageZ3D5Rcy4bj+1SKFuIqOehxgBK6TYdtx+M1mA="},"lastRemoteEphemeralKey":"BSrbB2MTepijlywnzK5Z78juMlfM2X52VN1pIyYTdqoz","previousCounter":0,"rootKey":"r3KpZ18IQNiA5Q1D6grz7kP0qqGp9CGWGUENhtyo980="},"indexInfo":{"baseKey":"BbpZAkc65oLQp2Oxet4VdaUruuP0Ytrf1eS0wcPp70Z4","baseKeyType":1,"closed":-1,"used":1704371623438,"created":1704371623438,"remoteIdentityKey":"BRGUfDuuFCRHggK3RJCFYGy/btxRoXpsBEngqJbWCX8m"},"_chains":{"BbAdmrFhSMDdnMtgh3OGXI2k4vlkoewYYyJD8367dOo+":{"chainKey":{"counter":0,"key":"iRR129KoYyhbGbLxiLnvQ5Qpx2/9W1dNF2sy5UqRWjA="},"chainType":1,"messageKeys":{}}},"pendingPreKey":{"signedKeyId":1,"baseKey":"BbpZAkc65oLQp2Oxet4VdaUruuP0Ytrf1eS0wcPp70Z4","preKeyId":11292969}}},"version":"v1"}