{"_sessions":{"BQ2VT58yhqoA8NLti2uMzxMmEt3uQsspkVT357PDn9UZ":{"registrationId":13326,"currentRatchet":{"ephemeralKeyPair":{"pubKey":"BYR1THhS+nliHJLwoyJxTN7t6sQAYvtFxrkuBDhpAohV","privKey":"UKwQJhGQI2bg56twPGiJSpcRlBjU77uIgZUBzIGHEkw="},"lastRemoteEphemeralKey":"BVHvAV0YFliuKVGjG8ICkPeuIFptFfZKs84RCwENaEs/","previousCounter":0,"rootKey":"yPQ2+m74FCKQ3qKZM1zSfaewZtsX4H+SVW0iNNKdO1Q="},"indexInfo":{"baseKey":"BQ2VT58yhqoA8NLti2uMzxMmEt3uQsspkVT357PDn9UZ","baseKeyType":1,"closed":-1,"used":1704371622068,"created":1704371622068,"remoteIdentityKey":"BRmZYEIfcj/7qnR1hK/B8AAHTsIfTHTS1j7dKZo/X7kl"},"_chains":{"BYR1THhS+nliHJLwoyJxTN7t6sQAYvtFxrkuBDhpAohV":{"chainKey":{"counter":0,"key":"ybhuW6/IzqJWrqR4gJviSX6c5AgNyRD5l4WWnGz7cuQ="},"chainType":1,"messageKeys":{}}},"pendingPreKey":{"signedKeyId":1,"baseKey":"BQ2VT58yhqoA8NLti2uMzxMmEt3uQsspkVT357PDn9UZ"}}},"version":"v1"}