{"_sessions":{"BZhtwdPPQebt48sg2Yf9+5vBvkb5sxLICM9Qq1OHLBRv":{"registrationId":3809,"currentRatchet":{"ephemeralKeyPair":{"pubKey":"BaJyO2E6JuftP0HH1sXUeN7TyeNrq2MmVVolL/Nd4t0p","privKey":"iCyAVPIkiFuW1yoGep9cijPzFh5MqrLkO7QL7mWu7nM="},"lastRemoteEphemeralKey":"Bc9ovZgb6RlRnoW0SBrQVGfVEzfMsrXZ0FPBghzL5CYO","previousCounter":0,"rootKey":"JrdXDkpYZ/mW5n97kReh+YNwMyXXof8xjFB6xBVYlSs="},"indexInfo":{"baseKey":"BZhtwdPPQebt48sg2Yf9+5vBvkb5sxLICM9Qq1OHLBRv","baseKeyType":1,"closed":-1,"used":1704371622644,"created":1704371622644,"remoteIdentityKey":"BcaYdGV3uuXzry3Dk2BFemYBeZ6o94mzQU9pAVBN7Yk2"},"_chains":{"BaJyO2E6JuftP0HH1sXUeN7TyeNrq2MmVVolL/Nd4t0p":{"chainKey":{"counter":0,"key":"vGocHGG/mFIiWowRfuEOIXHI6DJbwDIMq7XFZ9amcgM="},"chainType":1,"messageKeys":{}}},"pendingPreKey":{"signedKeyId":1,"baseKey":"BZhtwdPPQebt48sg2Yf9+5vBvkb5sxLICM9Qq1OHLBRv"}}},"version":"v1"}