{"_sessions":{"BTOHrNY8hISA4O74VAusmTYHarxzD0XtaLxOxvi1f5oD":{"registrationId":344781776,"currentRatchet":{"ephemeralKeyPair":{"pubKey":"BSwiYnOtW4lQQnmigdO9dLRKkotJbWcNA8RT3IjqVj9T","privKey":"GK0W/emU7vSbu5FQBGpZBV6x+eipOGR/BWy/MVOLUG8="},"lastRemoteEphemeralKey":"BR5KImZK0vs28zFkNVtSBdnQUsAzqNynPe4qWdeBxy5l","previousCounter":0,"rootKey":"uj2g4+KoOhv5uu7Em82XjwZvWPzFLb2s4ScOU7UedC0="},"indexInfo":{"baseKey":"BTOHrNY8hISA4O74VAusmTYHarxzD0XtaLxOxvi1f5oD","baseKeyType":1,"closed":-1,"used":1704373323026,"created":1704373323026,"remoteIdentityKey":"BVoCJYfL200iRyoG6CsHrtpAPUvtmIqg559FEWyMdlIA"},"_chains":{"BSwiYnOtW4lQQnmigdO9dLRKkotJbWcNA8RT3IjqVj9T":{"chainKey":{"counter":0,"key":"Jr6iEBMi/jAMdUuWaxoO5I5IzpYbeg8zk4+paf4bJIU="},"chainType":1,"messageKeys":{}}},"pendingPreKey":{"signedKeyId":0,"baseKey":"BTOHrNY8hISA4O74VAusmTYHarxzD0XtaLxOxvi1f5oD","preKeyId":4717178}}},"version":"v1"}