{"_sessions":{"BXqOl+lCSGWufcvQO7Rb3N3Ub3gfLR1+lbC1I41a38wd":{"registrationId":1721071650,"currentRatchet":{"ephemeralKeyPair":{"pubKey":"BVp0fXV2oQh6Bpbqf715Wa3vxYc1gcwkPNB4FV/FqZlO","privKey":"4IYl47N5MO24YDn0luSHcOrjtpez+P8i7qf3tYky1Gw="},"lastRemoteEphemeralKey":"BVin2PErrfhOC6S8by/UbCTPnEFuoFO86RFdLijQAlp6","previousCounter":0,"rootKey":"xXXr4uhLskszNjl0M5Wf6IL9DHucqkii9SbnqIFgQQo="},"indexInfo":{"baseKey":"BXqOl+lCSGWufcvQO7Rb3N3Ub3gfLR1+lbC1I41a38wd","baseKeyType":1,"closed":-1,"used":1704371624919,"created":1704371624919,"remoteIdentityKey":"BU2Nfong2yM89JvHS0ElEXDT6/XX9aqejRamHh5r8Hhz"},"_chains":{"BVp0fXV2oQh6Bpbqf715Wa3vxYc1gcwkPNB4FV/FqZlO":{"chainKey":{"counter":0,"key":"IWm+Ez+rha4wkHuvqThI9QrO0GaGfrmfk2PWLJgJxzs="},"chainType":1,"messageKeys":{}}},"pendingPreKey":{"signedKeyId":6,"baseKey":"BXqOl+lCSGWufcvQO7Rb3N3Ub3gfLR1+lbC1I41a38wd","preKeyId":1952586}}},"version":"v1"}