{"_sessions":{"Ba31lH5Y/8Rie+cZB8whQv8+uOQ3DZx+kwwPSpoFc70S":{"registrationId":394156111,"currentRatchet":{"ephemeralKeyPair":{"pubKey":"BRHGRoYdDYUap6WI8Y9uTtlkng3kCIWvWu0eBZRjMpEY","privKey":"UAW9suz14Ishj2K2E0DjoIeGLNgrKhavrJU+CUxprkA="},"lastRemoteEphemeralKey":"BUIJhIzNphix1gLlmL+gkH4+p9VlilRVSowm9muQmzlm","previousCounter":0,"rootKey":"FpDBMh6gEamgmlEsA6cD7KVx1DNIYDaWGxr2Fn2vcQQ="},"indexInfo":{"baseKey":"Ba31lH5Y/8Rie+cZB8whQv8+uOQ3DZx+kwwPSpoFc70S","baseKeyType":1,"closed":-1,"used":1704371622851,"created":1704371622851,"remoteIdentityKey":"Ba1iXvz2c43NJ7BvQQy7eSLFntromoYvEBptg9BO9NsW"},"_chains":{"BRHGRoYdDYUap6WI8Y9uTtlkng3kCIWvWu0eBZRjMpEY":{"chainKey":{"counter":0,"key":"dBfvF3nDDzEDhKnpui6YJ+Iy5UvAoFvkoI0PT9SKrCk="},"chainType":1,"messageKeys":{}}},"pendingPreKey":{"signedKeyId":0,"baseKey":"Ba31lH5Y/8Rie+cZB8whQv8+uOQ3DZx+kwwPSpoFc70S"}}},"version":"v1"}