{"_sessions":{"BRq0qP2ccNaijqtdbvXY+fsDlz4RK22o5eBjGzTMbsho":{"registrationId":194721436,"currentRatchet":{"ephemeralKeyPair":{"pubKey":"BZrNx2Uhct4REHBXqF5MvUWmDAkNC2p98tQI4PRyZ9ZK","privKey":"iCPUHAxVL1ZNLL5snvVaDtFA1rvf6tl0aX7roxSdgkU="},"lastRemoteEphemeralKey":"Bbsdo4oqRJUr1+wHniHsT6xiv3qmnqqphFicXE0sya90","previousCounter":0,"rootKey":"BT+U8PgtWx/UA7jXW6wkI3mKpmF/PdMFo4f/EORG45I="},"indexInfo":{"baseKey":"BRq0qP2ccNaijqtdbvXY+fsDlz4RK22o5eBjGzTMbsho","baseKeyType":1,"closed":-1,"used":1704371623159,"created":1704371623159,"remoteIdentityKey":"Bb7f0Ple2/IgbrJwJHAyUaQbGryq1L3S6kAzrf9pZY8Z"},"_chains":{"BZrNx2Uhct4REHBXqF5MvUWmDAkNC2p98tQI4PRyZ9ZK":{"chainKey":{"counter":0,"key":"1u2rUlKSG2LAFswL3cMO/TpJ+TqxcPN1iDF5lKBFuNk="},"chainType":1,"messageKeys":{}}},"pendingPreKey":{"signedKeyId":5,"baseKey":"BRq0qP2ccNaijqtdbvXY+fsDlz4RK22o5eBjGzTMbsho","preKeyId":12035409}}},"version":"v1"}