{"_sessions":{"BVKrF/jBGzZHtyIGmrr4T7uPqhj7eNIAcg5AoaOGfoY9":{"registrationId":1111384092,"currentRatchet":{"ephemeralKeyPair":{"pubKey":"BSpmwGwN1mX2wskiZeScJhz2xiA2KQK1/JzGyn5W21BY","privKey":"QJLq8P+dF2lRavPtUMYtt8WqnV4zxZdZO0s5CVqov2s="},"lastRemoteEphemeralKey":"Bf4/iMtDliMcKoZGLivRZZFn8gKwsfWUYOVIYtVT0VIa","previousCounter":0,"rootKey":"wAXuhtLeib52j+hfT3MrkF0rPA0pkARmfrQ4UWXNjeQ="},"indexInfo":{"baseKey":"BVKrF/jBGzZHtyIGmrr4T7uPqhj7eNIAcg5AoaOGfoY9","baseKeyType":1,"closed":-1,"used":1704371624721,"created":1704371624721,"remoteIdentityKey":"BcxPZ31fFcPW6UAmp8uTLkAq+jWGdr92yMd4GMLfkVBF"},"_chains":{"BSpmwGwN1mX2wskiZeScJhz2xiA2KQK1/JzGyn5W21BY":{"chainKey":{"counter":0,"key":"xlrBjM6P7/Wz97+N4v1ZkgRXobTyDp182bz5TcZSvUE="},"chainType":1,"messageKeys":{}}},"pendingPreKey":{"signedKeyId":1,"baseKey":"BVKrF/jBGzZHtyIGmrr4T7uPqhj7eNIAcg5AoaOGfoY9","preKeyId":5095773}}},"version":"v1"}