{"_sessions":{"BVN3+DeR3LjprIcUWttEV0h3QK39rYm/Qkz223yShttz":{"registrationId":33,"currentRatchet":{"ephemeralKeyPair":{"pubKey":"BcFrOzk5qYBEa51pJD8RyluqJW2VmDA4vYjyfOsQg0sH","privKey":"GORIj/KQ6J10zG35gR3obUYtbziiH3YNssY9kVhwwnE="},"lastRemoteEphemeralKey":"Bd2ux4qKeT2ZneyigXyuQc4mQfC0tkI8AVdjr0fYPZEU","previousCounter":0,"rootKey":"yZbIihNDmZlSUuMw5Wrizp07M1TD8594f6onvm6Z1ic="},"indexInfo":{"baseKey":"BVN3+DeR3LjprIcUWttEV0h3QK39rYm/Qkz223yShttz","baseKeyType":1,"closed":-1,"used":1704371622057,"created":1704371622057,"remoteIdentityKey":"BZswhcmzRe61yRlArpEtiVB6p/MGln7uEUU33fY5umRa"},"_chains":{"BcFrOzk5qYBEa51pJD8RyluqJW2VmDA4vYjyfOsQg0sH":{"chainKey":{"counter":0,"key":"s7yxHfZiUrWzFPRIKQHJtBBHkC0kvB4BkEX/IBkM0Qc="},"chainType":1,"messageKeys":{}}},"pendingPreKey":{"signedKeyId":1,"baseKey":"BVN3+DeR3LjprIcUWttEV0h3QK39rYm/Qkz223yShttz","preKeyId":127}}},"version":"v1"}