{"_sessions":{"Bf+LAhwdhB6wvRaDDKzU4/renqa2HmiKcN6fBNoRE8Z4":{"registrationId":1464071554,"currentRatchet":{"ephemeralKeyPair":{"pubKey":"BWvkYObsrFD1OASmIL+YmHGc5p47/QTy9XWZK4tNPu04","privKey":"MDAG06gvk//gRQRNYpjDFgm0Te9bEjBhdX4M0cHBM0o="},"lastRemoteEphemeralKey":"BbmwjdlJ6zuNJjVn0H/SYmLGoCq6VI5OdxeMYJhhJWRx","previousCounter":0,"rootKey":"w+zeTmAUMTQbH07OJcuVspFDwHIRExOitVLFHzNVdPQ="},"indexInfo":{"baseKey":"Bf+LAhwdhB6wvRaDDKzU4/renqa2HmiKcN6fBNoRE8Z4","baseKeyType":1,"closed":-1,"used":1704371622887,"created":1704371622887,"remoteIdentityKey":"BSGQUrXk0oQJuL/s7cszzTghxnUUz9eGierMHk9FroxJ"},"_chains":{"BWvkYObsrFD1OASmIL+YmHGc5p47/QTy9XWZK4tNPu04":{"chainKey":{"counter":0,"key":"djTcRQRxUY3g/Nx5kUVMvCAVxW+mQnTFF3pBtaldoOg="},"chainType":1,"messageKeys":{}}},"pendingPreKey":{"signedKeyId":3,"baseKey":"Bf+LAhwdhB6wvRaDDKzU4/renqa2HmiKcN6fBNoRE8Z4"}}},"version":"v1"}