{"_sessions":{"BfwBl4EsVJibC0LbsNyJss2jE8NjQZp/7ElNamwBCnFD":{"registrationId":1857399178,"currentRatchet":{"ephemeralKeyPair":{"pubKey":"BeDxoQpcxXmXd1Cd//u/oTCMlBxy+B/XXUTwNSiuThgy","privKey":"aJc95CDbLolODch5uy8umEJ9myTuh6cpPWjRGDADhVU="},"lastRemoteEphemeralKey":"BaLOL63VbzJyjvrEz+SJrWvomhuZE26aG7H5wP0lGhhN","previousCounter":0,"rootKey":"W0WLNN9G0ohgBOt/xG+qv/LveeIip7dYDm3BIEByhmo="},"indexInfo":{"baseKey":"BfwBl4EsVJibC0LbsNyJss2jE8NjQZp/7ElNamwBCnFD","baseKeyType":1,"closed":-1,"used":1704371623584,"created":1704371623584,"remoteIdentityKey":"BU+tHxN/0feUH5Y7dnhcYLZkdZpSxi1l+naTu1XVeQEw"},"_chains":{"BeDxoQpcxXmXd1Cd//u/oTCMlBxy+B/XXUTwNSiuThgy":{"chainKey":{"counter":0,"key":"MeVoBZ8REYJOGQhHnNpih61K0QH3ZwsULPmcbWGp9+4="},"chainType":1,"messageKeys":{}}},"pendingPreKey":{"signedKeyId":0,"baseKey":"BfwBl4EsVJibC0LbsNyJss2jE8NjQZp/7ElNamwBCnFD","preKeyId":1968839}}},"version":"v1"}