{"_sessions":{"BRrUwi2JkVn7W7DPwTHDaXJ19+2I8vozgWAMRqN1Wc08":{"registrationId":150,"currentRatchet":{"ephemeralKeyPair":{"pubKey":"BS8PgNqBeX6q1kbmQq2wqVCYhW6ZzsXbXmQ25cEbn5JZ","privKey":"ECCsdc2LPq8iR1JFN5bRE0tWHcUHpMmLxoBP1ZWxPX8="},"lastRemoteEphemeralKey":"BT0hdxpITT0AcxbdJReUQGdmtytZQtUDPe5+q7aQXhR9","previousCounter":0,"rootKey":"kAmJ0ctKdOefNBcF4MZ7jOYO+X1p4YL6aYH5ggkghX0="},"indexInfo":{"baseKey":"BRrUwi2JkVn7W7DPwTHDaXJ19+2I8vozgWAMRqN1Wc08","baseKeyType":1,"closed":-1,"used":1704371622289,"created":1704371622289,"remoteIdentityKey":"BRHBZfQVkl104BEFc0ZhxTYuDZshUYWSQe7jUA9z5Ntc"},"_chains":{"BS8PgNqBeX6q1kbmQq2wqVCYhW6ZzsXbXmQ25cEbn5JZ":{"chainKey":{"counter":0,"key":"l0wqw/ho9FJC2NRApn+BCHmNKBUf3f7pRrcExrgVfgE="},"chainType":1,"messageKeys":{}}},"pendingPreKey":{"signedKeyId":1,"baseKey":"BRrUwi2JkVn7W7DPwTHDaXJ19+2I8vozgWAMRqN1Wc08"}}},"version":"v1"}