{"_sessions":{"BYbkXqbAzFbUeWm5v9AYk6ekxTyMvetj92ZzMteNwkNe":{"registrationId":158767842,"currentRatchet":{"ephemeralKeyPair":{"pubKey":"BcRTqTJWkPu54b26VgeL1kFSfUDQC4EDo3uiAPTC0wJh","privKey":"4F3SNT9eX7l9ntjlufoX2t+svjz1zc1+96VwKEeM4W8="},"lastRemoteEphemeralKey":"BTIrPpVa6GesGmqCmzmOswKLwtQAKsqDQpry4oYI55c7","previousCounter":0,"rootKey":"4BzmjqTdXCLELwOW+olnrX5NrF4Ef2M0Me/z0qY0bh4="},"indexInfo":{"baseKey":"BYbkXqbAzFbUeWm5v9AYk6ekxTyMvetj92ZzMteNwkNe","baseKeyType":1,"closed":-1,"used":1704371623686,"created":1704371623686,"remoteIdentityKey":"BYZJaf5g7ppiA7swWwr4t/2yRgdWTi85NaFlqTYjjwts"},"_chains":{"BcRTqTJWkPu54b26VgeL1kFSfUDQC4EDo3uiAPTC0wJh":{"chainKey":{"counter":0,"key":"n2a3EmhY/ka20T3fdQYRNrrQjpEwRUg2bwy+vBoHimE="},"chainType":1,"messageKeys":{}}},"pendingPreKey":{"signedKeyId":0,"baseKey":"BYbkXqbAzFbUeWm5v9AYk6ekxTyMvetj92ZzMteNwkNe","preKeyId":7452746}}},"version":"v1"}