{"_sessions":{"BVpTM/MtOOPt24PAJ5Fj58WoVhblx6sJKMRu2FzSueYf":{"registrationId":460257545,"currentRatchet":{"ephemeralKeyPair":{"pubKey":"Bd+qjyVbiduNphfWMFhAmkH0VDmAJCNKgNAFeXdjdfFH","privKey":"IHcjO3C9TMQfA7y5nZVAXdJKlMVDdmVFm4l60XqgPGI="},"lastRemoteEphemeralKey":"BbpFO5Tu4mkQZiLR0LVgSpF4EbC0jdO8iyYJLYwMuZ45","previousCounter":0,"rootKey":"dwN7XJHhktNVJ1k0wPzeFM5KPTyrCJc1xeuf/PxM798="},"indexInfo":{"baseKey":"BVpTM/MtOOPt24PAJ5Fj58WoVhblx6sJKMRu2FzSueYf","baseKeyType":1,"closed":-1,"used":1704371623054,"created":1704371623054,"remoteIdentityKey":"Ba7KhWoASS2QAYde3oantpvTVyIkQA/x3sL/yEPzJa1o"},"_chains":{"Bd+qjyVbiduNphfWMFhAmkH0VDmAJCNKgNAFeXdjdfFH":{"chainKey":{"counter":0,"key":"FzvLrXACBupf/vfPYlT1iQVjarlIhuWkCGl5j1xElXQ="},"chainType":1,"messageKeys":{}}},"pendingPreKey":{"signedKeyId":1,"baseKey":"BVpTM/MtOOPt24PAJ5Fj58WoVhblx6sJKMRu2FzSueYf","preKeyId":9587775}}},"version":"v1"}