{"_sessions":{"BZGHyc19vhITmdDwnvYBcnCxGZr0ewulD4K8hFi3j/Ya":{"registrationId":212,"currentRatchet":{"ephemeralKeyPair":{"pubKey":"BfBhYlV34LtqhpkwXQ8LqJWXCKhzHiAuhnmLjz3Jkvg0","privKey":"CARmxeoHq039Wz5xjL3kqCV88Lr49xEECijmB68nvEw="},"lastRemoteEphemeralKey":"BbaW1zPxL8kfbXKhKWD9HhwjhTtVLZysS//DL1ErX+gV","previousCounter":0,"rootKey":"OKM4YMkNLqmVAtDqrUSnBSAQHItuh4M+i5wjVvyOACo="},"indexInfo":{"baseKey":"BZGHyc19vhITmdDwnvYBcnCxGZr0ewulD4K8hFi3j/Ya","baseKeyType":1,"closed":-1,"used":1704371622609,"created":1704371622609,"remoteIdentityKey":"BVqQcdN5z2H8ewZ6MgDlGrYYI8OzSjdppKG09k5rRjI2"},"_chains":{"BfBhYlV34LtqhpkwXQ8LqJWXCKhzHiAuhnmLjz3Jkvg0":{"chainKey":{"counter":0,"key":"pJq0x0xH+Yilk86YjfSHmPeaoSPw3qzkT0zYeLflIyo="},"chainType":1,"messageKeys":{}}},"pendingPreKey":{"signedKeyId":1,"baseKey":"BZGHyc19vhITmdDwnvYBcnCxGZr0ewulD4K8hFi3j/Ya","preKeyId":1899}}},"version":"v1"}