{"_sessions":{"Bcm1GTnyBA/e40XsOLEU+fzb3ZNIuxZAcABTy0lI51Zj":{"registrationId":1768686164,"currentRatchet":{"ephemeralKeyPair":{"pubKey":"Bb60rqE01yieOEIiUy+R573QYp0qwj9Z8ACd8eQWsE46","privKey":"sAPLcZHc6+1PGwGsn8CXseROWe4tAvZzrFcP7zdg2lc="},"lastRemoteEphemeralKey":"BSom8KllhdxfyzvcS/fT73qRy4Fi+oYikCQIvmvrNfMY","previousCounter":0,"rootKey":"Y+9cNUt5TRyp1ZPx/9OEFRGdbadfgmQmXlt5fj9hUrg="},"indexInfo":{"baseKey":"Bcm1GTnyBA/e40XsOLEU+fzb3ZNIuxZAcABTy0lI51Zj","baseKeyType":1,"closed":-1,"used":1704371623290,"created":1704371623290,"remoteIdentityKey":"BU+LUqX7P9p/J5cmIVEalmyNELwczLpy/lCaBYGXKZ0r"},"_chains":{"Bb60rqE01yieOEIiUy+R573QYp0qwj9Z8ACd8eQWsE46":{"chainKey":{"counter":0,"key":"Zrap6VQDZseZOvN6w40T3Tv6cY44QeNHcHnbVPF4H1Y="},"chainType":1,"messageKeys":{}}},"pendingPreKey":{"signedKeyId":0,"baseKey":"Bcm1GTnyBA/e40XsOLEU+fzb3ZNIuxZAcABTy0lI51Zj"}}},"version":"v1"}