{"_sessions":{"BTd2gObUt7X62b8fGggXGwlwTQeaRzg+3OokfhnYl28Y":{"registrationId":805357345,"currentRatchet":{"ephemeralKeyPair":{"pubKey":"BXkuQUCcT++A+heSRHpYzwTYMggHK/UXfVmAsxbMc4wI","privKey":"kAuFwDvVaYRIB98YRmo//upKLm9QepIXg/VEmAO4Al4="},"lastRemoteEphemeralKey":"BVXvMFDRSsL2CduWwBhHP/EeAG/a91o3s8hFjZe+q1x4","previousCounter":0,"rootKey":"A75F4jdq960UhaIDsiX4nguUtvbVzrigXFWBdO5Eheo="},"indexInfo":{"baseKey":"BTd2gObUt7X62b8fGggXGwlwTQeaRzg+3OokfhnYl28Y","baseKeyType":1,"closed":-1,"used":1704371622900,"created":1704371622900,"remoteIdentityKey":"BWRT/hzzbLQdNVO/o9kYCcVG3ek8JjTrWAdzK5+X4JE3"},"_chains":{"BXkuQUCcT++A+heSRHpYzwTYMggHK/UXfVmAsxbMc4wI":{"chainKey":{"counter":0,"key":"BPPmPDyN17hxA9PuMfLV6jln2vJtM2YQt0ZG0iM+0dQ="},"chainType":1,"messageKeys":{}}},"pendingPreKey":{"signedKeyId":2,"baseKey":"BTd2gObUt7X62b8fGggXGwlwTQeaRzg+3OokfhnYl28Y","preKeyId":16346090}}},"version":"v1"}