{"_sessions":{"BT3i3x92KCRTleVIjUgfD3HxgnuvGZBUcWEI8tVyN2hu":{"registrationId":1178308401,"currentRatchet":{"ephemeralKeyPair":{"pubKey":"BdZ80Yaqf1jbAa0zoqqT6WN3Zp/tA9nyf+SG+29jf9tl","privKey":"MAplzptTVJ3Ca9z9QoMMGR8dw0Y3RvFfaMnJ75CD5UI="},"lastRemoteEphemeralKey":"BbEdYmLdhrBQtf/1fcFE7q4QaXi9bn+ilnytyLO+isBk","previousCounter":0,"rootKey":"Ukr5IMicrNv70gPK2cpI1wnXRA89FXjZ7h57IcAGgqo="},"indexInfo":{"baseKey":"BT3i3x92KCRTleVIjUgfD3HxgnuvGZBUcWEI8tVyN2hu","baseKeyType":1,"closed":-1,"used":1704371621935,"created":1704371621935,"remoteIdentityKey":"BXT9XoopDAlPW45OWYl0ScJpYhe0U7aUaLntCMieBasS"},"_chains":{"BdZ80Yaqf1jbAa0zoqqT6WN3Zp/tA9nyf+SG+29jf9tl":{"chainKey":{"counter":0,"key":"V8CFhv0vhTZHe9nbMSkCTqj/MQpEgi+r22prULXZ/iU="},"chainType":1,"messageKeys":{}}},"pendingPreKey":{"signedKeyId":16,"baseKey":"BT3i3x92KCRTleVIjUgfD3HxgnuvGZBUcWEI8tVyN2hu"}}},"version":"v1"}