{"_sessions":{"BTN7JahfMCd39adFGcavWPvyagGkH/zqCDrPX0XZw+8h":{"registrationId":6,"currentRatchet":{"ephemeralKeyPair":{"pubKey":"BUvNnwSWOTAPU8NuJ7gylQh7jN5zObV0zk6lQ3m1V2QF","privKey":"YNVw/n3nEhuXG9zzMNIH1Wa9reow5Oq/kPxwjtnvU2o="},"lastRemoteEphemeralKey":"BZxMpR8sQQ980NuWRXm5CX7LGkdSPXJlEKUSg2LKbuJw","previousCounter":0,"rootKey":"bhUfIhh/5GwDJDGDaxih83VKsNIHw+rDArWpR1qSt2I="},"indexInfo":{"baseKey":"BTN7JahfMCd39adFGcavWPvyagGkH/zqCDrPX0XZw+8h","baseKeyType":1,"closed":-1,"used":1704371621303,"created":1704371621303,"remoteIdentityKey":"BaySqLmojnmthDaeVK+tJ3dk7HN0ZhhE6QLEAAFv/AEs"},"_chains":{"BUvNnwSWOTAPU8NuJ7gylQh7jN5zObV0zk6lQ3m1V2QF":{"chainKey":{"counter":0,"key":"adB4tFToqqLVODQS9Ea6jNu/cXr4aCYxXCzE08EZEKk="},"chainType":1,"messageKeys":{}}},"pendingPreKey":{"signedKeyId":1,"baseKey":"BTN7JahfMCd39adFGcavWPvyagGkH/zqCDrPX0XZw+8h"}}},"version":"v1"}