{"_sessions":{"Be/vtDOoroezPZFIcPwZShCez2Rlwi/tGZ6LQVnjLYd3":{"registrationId":1247177694,"currentRatchet":{"ephemeralKeyPair":{"pubKey":"BQlXYla3dJTJJT2mmxOgJ/UBLmK7vPVFd1RnNGGeBNI/","privKey":"qF8mpmuLT113gXymGQQODIYavJ6xg/paEDRX9FOxynI="},"lastRemoteEphemeralKey":"BeuZCaPY7rJfy9dJ+0X+v34kiuyBphaQYqbodM15ZBkA","previousCounter":0,"rootKey":"SaGShp5HrTAM/JGC9JJ/wcvU3Jg7S8O0YiKdkxQGBfk="},"indexInfo":{"baseKey":"Be/vtDOoroezPZFIcPwZShCez2Rlwi/tGZ6LQVnjLYd3","baseKeyType":1,"closed":-1,"used":1704371623331,"created":1704371623331,"remoteIdentityKey":"Bf7FnPuhUyGYHoBjq+a+y5xrx7+A2xFoWwdbCkc5H3Zo"},"_chains":{"BQlXYla3dJTJJT2mmxOgJ/UBLmK7vPVFd1RnNGGeBNI/":{"chainKey":{"counter":0,"key":"rXTbE70aHowyqrgfyp93Crvd2p1SNCQSREGbSlENDpg="},"chainType":1,"messageKeys":{}}},"pendingPreKey":{"signedKeyId":1,"baseKey":"Be/vtDOoroezPZFIcPwZShCez2Rlwi/tGZ6LQVnjLYd3","preKeyId":5463901}}},"version":"v1"}