{"_sessions":{"BWBPnicSx3RTS3Q6zEF7wtP7a7cvAxSPRs8Xg4yUQosr":{"registrationId":808930542,"currentRatchet":{"ephemeralKeyPair":{"pubKey":"BRNDJhvhIImj4p7PlATgKrY5LfyZMcS9t8djHKdBVtBI","privKey":"SNsT9all22O45zD14+UjxsDxa2FissCLobBM82Wa6Xc="},"lastRemoteEphemeralKey":"Bft0o7vrHaKmxE4fvP3iueg75dqsLABDeZAaj+U1nOs6","previousCounter":0,"rootKey":"lcReXpekP9DY8yblaIzApkj4nj50pef3uG5Y8B79KYU="},"indexInfo":{"baseKey":"BWBPnicSx3RTS3Q6zEF7wtP7a7cvAxSPRs8Xg4yUQosr","baseKeyType":1,"closed":-1,"used":1704371623700,"created":1704371623700,"remoteIdentityKey":"BX8rBKhH347nalvOrvRED6nN9C31wKY7G6I9BKPBqhQu"},"_chains":{"BRNDJhvhIImj4p7PlATgKrY5LfyZMcS9t8djHKdBVtBI":{"chainKey":{"counter":0,"key":"5NstnaWWTOrEHb27MPua19q4SRosaQrAUVH3ppFmSC8="},"chainType":1,"messageKeys":{}}},"pendingPreKey":{"signedKeyId":0,"baseKey":"BWBPnicSx3RTS3Q6zEF7wtP7a7cvAxSPRs8Xg4yUQosr","preKeyId":3072158}}},"version":"v1"}