{"_sessions":{"BbfWO/skxWkroTsuRa8vJY1YnxQ0DRraeYeUMV4ku70c":{"registrationId":622915753,"currentRatchet":{"ephemeralKeyPair":{"pubKey":"BYnMjzW0AI6X4sJ/lmdwJSWD7lMZvnmVLoOi7iwyRy8U","privKey":"0OIigHI0j5bLdVGoV9eMzIk8wwKCsJQExROZ3t19r3g="},"lastRemoteEphemeralKey":"Bcrlh+evjkWO5jLtLPAPoJL/oZQpOfWyaIKSzTPq1P8m","previousCounter":0,"rootKey":"LtLXytFkvtomw0Oq5oSBTEER0yaX9pZToXmgzBcjJX4="},"indexInfo":{"baseKey":"BbfWO/skxWkroTsuRa8vJY1YnxQ0DRraeYeUMV4ku70c","baseKeyType":1,"closed":-1,"used":1704371624761,"created":1704371624761,"remoteIdentityKey":"BfEnRq2rhI/TqAqbGdt35hFL2wQQ624mtHw6Ew9QHfYE"},"_chains":{"BYnMjzW0AI6X4sJ/lmdwJSWD7lMZvnmVLoOi7iwyRy8U":{"chainKey":{"counter":0,"key":"3ryqsEsUNLitAcuOvrjcvwtG8WIZLf/owY2OTXrIf3U="},"chainType":1,"messageKeys":{}}},"pendingPreKey":{"signedKeyId":0,"baseKey":"BbfWO/skxWkroTsuRa8vJY1YnxQ0DRraeYeUMV4ku70c"}}},"version":"v1"}