{"_sessions":{"BRp7axVpBGc2VxvHFQzLmzXWBPMotEuRuFb+22FHkIhA":{"registrationId":228,"currentRatchet":{"ephemeralKeyPair":{"pubKey":"BXvU38oN9b97nDjdSmsSQVMx1jf3MNsIoc7r3EF3HDFU","privKey":"wEycfzSKPV2n/niiRCQ+hFMfRhW3hOqTcZB3ixpNZ3E="},"lastRemoteEphemeralKey":"BT3fsXAuxXF4/tP6csbAEfTkiX8usE78DqqEQKyEZbsL","previousCounter":0,"rootKey":"K7NGmsDriqP+GUPyL1XjGxazySaQNam9xj7o2sEPdj4="},"indexInfo":{"baseKey":"BRp7axVpBGc2VxvHFQzLmzXWBPMotEuRuFb+22FHkIhA","baseKeyType":1,"closed":-1,"used":1704371621899,"created":1704371621899,"remoteIdentityKey":"BQw8Ax5QIcjpj65eydbcJLoh3IeMNJZSSF+0RJQ2JnYu"},"_chains":{"BXvU38oN9b97nDjdSmsSQVMx1jf3MNsIoc7r3EF3HDFU":{"chainKey":{"counter":0,"key":"mkwzeulAvdReFG/4Jn/Ngg/x0rhyxQxkVTlqVMUU4PE="},"chainType":1,"messageKeys":{}}},"pendingPreKey":{"signedKeyId":1,"baseKey":"BRp7axVpBGc2VxvHFQzLmzXWBPMotEuRuFb+22FHkIhA"}}},"version":"v1"}