{"_sessions":{"BSp6j78KBnqQ5cDLhzinGpsbafS3bT7ESFj93PdjDcUr":{"registrationId":224,"currentRatchet":{"ephemeralKeyPair":{"pubKey":"BQ+01xTmhESQhGrMntMV5iF9O7ZBdTl43j9jjjVLeQsV","privKey":"eMJAn5Iqb/dzIl4yI7PTdzbvscSsT109xO204ksiGXc="},"lastRemoteEphemeralKey":"BWuuHghWzQjDc3Ffh68Mt9niyizfkRIVst7H4FveMWdP","previousCounter":0,"rootKey":"Gj4PTiQMqZAR+f/cA9SNXwq7oOsbPFNWjxZB5KhPqSE="},"indexInfo":{"baseKey":"BSp6j78KBnqQ5cDLhzinGpsbafS3bT7ESFj93PdjDcUr","baseKeyType":1,"closed":-1,"used":1704371622079,"created":1704371622079,"remoteIdentityKey":"BahdZMenlG9JseiZwboJjUpzjqvrW2sUSyEqqu9sRlN1"},"_chains":{"BQ+01xTmhESQhGrMntMV5iF9O7ZBdTl43j9jjjVLeQsV":{"chainKey":{"counter":0,"key":"z5UfFL6/2kPIkqW+72EkRuz3wOKf5JUEu48mvLfPsok="},"chainType":1,"messageKeys":{}}},"pendingPreKey":{"signedKeyId":1,"baseKey":"BSp6j78KBnqQ5cDLhzinGpsbafS3bT7ESFj93PdjDcUr"}}},"version":"v1"}