{"_sessions":{"BYSl08Lam0nSlLs5YHZSVqzbczwwcToBWyv8YY6unQ9w":{"registrationId":1727743143,"currentRatchet":{"ephemeralKeyPair":{"pubKey":"BcLoLUSYUXn/9wtFB8sNb40mK+Wd+MEYs6l7/8qMq+8K","privKey":"2Jub9wu4JiCa/Yl0CoKnDTgiH/BR7A1zniwoXR6oQE4="},"lastRemoteEphemeralKey":"BRpN5bYMdk/nTYZV/y+/GA5JyEqbg7617t2191w39N0e","previousCounter":0,"rootKey":"U5Tkxrq7KCuts+3nGydqh70bWYJNd6scJhEXCenzsYw="},"indexInfo":{"baseKey":"BYSl08Lam0nSlLs5YHZSVqzbczwwcToBWyv8YY6unQ9w","baseKeyType":1,"closed":-1,"used":1704371623358,"created":1704371623358,"remoteIdentityKey":"BbcDrTYJJes4K4GyCWchQISQybl4X3qIYBLfMFEomhlF"},"_chains":{"BcLoLUSYUXn/9wtFB8sNb40mK+Wd+MEYs6l7/8qMq+8K":{"chainKey":{"counter":0,"key":"Kn6zaw77Y2vTYK5IktR5JxHY7p9NRiSsFqabSv6tTpQ="},"chainType":1,"messageKeys":{}}},"pendingPreKey":{"signedKeyId":2,"baseKey":"BYSl08Lam0nSlLs5YHZSVqzbczwwcToBWyv8YY6unQ9w","preKeyId":13862504}}},"version":"v1"}