{"_sessions":{"BRPet776h1Ki8Jk2fe2CE61rTnkH9PjeK6LMWHRbJ7Fi":{"registrationId":180,"currentRatchet":{"ephemeralKeyPair":{"pubKey":"BS6du8E3bmj+HLk44vT4bC8o9N7CYhYBwfkGtl2Ke6lk","privKey":"+Fu44MUIr9Hcspil9W/EdBesOzQgYLoKLic/j6ioP3k="},"lastRemoteEphemeralKey":"BfMaxxZkDV2MZAJlOFz5y82+DXipmniA3tKP0afPsjMi","previousCounter":0,"rootKey":"0Ay6+03xdODuqby06G8OPeTjrjLVpWF41GuJAdaFmsQ="},"indexInfo":{"baseKey":"BRPet776h1Ki8Jk2fe2CE61rTnkH9PjeK6LMWHRbJ7Fi","baseKeyType":1,"closed":-1,"used":1704371621913,"created":1704371621913,"remoteIdentityKey":"Bd4O/MHyNbRKcd96FLrsZuV2vuaKlJDooSfWW6DRVHUi"},"_chains":{"BS6du8E3bmj+HLk44vT4bC8o9N7CYhYBwfkGtl2Ke6lk":{"chainKey":{"counter":0,"key":"R1351G+sR3E77dfMGb77N4dU4RRyx29ujp/8g2JSYhE="},"chainType":1,"messageKeys":{}}},"pendingPreKey":{"signedKeyId":1,"baseKey":"BRPet776h1Ki8Jk2fe2CE61rTnkH9PjeK6LMWHRbJ7Fi"}}},"version":"v1"}