{"_sessions":{"BYas0awbiqjYkQ5uoCRe48rnSGSyaocoxzqc7ZTFdVZo":{"registrationId":773732263,"currentRatchet":{"ephemeralKeyPair":{"pubKey":"BZmnq5mmb4TiN9sp0Okcf4bf3Tfqz9O1XV4OIX8eQh0s","privKey":"EGaQRp9wpGDthEk5/978K9cWvdPR1gIRrMAWDA2ymXs="},"lastRemoteEphemeralKey":"BQB81sk6WlCH7rZE1XDz2GU2BxN3nT16q9txekKDbw03","previousCounter":0,"rootKey":"/kkBgA7w/Tpx5Sn1W6lsk5LqgYqQDcnYghhRsmsy42g="},"indexInfo":{"baseKey":"BYas0awbiqjYkQ5uoCRe48rnSGSyaocoxzqc7ZTFdVZo","baseKeyType":1,"closed":-1,"used":1704371624998,"created":1704371624998,"remoteIdentityKey":"BYDOhfIMt2VLlJQ9EQaS0NzC34RRqMIBVNAVwXN0Dulk"},"_chains":{"BZmnq5mmb4TiN9sp0Okcf4bf3Tfqz9O1XV4OIX8eQh0s":{"chainKey":{"counter":0,"key":"yoxphPkXKTnvk8mARLKTQr3+q0P1AsoNxUteNI51Y98="},"chainType":1,"messageKeys":{}}},"pendingPreKey":{"signedKeyId":1,"baseKey":"BYas0awbiqjYkQ5uoCRe48rnSGSyaocoxzqc7ZTFdVZo","preKeyId":12439797}}},"version":"v1"}