{"_sessions":{"BZZ8cQCr7AFuNaAvkBJ1gsvAM4ks2FxhXZ7rLQ9X2DAE":{"registrationId":175305641,"currentRatchet":{"ephemeralKeyPair":{"pubKey":"BbGmtHdJRj348Q/L48GMFKtUrRCU596ewe/es62m1zR1","privKey":"8AY4xWZ8QGbyKh3fkdPvuAnSd+Ytqhd+c6xjsa5O92E="},"lastRemoteEphemeralKey":"BU5jkGCCCeMcdCbnPPaitX6hcXfU9OtUeSBGEJ9oPz1G","previousCounter":0,"rootKey":"qLaKTcOdJcy/RzJNeDGbgcMVvULWpdSwmzvPFHhoYjE="},"indexInfo":{"baseKey":"BZZ8cQCr7AFuNaAvkBJ1gsvAM4ks2FxhXZ7rLQ9X2DAE","baseKeyType":1,"closed":-1,"used":1704371622656,"created":1704371622656,"remoteIdentityKey":"BTmJZOcMo+cHk1QXD1adKRkbIT91yYYbI944siwQHm8j"},"_chains":{"BbGmtHdJRj348Q/L48GMFKtUrRCU596ewe/es62m1zR1":{"chainKey":{"counter":0,"key":"GxYCho7eYRFnrEIXNbfZ3jSVLC3d7NNKXNspXsYyG0w="},"chainType":1,"messageKeys":{}}},"pendingPreKey":{"signedKeyId":0,"baseKey":"BZZ8cQCr7AFuNaAvkBJ1gsvAM4ks2FxhXZ7rLQ9X2DAE"}}},"version":"v1"}