{"_sessions":{"BY6irXVwCBmJMH9ZoneKu/hLNcuP8Bu/ViaPaqXN/O5D":{"registrationId":1866709058,"currentRatchet":{"ephemeralKeyPair":{"pubKey":"BZuAHKOg6IYPWMbP2S+7FOFNgzr+ANWoA8gBzZBfDxd6","privKey":"mBnX46kBgdgdN8OhvtTkUlBF07Mm7GS6y+H+N1TkMFI="},"lastRemoteEphemeralKey":"BbdcWdPP/h+mZJU9IpbFTSFUnedXhVIpAJbeiJecjgd5","previousCounter":0,"rootKey":"H6dzrXo1ycu4NyrFXEPfU3p32uogqzg02dBAXL2KOQQ="},"indexInfo":{"baseKey":"BY6irXVwCBmJMH9ZoneKu/hLNcuP8Bu/ViaPaqXN/O5D","baseKeyType":1,"closed":-1,"used":1704371623844,"created":1704371623844,"remoteIdentityKey":"BeJkJXKczDdIb3OF1W4tHNYFmNPZtltWcZIUtMBAqphJ"},"_chains":{"BZuAHKOg6IYPWMbP2S+7FOFNgzr+ANWoA8gBzZBfDxd6":{"chainKey":{"counter":0,"key":"NT0BauciTrMA1ttpDdY6vAn53HDYZ1BfN+g9dEQoP78="},"chainType":1,"messageKeys":{}}},"pendingPreKey":{"signedKeyId":4,"baseKey":"BY6irXVwCBmJMH9ZoneKu/hLNcuP8Bu/ViaPaqXN/O5D"}}},"version":"v1"}