{"_sessions":{"Bd3G6gI1mz3zDIZxjrnfxq8njk+B8CsUigfycWhaBot8":{"registrationId":1300842142,"currentRatchet":{"ephemeralKeyPair":{"pubKey":"BfDPcmRJpX8r4dB1bPcoGxKu0RLuYbbrFi/mO+gJL6pu","privKey":"4BHc/NMR4lNdHLp5HHK1VkowBeulQCaXUJOZfTelOWs="},"lastRemoteEphemeralKey":"BeP9CTsofJLC5nb67VggnWzZQoXu5u9C+IH+RVjqp8oL","previousCounter":0,"rootKey":"At0fJMDmb8rbuzPelYcbafCbhmr1c1hVsffCpYHOdAI="},"indexInfo":{"baseKey":"Bd3G6gI1mz3zDIZxjrnfxq8njk+B8CsUigfycWhaBot8","baseKeyType":1,"closed":-1,"used":1704371624932,"created":1704371624932,"remoteIdentityKey":"BQIw08OYvylDQx07/dWwf7VnX9ZAVVV1SUey1AnxEl5t"},"_chains":{"BfDPcmRJpX8r4dB1bPcoGxKu0RLuYbbrFi/mO+gJL6pu":{"chainKey":{"counter":0,"key":"0neMpo5OXAGT0ah3x3QKkt/fqHeM5YkwRTVpStHVVK4="},"chainType":1,"messageKeys":{}}},"pendingPreKey":{"signedKeyId":0,"baseKey":"Bd3G6gI1mz3zDIZxjrnfxq8njk+B8CsUigfycWhaBot8"}}},"version":"v1"}