{"_sessions":{"BYTyMDu6LPu97eWwFtw7Hv87Y6H9BOfyroCeDzUkIXkG":{"registrationId":124648900,"currentRatchet":{"ephemeralKeyPair":{"pubKey":"BeLcFRiQp5zcb8rQJd1ykrekWbxJmZGKZzcThKFzQsAa","privKey":"yNDCi4aCHpSUJlbSQ1C7Hx2sWGXaqGbm2Sz0k4+3+0k="},"lastRemoteEphemeralKey":"BfD9De44PaDuMvjB7nV9RxCa7Ex6cgU6CWbuZOcP2DtH","previousCounter":0,"rootKey":"PmsVNJrchmqMVlUvSMUimWtnGCWApPF9HHcNHYVhbdw="},"indexInfo":{"baseKey":"BYTyMDu6LPu97eWwFtw7Hv87Y6H9BOfyroCeDzUkIXkG","baseKeyType":1,"closed":-1,"used":1704371623766,"created":1704371623766,"remoteIdentityKey":"BTCo25zgmI4cBJ1NugpFdZ7K4G9Faiu+pKvVLBYDidJW"},"_chains":{"BeLcFRiQp5zcb8rQJd1ykrekWbxJmZGKZzcThKFzQsAa":{"chainKey":{"counter":0,"key":"MLWWejMysYuaPIgAl7iG6d2l3ZdptEU1ekWEE+579vQ="},"chainType":1,"messageKeys":{}}},"pendingPreKey":{"signedKeyId":0,"baseKey":"BYTyMDu6LPu97eWwFtw7Hv87Y6H9BOfyroCeDzUkIXkG"}}},"version":"v1"}