{"_sessions":{"BTXfC30gyRMX4ThDRYs7uqj5ieOb7fl/iCcD2FNXVQMg":{"registrationId":224,"currentRatchet":{"ephemeralKeyPair":{"pubKey":"BQtnue/+QbOZRwKxVFkv47B+Qn3XD7C88r8dGFppuCMx","privKey":"EMSD6L0rW2WIfC8c5sxrJEimb1eK6BIqTsVbMGnVd2I="},"lastRemoteEphemeralKey":"BeLYYS0oop2EVnuuY4D9oxt9Zz8sQnoJayOrK2YdqApm","previousCounter":0,"rootKey":"pJk3dfSnL1JKuR10u7gDFv8z3rJNrESSyD8rvB9NN68="},"indexInfo":{"baseKey":"BTXfC30gyRMX4ThDRYs7uqj5ieOb7fl/iCcD2FNXVQMg","baseKeyType":1,"closed":-1,"used":1704371621264,"created":1704371621264,"remoteIdentityKey":"BResYxemDA14ajawDF7OJM6BlzAlkHn/qzcPpRMPFM0A"},"_chains":{"BQtnue/+QbOZRwKxVFkv47B+Qn3XD7C88r8dGFppuCMx":{"chainKey":{"counter":0,"key":"6lb+GoilEbirDiNFozfS2jnIG8JBXHhLmQAIB2Do/V0="},"chainType":1,"messageKeys":{}}},"pendingPreKey":{"signedKeyId":1,"baseKey":"BTXfC30gyRMX4ThDRYs7uqj5ieOb7fl/iCcD2FNXVQMg"}}},"version":"v1"}