{"_sessions":{"BQn5HkrVl0lMaY9rgq5BGHGlkNdsfCSJ0RCffkP2+vQM":{"registrationId":87,"currentRatchet":{"ephemeralKeyPair":{"pubKey":"BViRFkJMe9dmyHquv1AlmyeSx3w/GXZUvZP1hVDvwscK","privKey":"kM4Gl1QKLDxBXQ4mtCbBNXZUiTLq37Z6D7K1cz86p3M="},"lastRemoteEphemeralKey":"BRqv0/LFgGJw0KzBObTQx2AgWnWxCEbiFXXScwXukwAe","previousCounter":0,"rootKey":"Gz4ugCHSp1O2PuHKAZMPa0qcB4IHrIajgIrn4bUQ1Ko="},"indexInfo":{"baseKey":"BQn5HkrVl0lMaY9rgq5BGHGlkNdsfCSJ0RCffkP2+vQM","baseKeyType":1,"closed":-1,"used":1704371621628,"created":1704371621628,"remoteIdentityKey":"BbJVqs7F8R33LSzN/2UayWZVPNr2FFhxLKKWaUrG22c4"},"_chains":{"BViRFkJMe9dmyHquv1AlmyeSx3w/GXZUvZP1hVDvwscK":{"chainKey":{"counter":0,"key":"L7mY3AoZEbN1J2X+5edb7+fGSwF/r5knaD+nbIzoqfw="},"chainType":1,"messageKeys":{}}},"pendingPreKey":{"signedKeyId":1,"baseKey":"BQn5HkrVl0lMaY9rgq5BGHGlkNdsfCSJ0RCffkP2+vQM"}}},"version":"v1"}