{"_sessions":{"BUSICsyYjfm3ZcUnqGv0g3dcB3SwPEc2F4JFFJq+qvcW":{"registrationId":265465179,"currentRatchet":{"ephemeralKeyPair":{"pubKey":"BQO56bypeAcloVLss+9rHyAezECyUUB9snfQh86BYJ9M","privKey":"CDsRVMZ9u8HzNOWfbPEVJbR6iOv0F81X3PYMLimIw28="},"lastRemoteEphemeralKey":"BQnwM+e2ypmKR+YwSvEqkWUeGlFuQupS2tggZZLOrDQE","previousCounter":0,"rootKey":"4CpdTN5Xmjgatg5v+Nytu554dZVf5OcH5jiOLNjWArw="},"indexInfo":{"baseKey":"BUSICsyYjfm3ZcUnqGv0g3dcB3SwPEc2F4JFFJq+qvcW","baseKeyType":1,"closed":-1,"used":1704371623951,"created":1704371623951,"remoteIdentityKey":"BY3wBSrpISptpmdhc75JbCEYhPVHrCvAg0yAv0pfYmkc"},"_chains":{"BQO56bypeAcloVLss+9rHyAezECyUUB9snfQh86BYJ9M":{"chainKey":{"counter":0,"key":"kCLN8AIO9f1s8FUyKAihL9NE3Uy1vaRanDz4Um3tSLU="},"chainType":1,"messageKeys":{}}},"pendingPreKey":{"signedKeyId":1,"baseKey":"BUSICsyYjfm3ZcUnqGv0g3dcB3SwPEc2F4JFFJq+qvcW","preKeyId":3502978}}},"version":"v1"}