{"_sessions":{"BUez2cv+Qt6Wh3188WvUccoOg+nh6uU9VhrpW3UXoTcW":{"registrationId":1172796221,"currentRatchet":{"ephemeralKeyPair":{"pubKey":"BVvHjH7en+JG0jTGvljS6NKWFzDKarGLpgUXQX2Vv0VJ","privKey":"wNU7SEJDtjX5KI/VdJrB6q+DzZXYV0p0UE2NINETdEc="},"lastRemoteEphemeralKey":"BZAy4FjuHWDL7jKAz6uE/3Wa/L1lTZjFyf4anDvkYe8F","previousCounter":0,"rootKey":"00QQowrhHx+SWdjCtYpblIcq9COhGVh57AnOEMTlmqg="},"indexInfo":{"baseKey":"BUez2cv+Qt6Wh3188WvUccoOg+nh6uU9VhrpW3UXoTcW","baseKeyType":1,"closed":-1,"used":1704371623555,"created":1704371623555,"remoteIdentityKey":"Bb0qaORoFirPxRzrwy4k9Bh12Ms32sgzVjihXtZj2NEn"},"_chains":{"BVvHjH7en+JG0jTGvljS6NKWFzDKarGLpgUXQX2Vv0VJ":{"chainKey":{"counter":0,"key":"aFg13bJDf7BOP2QO7zEpGiONDKYiAH7yDrqTOYmVTGA="},"chainType":1,"messageKeys":{}}},"pendingPreKey":{"signedKeyId":0,"baseKey":"BUez2cv+Qt6Wh3188WvUccoOg+nh6uU9VhrpW3UXoTcW","preKeyId":2370804}}},"version":"v1"}