{"_sessions":{"BZ1Z6VuwgxWddpozeam2vFILOAIpTrpASDgX3xSwviJU":{"registrationId":1641158852,"currentRatchet":{"ephemeralKeyPair":{"pubKey":"BfjnoHkuUEuqS95V/u7KsAFF7DcqYSrQ90Z4r9FHC9Ep","privKey":"kNJzcMPwmLx78WX0/tBKBLpSzK8DdJSZoa5kxiAn/1I="},"lastRemoteEphemeralKey":"Bd2XAauLzPY2XIy1MmvRMEKo7mnzupP7Bh5JA7BCq/x+","previousCounter":0,"rootKey":"IziYidk/c6ZDCSY84QO27NJIE+x97QYJ2qrnU2FWv9M="},"indexInfo":{"baseKey":"BZ1Z6VuwgxWddpozeam2vFILOAIpTrpASDgX3xSwviJU","baseKeyType":1,"closed":-1,"used":1704371624964,"created":1704371624964,"remoteIdentityKey":"BQfsikas5h7ENj3z58GekH2u7dbkABZfIKVtfzeOu2h2"},"_chains":{"BfjnoHkuUEuqS95V/u7KsAFF7DcqYSrQ90Z4r9FHC9Ep":{"chainKey":{"counter":0,"key":"hKdWpPjpMBJkYlBOkS/gZf/I4tuLNJ2mdZFjps3p4IE="},"chainType":1,"messageKeys":{}}},"pendingPreKey":{"signedKeyId":2,"baseKey":"BZ1Z6VuwgxWddpozeam2vFILOAIpTrpASDgX3xSwviJU","preKeyId":4891019}}},"version":"v1"}