{"_sessions":{"BVDj6oJe82G6AQiebJcgqKBmXsnjGWPZHGwHQtpzAiI9":{"registrationId":10041625,"currentRatchet":{"ephemeralKeyPair":{"pubKey":"BVcdmVloZNlsppvSTIsa9qtlSlA+NCK+iB3h8WzoKMdH","privKey":"cBYdQJ6TKk6n9ybavqmHL4imqevh00cP3ExkI5Ckplc="},"lastRemoteEphemeralKey":"Bd+OJssodD9FEOjW2oSt3B9mugCxiqrgUX0iLvGCyIdM","previousCounter":0,"rootKey":"7UWyUEAZTVSxJidK0wwCz/+2WcJgKzV9aY264ok7MBY="},"indexInfo":{"baseKey":"BVDj6oJe82G6AQiebJcgqKBmXsnjGWPZHGwHQtpzAiI9","baseKeyType":1,"closed":-1,"used":1704371623858,"created":1704371623858,"remoteIdentityKey":"BdK2wL1aHay5MHMx21FW7AHJsA2/23k0ztdzk6Zy8J1z"},"_chains":{"BVcdmVloZNlsppvSTIsa9qtlSlA+NCK+iB3h8WzoKMdH":{"chainKey":{"counter":0,"key":"e8uFohI1qLdOKVpBhyHkwhV9BE+8mYUJ7/+DLGOhaY4="},"chainType":1,"messageKeys":{}}},"pendingPreKey":{"signedKeyId":0,"baseKey":"BVDj6oJe82G6AQiebJcgqKBmXsnjGWPZHGwHQtpzAiI9","preKeyId":2294298}}},"version":"v1"}