{"_sessions":{"BRUK2w6uKOD92Nz6VfubFkySP04giE9QkHroG8BvtJQb":{"registrationId":140,"currentRatchet":{"ephemeralKeyPair":{"pubKey":"Bd7i8DtT3dkSvGnuLrqbCbH+OnJ3TeHaEAQcCXgNgppK","privKey":"eL6xtDxMTHplIX0dnvcIYo8V181jXLFTazBkEkgsgVg="},"lastRemoteEphemeralKey":"BYkjyqCTedLfX2d1ZVh4MsnD1ZiF5m6mlygZPI6p03lU","previousCounter":0,"rootKey":"ZkYLAH4nj20E7mIpDI9qMkZF9LvJi6ps5beqI6dvdrI="},"indexInfo":{"baseKey":"BRUK2w6uKOD92Nz6VfubFkySP04giE9QkHroG8BvtJQb","baseKeyType":1,"closed":-1,"used":1704371621290,"created":1704371621290,"remoteIdentityKey":"BbSuoG5JiU94A9aLC+FHcDc9eZVOu01GFypaVzJE09Ms"},"_chains":{"Bd7i8DtT3dkSvGnuLrqbCbH+OnJ3TeHaEAQcCXgNgppK":{"chainKey":{"counter":0,"key":"j64Z6JelkuMm8HphxYOCyP8VkIl3eMuaDll05E0spiw="},"chainType":1,"messageKeys":{}}},"pendingPreKey":{"signedKeyId":1,"baseKey":"BRUK2w6uKOD92Nz6VfubFkySP04giE9QkHroG8BvtJQb"}}},"version":"v1"}