{"_sessions":{"BbzBSINEktTpLaXUwoCK9wfrl5AkAWwGtwmXqyJl0t1z":{"registrationId":192,"currentRatchet":{"ephemeralKeyPair":{"pubKey":"BeNr4p47X4FdrZWU2KElrWosJtWpoTOucG9CEH/0KUJm","privKey":"MKe0rcPwNYGyQe/oV7zdBnUZ5bdRZGHWN6z0InX9yEQ="},"lastRemoteEphemeralKey":"Bann7qMeXUvVwEPWsuI4puDDAexSekGxS6Xy0+2wridF","previousCounter":0,"rootKey":"AUcXVpFix2nAnFydn+QR3oviKZ215pbXyxijOjEcLvI="},"indexInfo":{"baseKey":"BbzBSINEktTpLaXUwoCK9wfrl5AkAWwGtwmXqyJl0t1z","baseKeyType":1,"closed":-1,"used":1704371621831,"created":1704371621831,"remoteIdentityKey":"BUekCYvyeMYu3rFL0o+xtVol+jRtfJ9T2G/QHJhdSG5H"},"_chains":{"BeNr4p47X4FdrZWU2KElrWosJtWpoTOucG9CEH/0KUJm":{"chainKey":{"counter":0,"key":"sSxOVlJgVBs6Bh2pSAMOn+Kg8yPIGwjxMd1GKEk20tQ="},"chainType":1,"messageKeys":{}}},"pendingPreKey":{"signedKeyId":1,"baseKey":"BbzBSINEktTpLaXUwoCK9wfrl5AkAWwGtwmXqyJl0t1z"}}},"version":"v1"}