{"_sessions":{"Bet8YoyNeeSkqg9uMdvIGZJX5eXTRsomFcuxSQERCm4J":{"registrationId":1744275735,"currentRatchet":{"ephemeralKeyPair":{"pubKey":"BSbDVk4E//K8N3EHYnuE9G0gzfuWAEzpr3GBBgdUv2BB","privKey":"4Kd+Cv69+kftJOi+Z60OER7p0yFIYxnof8Kz5NLpDGY="},"lastRemoteEphemeralKey":"BbXPDVKvVe1QGQur3wBYzs68kCsEmaITUCs6q+mZpsdd","previousCounter":0,"rootKey":"Q1By/W1V6UStZrWXYrrQOYj9EPt5Ff2Gez4g+erUdnU="},"indexInfo":{"baseKey":"Bet8YoyNeeSkqg9uMdvIGZJX5eXTRsomFcuxSQERCm4J","baseKeyType":1,"closed":-1,"used":1704371624241,"created":1704371624241,"remoteIdentityKey":"Bbyt3xlngXxokMmFG1qR1Baei0yzTXnbj+oYj95ZDzQ5"},"_chains":{"BSbDVk4E//K8N3EHYnuE9G0gzfuWAEzpr3GBBgdUv2BB":{"chainKey":{"counter":0,"key":"dTrbuQPEFcaRI7tjjwTaM3id+UVMtJ68YnwzEewYH4k="},"chainType":1,"messageKeys":{}}},"pendingPreKey":{"signedKeyId":0,"baseKey":"Bet8YoyNeeSkqg9uMdvIGZJX5eXTRsomFcuxSQERCm4J","preKeyId":6918413}}},"version":"v1"}