{"_sessions":{"BVyU7apZ1HDtPMKN6mzI6p1AZtnhOqWj0pCaQWPif4kK":{"registrationId":2035377737,"currentRatchet":{"ephemeralKeyPair":{"pubKey":"BXxZ49zoTH5oy1iOtseBAOKn6lPlht7Q6Zb7+OjYnMBy","privKey":"mO4HqMqlBZB8i7in/NtJJTJM3ZffYdwT3hdiaFfGHGA="},"lastRemoteEphemeralKey":"BdK8gNX99xCmzcJ+bBJfsWWi12el82RegCdvuwurkswp","previousCounter":0,"rootKey":"huE4RUmMgi2Vt6jw81VRfdRzH6+/MQTUNyfPSM+nhZ8="},"indexInfo":{"baseKey":"BVyU7apZ1HDtPMKN6mzI6p1AZtnhOqWj0pCaQWPif4kK","baseKeyType":1,"closed":-1,"used":1704371623252,"created":1704371623252,"remoteIdentityKey":"BcZYeGqpTeXgWRNocNV/HimJrmjf32Y8ma5xsI6xCRc0"},"_chains":{"BXxZ49zoTH5oy1iOtseBAOKn6lPlht7Q6Zb7+OjYnMBy":{"chainKey":{"counter":0,"key":"aBzpgsHxcmMJu8uZkiWxwdNdb1hs0k6TjunBDdfVvuU="},"chainType":1,"messageKeys":{}}},"pendingPreKey":{"signedKeyId":0,"baseKey":"BVyU7apZ1HDtPMKN6mzI6p1AZtnhOqWj0pCaQWPif4kK","preKeyId":6113710}}},"version":"v1"}