{"_sessions":{"BcTvLNFDMva0ifTrVE1ZDOBPRHaCGt3HrisEqYE0syss":{"registrationId":864457081,"currentRatchet":{"ephemeralKeyPair":{"pubKey":"BX+nk1mZV7G4sRBfetcbCd/MB4jWPc35AnWSlDYiey9h","privKey":"AFFpfpqNptjG3HTx41u0PSNIl1hfuHTu7CqfwAlTBXY="},"lastRemoteEphemeralKey":"Bbc0D+P0zGWxUiBMCH1yBJ9rm2Fj3X9c5Ky0AslUHg4I","previousCounter":0,"rootKey":"KC3IbTx4HPei/icDEqsWy6euD4hj4KdU9Y7o51c8cas="},"indexInfo":{"baseKey":"BcTvLNFDMva0ifTrVE1ZDOBPRHaCGt3HrisEqYE0syss","baseKeyType":1,"closed":-1,"used":1704371623570,"created":1704371623570,"remoteIdentityKey":"BXTYFKrxgV6Vgi2bW5Tdv8RfRLEP5vjHI6BmCWJo9wEw"},"_chains":{"BX+nk1mZV7G4sRBfetcbCd/MB4jWPc35AnWSlDYiey9h":{"chainKey":{"counter":0,"key":"C+d34tTKd74Jf34tTqAfEhdhffcUJqeZtCqczrxKCSw="},"chainType":1,"messageKeys":{}}},"pendingPreKey":{"signedKeyId":1,"baseKey":"BcTvLNFDMva0ifTrVE1ZDOBPRHaCGt3HrisEqYE0syss","preKeyId":1698468}}},"version":"v1"}