{"_sessions":{"BUHW0wHYN6PwN94hyAKr0wFtQkMb5A9pyV2+76RzdTJR":{"registrationId":952122461,"currentRatchet":{"ephemeralKeyPair":{"pubKey":"BY5PROUqo+6TpCLPcQQ6z9WV6xD+QSgGvnQRtSHzOSd+","privKey":"uFJa55OyTOVOH3jvv15aSdH0mDDzw0BjW1Zw/0XjsnY="},"lastRemoteEphemeralKey":"BW7accVr4YdRxXYxA95mM4zYOf3O+OtlxOzSlRxBY/B9","previousCounter":0,"rootKey":"NmiibEh6/17BeGaXQ5M6BOuZabir6ARIQ6oE7lfbCcI="},"indexInfo":{"baseKey":"BUHW0wHYN6PwN94hyAKr0wFtQkMb5A9pyV2+76RzdTJR","baseKeyType":1,"closed":-1,"used":1704371622777,"created":1704371622777,"remoteIdentityKey":"BWM6AF2ntueRbGIdmN89OuLZolm44qkvYNYHJvCnSSYW"},"_chains":{"BY5PROUqo+6TpCLPcQQ6z9WV6xD+QSgGvnQRtSHzOSd+":{"chainKey":{"counter":0,"key":"FqZZA5ZEmxqHBTQDvZhmJJ0p92bhjOcib/gmrjU5JVo="},"chainType":1,"messageKeys":{}}},"pendingPreKey":{"signedKeyId":0,"baseKey":"BUHW0wHYN6PwN94hyAKr0wFtQkMb5A9pyV2+76RzdTJR","preKeyId":7790907}}},"version":"v1"}