{"_sessions":{"BSkAyzmeS5mnV2GWH+aDdPEKKF+3PDzZAg//2v2YeyBS":{"registrationId":144,"currentRatchet":{"ephemeralKeyPair":{"pubKey":"BWn698DaH98OQaZhvzw/VDfFxP65v2ZKNU5JYVRBxUlN","privKey":"QD4c8P8eai2l8kHpBul8N5cZnCXApEDc2lAWLmllDks="},"lastRemoteEphemeralKey":"BZ28erE5DSN92YblmXZ/ktJUi1f6vTDAYbv7xxF9MWlg","previousCounter":0,"rootKey":"dUpC/QuWigG2bYk4bE9LWll7JIP5EBAKaI3wbPkjDgE="},"indexInfo":{"baseKey":"BSkAyzmeS5mnV2GWH+aDdPEKKF+3PDzZAg//2v2YeyBS","baseKeyType":1,"closed":-1,"used":1704371622090,"created":1704371622090,"remoteIdentityKey":"Ba4nlBF6BkEw9t5ONVFuj9A8Y2tC46OIbd+HmTAMk0J6"},"_chains":{"BWn698DaH98OQaZhvzw/VDfFxP65v2ZKNU5JYVRBxUlN":{"chainKey":{"counter":0,"key":"9HCJLPCwy0L8o4mI7DIqcEsC2pOQCe/7JZkFaNl96tY="},"chainType":1,"messageKeys":{}}},"pendingPreKey":{"signedKeyId":1,"baseKey":"BSkAyzmeS5mnV2GWH+aDdPEKKF+3PDzZAg//2v2YeyBS"}}},"version":"v1"}