{"_sessions":{"BRSK2IhgANgSfs+pLuq+MLMsnxBQUfLXEd3GmtJos3cA":{"registrationId":2069414060,"currentRatchet":{"ephemeralKeyPair":{"pubKey":"BVpBWBpotNVqrsgZPSSA9zvkAPHTOL4G7T3zPWxicfNR","privKey":"4FRXI0Ur2s9ihPMeFgnfnSP4ug2RNiRb8wT/K9zSy2M="},"lastRemoteEphemeralKey":"BQTKF7/KiXHaLEija8z24tBxDs3L9csB4IUuc2R04cEt","previousCounter":0,"rootKey":"Vy2+vCXdVIKYQuLCI3jMK79GHwK0mti5Oz1F2CNheJU="},"indexInfo":{"baseKey":"BRSK2IhgANgSfs+pLuq+MLMsnxBQUfLXEd3GmtJos3cA","baseKeyType":1,"closed":-1,"used":1704371622954,"created":1704371622954,"remoteIdentityKey":"BYTGceGBZVdW/uiiR01o/iD7kcK+e6A86AdJt87VZEFd"},"_chains":{"BVpBWBpotNVqrsgZPSSA9zvkAPHTOL4G7T3zPWxicfNR":{"chainKey":{"counter":0,"key":"cadR35SOLvWaU7gJvrawgyGf1S0r+fLH11M093K98F8="},"chainType":1,"messageKeys":{}}},"pendingPreKey":{"signedKeyId":0,"baseKey":"BRSK2IhgANgSfs+pLuq+MLMsnxBQUfLXEd3GmtJos3cA","preKeyId":14846939}}},"version":"v1"}