{"_sessions":{"BVZ+3d9g8cVViV7MPriiaIos+X/eOM9Jpu7ZTie1MIkY":{"registrationId":849118650,"currentRatchet":{"ephemeralKeyPair":{"pubKey":"Bd2mS84rmmZoRAQnx4H2/13xBJqgthOelbxpEza7lPg8","privKey":"GJsKbgPpd/6jG/XZ8hed1g8ZBCC/x2Mp8D6oz4xj50Q="},"lastRemoteEphemeralKey":"BTL4KSS77TXQV0mCrIB3iwxBJaVKXH69q9aCMcMNw6k4","previousCounter":0,"rootKey":"Lwm1zU0LRbtsP05Fk+pfa7Z1aqDvtIXu5fF5dkrVHaw="},"indexInfo":{"baseKey":"BVZ+3d9g8cVViV7MPriiaIos+X/eOM9Jpu7ZTie1MIkY","baseKeyType":1,"closed":-1,"used":1704371623199,"created":1704371623199,"remoteIdentityKey":"BZk3UVJYVd+33T6Ql42r+0TSoqjDEFjfxUpqZadSfXMG"},"_chains":{"Bd2mS84rmmZoRAQnx4H2/13xBJqgthOelbxpEza7lPg8":{"chainKey":{"counter":0,"key":"dCSL8Ztv+odfLov3DkO44KnC6dVs5aHKlkikMDo/iIA="},"chainType":1,"messageKeys":{}}},"pendingPreKey":{"signedKeyId":2,"baseKey":"BVZ+3d9g8cVViV7MPriiaIos+X/eOM9Jpu7ZTie1MIkY","preKeyId":8092178}}},"version":"v1"}