{"_sessions":{"BZHGvvN4XWvYNs4rx48A0bGf4EMuww6E9JjoF6u0d6YY":{"registrationId":239,"currentRatchet":{"ephemeralKeyPair":{"pubKey":"Bepn0LTUUifTvV2MeBLRRJ+dhSWgL8eMUmkHx+vjiL0J","privKey":"qF9oBct5yzoBDy2+ccwz1RSjAIr3MCX6Q/8regbpR2U="},"lastRemoteEphemeralKey":"BWXVn2XGh9ln4njXsLd7+JFXpFJtcGMQhFdZFZXJBwcM","previousCounter":0,"rootKey":"fLnI0QObbGDkD7cWiAai8LN/kAHMoyvJQVI92iYWd0I="},"indexInfo":{"baseKey":"BZHGvvN4XWvYNs4rx48A0bGf4EMuww6E9JjoF6u0d6YY","baseKeyType":1,"closed":-1,"used":1704371622715,"created":1704371622715,"remoteIdentityKey":"BXA3Y4+1Jl5cNIoFrcHu1NcuGaCLwIQiZ4GRH/UvGmly"},"_chains":{"Bepn0LTUUifTvV2MeBLRRJ+dhSWgL8eMUmkHx+vjiL0J":{"chainKey":{"counter":0,"key":"3xSaGHclp5XrWX6cwOq93HE7oi6rnioB5Ea0RCrKZFo="},"chainType":1,"messageKeys":{}}},"pendingPreKey":{"signedKeyId":1,"baseKey":"BZHGvvN4XWvYNs4rx48A0bGf4EMuww6E9JjoF6u0d6YY"}}},"version":"v1"}