{"_sessions":{"Bf5LZobkhMGcnKWMzSWwvX/FSAkIjq979rVLUwCPiXRF":{"registrationId":625436480,"currentRatchet":{"ephemeralKeyPair":{"pubKey":"Bb506V3UCF0aPOxoyv3pJpIY3ICkyu1gmE45pIGL/9Qh","privKey":"AIRdn8oSHai8l135SHcaY3+VtW5A9UCJL2wdlOXoq0c="},"lastRemoteEphemeralKey":"Bc4SHlAtm+zEmBgxgwLBzHbakAx0wZB0in8hUvN+HJVP","previousCounter":0,"rootKey":"+f+1OABSDtT3LCPtNuzX9+WshCulzuo7SRu8bv6HLy4="},"indexInfo":{"baseKey":"Bf5LZobkhMGcnKWMzSWwvX/FSAkIjq979rVLUwCPiXRF","baseKeyType":1,"closed":-1,"used":1704371622990,"created":1704371622990,"remoteIdentityKey":"BcvvdG7FTLFhYlmYHfqueXVNQq8G5chSybhRZpNIPCcC"},"_chains":{"Bb506V3UCF0aPOxoyv3pJpIY3ICkyu1gmE45pIGL/9Qh":{"chainKey":{"counter":0,"key":"MNsLP9QZMs8vkhNZ9YJRlMPrGnuVUdOTv8K+USbSP/g="},"chainType":1,"messageKeys":{}}},"pendingPreKey":{"signedKeyId":0,"baseKey":"Bf5LZobkhMGcnKWMzSWwvX/FSAkIjq979rVLUwCPiXRF","preKeyId":7103963}}},"version":"v1"}