{"_sessions":{"BSg+msDf5tIpF7oip2kvX3+Us+j0v+cdcAIb7Xvwdmwy":{"registrationId":298259333,"currentRatchet":{"ephemeralKeyPair":{"pubKey":"BbOV375zEmugvFBrB3wiXXH8yj0JMF6vnt6EwWuDfd9i","privKey":"wO0tT0Nf7HaFYX3yWQyWvDTtncur4rbwNG5DhicqDl0="},"lastRemoteEphemeralKey":"Bc+Y8eZ2tCFe/oWSCiHgwKBg2G2VHblr0VgAFBY5u+pA","previousCounter":0,"rootKey":"caculE9uSEXS0wrVTLDNTPknn34j28WQ10cuFQHgW8g="},"indexInfo":{"baseKey":"BSg+msDf5tIpF7oip2kvX3+Us+j0v+cdcAIb7Xvwdmwy","baseKeyType":1,"closed":-1,"used":1704371623528,"created":1704371623528,"remoteIdentityKey":"Bbh41EMAMlE687+ENF4bO8NMHtlhWMP6DWw2jWK6TVBf"},"_chains":{"BbOV375zEmugvFBrB3wiXXH8yj0JMF6vnt6EwWuDfd9i":{"chainKey":{"counter":0,"key":"O8K9mms7CGCPpkbiANZewCJjGh8Sqxp72P4LN8DcsaQ="},"chainType":1,"messageKeys":{}}},"pendingPreKey":{"signedKeyId":0,"baseKey":"BSg+msDf5tIpF7oip2kvX3+Us+j0v+cdcAIb7Xvwdmwy","preKeyId":13853438}}},"version":"v1"}