{"_sessions":{"BTGCxn0AZ2wasWkZ4cQzO7YROxH5Vb62FTy4nXp2Il5z":{"registrationId":251,"currentRatchet":{"ephemeralKeyPair":{"pubKey":"BcbmqVdO99qnFFkW64efJ6f1Apwly7pWfHrsTCbVhD0Q","privKey":"oNuuRVsBgS+TQYmEmlB/gOQUTyDsfraJHnubbWBdt0c="},"lastRemoteEphemeralKey":"BefmI2eqV73FMFx8ezITiDOW0EWa4i4TSsDMbtCl4MtB","previousCounter":0,"rootKey":"onptmyM+dby1b8WZvzShB9Cj5ifbV0Zxoz3N38gIdGE="},"indexInfo":{"baseKey":"BTGCxn0AZ2wasWkZ4cQzO7YROxH5Vb62FTy4nXp2Il5z","baseKeyType":1,"closed":-1,"used":1704371621579,"created":1704371621579,"remoteIdentityKey":"Ba6QV06ST1EIApixxpb9GIVEbTu15mpeaoPd438kd5dy"},"_chains":{"BcbmqVdO99qnFFkW64efJ6f1Apwly7pWfHrsTCbVhD0Q":{"chainKey":{"counter":0,"key":"LYXF50pQ+rOqTuNZS0Mjbi4/PAsysoulRiltrfJRlIM="},"chainType":1,"messageKeys":{}}},"pendingPreKey":{"signedKeyId":1,"baseKey":"BTGCxn0AZ2wasWkZ4cQzO7YROxH5Vb62FTy4nXp2Il5z"}}},"version":"v1"}