{"_sessions":{"Bb8w7jW72NfUOIRrTwboTxZVFm9rVZTPBd8Xk0c+Si5R":{"registrationId":1656560378,"currentRatchet":{"ephemeralKeyPair":{"pubKey":"BWogYPltcF9Ve3IthSZoxY08GN9aSmD4nkmJSIXx4fxi","privKey":"WH/c1XwwaMC7CDrk+MqtmJFyVOBM4SimnLFA68RM0mU="},"lastRemoteEphemeralKey":"BcOvz5xboZORaN1BzGqAWzDpE6NgkNYSZMfB6F7mcSN6","previousCounter":0,"rootKey":"VpIlCQlibBfdMVge69PjAljN2AUsAXtL63nHvpR4sIw="},"indexInfo":{"baseKey":"Bb8w7jW72NfUOIRrTwboTxZVFm9rVZTPBd8Xk0c+Si5R","baseKeyType":1,"closed":-1,"used":1704371624792,"created":1704371624792,"remoteIdentityKey":"BUeYo7jajkHhwZ7FEM/CXsPSukQpw2kq5A8x/nfov1lD"},"_chains":{"BWogYPltcF9Ve3IthSZoxY08GN9aSmD4nkmJSIXx4fxi":{"chainKey":{"counter":0,"key":"Tw9pK3gRQ3joX9Z37D90eiQZENna143VsEVC43bTW3g="},"chainType":1,"messageKeys":{}}},"pendingPreKey":{"signedKeyId":0,"baseKey":"Bb8w7jW72NfUOIRrTwboTxZVFm9rVZTPBd8Xk0c+Si5R"}}},"version":"v1"}