{"_sessions":{"Be3fOPULQKhLhO520fkXFtG53dta1x45qHKJVRi+EopA":{"registrationId":58,"currentRatchet":{"ephemeralKeyPair":{"pubKey":"BQ1D4I6ccp7IyF+QK/PVRsps/8OGzf3ulQrzJdH01t9V","privKey":"SDeluQCnjI8auOD1qOh1z6jraabP7Ay2vqU2o8ZXgno="},"lastRemoteEphemeralKey":"BTgkwEtw7O94No0t+GbCNLCu/hdPbGmtFWlHBhZ8xJc5","previousCounter":0,"rootKey":"T/y6tdO3C4AlzWLf+5fRsHS8v5flkz3X4YXL0TRSLbs="},"indexInfo":{"baseKey":"Be3fOPULQKhLhO520fkXFtG53dta1x45qHKJVRi+EopA","baseKeyType":1,"closed":-1,"used":1704371621595,"created":1704371621595,"remoteIdentityKey":"Bf98uzPFiT+7T5BO1K32auBeMsWGdcknUjUteYNF/R0U"},"_chains":{"BQ1D4I6ccp7IyF+QK/PVRsps/8OGzf3ulQrzJdH01t9V":{"chainKey":{"counter":0,"key":"ua7SaNvgxCiUa1d38fWAJxrAgR9++MkkApyWbovS0Vw="},"chainType":1,"messageKeys":{}}},"pendingPreKey":{"signedKeyId":1,"baseKey":"Be3fOPULQKhLhO520fkXFtG53dta1x45qHKJVRi+EopA"}}},"version":"v1"}