{"_sessions":{"BRsnMG65AoQOp15R5Hj5MWAcLEHu7ixbJ4nD+97tkiYL":{"registrationId":5,"currentRatchet":{"ephemeralKeyPair":{"pubKey":"BWpyJBOtv2pDmIorHGFeGdi7dINE2wp174Z6c6CBJFpg","privKey":"AN61WVTA3e1p5MMR7H8/U+L0A4+8xz8jKB+FZrRIGWQ="},"lastRemoteEphemeralKey":"BXYYUGqJy3y2hArIlLFlT4whbDoHTc9KnHiC8kG3LqF1","previousCounter":0,"rootKey":"IBf5WiLRjDgrL9aYzQd5aCN721hYg+iHgvn3bQZGGQY="},"indexInfo":{"baseKey":"BRsnMG65AoQOp15R5Hj5MWAcLEHu7ixbJ4nD+97tkiYL","baseKeyType":1,"closed":-1,"used":1704371621512,"created":1704371621512,"remoteIdentityKey":"BSKWtp6LqntCb1eR9U26PbzNY82QNXal8IEX4dSCiitQ"},"_chains":{"BWpyJBOtv2pDmIorHGFeGdi7dINE2wp174Z6c6CBJFpg":{"chainKey":{"counter":0,"key":"ewkc/luTxOHHdFQr2R8jy+WVT0j24KeJCo1dJWHc/Q8="},"chainType":1,"messageKeys":{}}},"pendingPreKey":{"signedKeyId":1,"baseKey":"BRsnMG65AoQOp15R5Hj5MWAcLEHu7ixbJ4nD+97tkiYL"}}},"version":"v1"}