{"_sessions":{"BVCntcTC9hahMxRpAmFcoIKlRZ5BFrMIuxmRqCjuKXl3":{"registrationId":1707736030,"currentRatchet":{"ephemeralKeyPair":{"pubKey":"BXw2+GcyIO3hAKgEYAdnxq1nFtC5ql4YxFvs0Wf02pkD","privKey":"8G3PZLD7zKUryliudf/LBm9X+tua+InT0Q6YlMYRWXA="},"lastRemoteEphemeralKey":"Bc+rJVh3MeKuq532k/6RntnYBaY9cmQRX0JTJQLQlDl+","previousCounter":0,"rootKey":"yilH2mTfKapfsvcUXFxU6NlYhM1Rbz4omSkMfJngvDg="},"indexInfo":{"baseKey":"BVCntcTC9hahMxRpAmFcoIKlRZ5BFrMIuxmRqCjuKXl3","baseKeyType":1,"closed":-1,"used":1704371623832,"created":1704371623832,"remoteIdentityKey":"BYsBm6s9AQMBYpwVJNKIGPWU+W6YJtH7Dxo/t0mEXgkg"},"_chains":{"BXw2+GcyIO3hAKgEYAdnxq1nFtC5ql4YxFvs0Wf02pkD":{"chainKey":{"counter":0,"key":"fRA4mHbpPvux3+668C7DU5Zti+JQW9ZYX94dzf+02ks="},"chainType":1,"messageKeys":{}}},"pendingPreKey":{"signedKeyId":1,"baseKey":"BVCntcTC9hahMxRpAmFcoIKlRZ5BFrMIuxmRqCjuKXl3","preKeyId":2557933}}},"version":"v1"}