{"_sessions":{"BS/3Eg9WIJ08Oh1Srqgh+NReiU3/3jRad15g2hkpWUk0":{"registrationId":2053061460,"currentRatchet":{"ephemeralKeyPair":{"pubKey":"BeQl+/U9AOQ98YNBBAcNuT6RrFp6cNYaMiLCfzPw09d8","privKey":"uIKDUAowhb0g1P0a6qsorgCaKHlz6SFHrtcQvPVm4Vo="},"lastRemoteEphemeralKey":"BUnjG2WP69OI2J/d+9mhmmAzkLw3Dordw1ixb8mU8GZg","previousCounter":0,"rootKey":"sYHXK+VT/JK/g4aMY+qNLKDZ+5g/gk4q5xTej7wCWwY="},"indexInfo":{"baseKey":"BS/3Eg9WIJ08Oh1Srqgh+NReiU3/3jRad15g2hkpWUk0","baseKeyType":1,"closed":-1,"used":1704371624173,"created":1704371624173,"remoteIdentityKey":"BTs577RSw47C2Ms/FzEbGptLeEuHBMP2DDUtNXa2zc0l"},"_chains":{"BeQl+/U9AOQ98YNBBAcNuT6RrFp6cNYaMiLCfzPw09d8":{"chainKey":{"counter":0,"key":"FGekETZuzadRjHS0/jfoG9ybxFobPRP+DtjwMzODbLQ="},"chainType":1,"messageKeys":{}}},"pendingPreKey":{"signedKeyId":1,"baseKey":"BS/3Eg9WIJ08Oh1Srqgh+NReiU3/3jRad15g2hkpWUk0","preKeyId":15764035}}},"version":"v1"}