{"_sessions":{"BZmm8+yDJpwFmaFg+q6zI7ItmWzjfYUJ5cmFIFRx/kcx":{"registrationId":472683820,"currentRatchet":{"ephemeralKeyPair":{"pubKey":"BXbJmIdUfh2JdHhBYfYwsLh3bjNYoUGA4vcuTdRd1cwx","privKey":"gHyeJ9ZkqCaeMRjlM8ZqzwNC+L9ufT8xGgiRsZbVH1A="},"lastRemoteEphemeralKey":"BRDiZdStsAI9sAMLW10qh1XHWf17XUb+DZTFv21aL1la","previousCounter":0,"rootKey":"CMJpm7DxFbomoAgJwHI38cyD25w1RDjHQL9jkUNknT4="},"indexInfo":{"baseKey":"BZmm8+yDJpwFmaFg+q6zI7ItmWzjfYUJ5cmFIFRx/kcx","baseKeyType":1,"closed":-1,"used":1704371622977,"created":1704371622977,"remoteIdentityKey":"BUoUc1b1BfpjzCDK9hAr/XLkyf3gZURWvSqOcjXUDAIQ"},"_chains":{"BXbJmIdUfh2JdHhBYfYwsLh3bjNYoUGA4vcuTdRd1cwx":{"chainKey":{"counter":0,"key":"HiS5izcvnThXiVItsWlHGH1rIiOtTYIqSGmKnq3D8IE="},"chainType":1,"messageKeys":{}}},"pendingPreKey":{"signedKeyId":1,"baseKey":"BZmm8+yDJpwFmaFg+q6zI7ItmWzjfYUJ5cmFIFRx/kcx"}}},"version":"v1"}