{"_sessions":{"BdMxMYCz0DGreSp8J3Q5koCVnmUMn9DdsNEtS1JL9q1t":{"registrationId":1477904369,"currentRatchet":{"ephemeralKeyPair":{"pubKey":"BWLm5V/E9OKZaAuX2V8mJTto1PU/3L5fDSsebVVM3dZB","privKey":"WIoeNFEWAfz/Pt8HrEgbuAceaxSIWXuOrxplIU8OKmI="},"lastRemoteEphemeralKey":"BTEvViwHwZAQ8fzHYoTBgs+7n6zzrKhHnAoUgUWwZ0BB","previousCounter":0,"rootKey":"Wgu9fPYSQ2RmTMk0SuAKqqiN2JlTeMq8iKm79ZdxRLU="},"indexInfo":{"baseKey":"BdMxMYCz0DGreSp8J3Q5koCVnmUMn9DdsNEtS1JL9q1t","baseKeyType":1,"closed":-1,"used":1704371623609,"created":1704371623609,"remoteIdentityKey":"BXUY9Tpb3sAS99VeCX1iiPTA//B3u8W9dd02F6cfe4dz"},"_chains":{"BWLm5V/E9OKZaAuX2V8mJTto1PU/3L5fDSsebVVM3dZB":{"chainKey":{"counter":0,"key":"IDdMWlX2HUJZCJMXHLJRphxElgXrpwDZ6WQh5s2nX+c="},"chainType":1,"messageKeys":{}}},"pendingPreKey":{"signedKeyId":0,"baseKey":"BdMxMYCz0DGreSp8J3Q5koCVnmUMn9DdsNEtS1JL9q1t"}}},"version":"v1"}