{"_sessions":{"BZ7uJaq0vbIBLBNuzLPMk8Xk3uMvoEasS2fVh6Jzbfty":{"registrationId":1219381498,"currentRatchet":{"ephemeralKeyPair":{"pubKey":"BT8ZQhZF2wpSthbD4e59IRU8PMqHlhZFXfgBiY7G42tK","privKey":"UNBtaJ7sjnt1191k/sVMUF9LsYxvQjgsjeLEYu0NJGI="},"lastRemoteEphemeralKey":"BYxQ8Z4EWiGxY8p2ZKHbbNl22O1TixlC451NELg7f0M3","previousCounter":0,"rootKey":"3N0fRtfcFhrqZJ3NjbVMtx8nQXgVnPuk3+obYAmpnR0="},"indexInfo":{"baseKey":"BZ7uJaq0vbIBLBNuzLPMk8Xk3uMvoEasS2fVh6Jzbfty","baseKeyType":1,"closed":-1,"used":1704371623780,"created":1704371623780,"remoteIdentityKey":"BXKB6ykwcXN3hp18y4sKtMzVJnm4OIc+i4/m9XUadTMh"},"_chains":{"BT8ZQhZF2wpSthbD4e59IRU8PMqHlhZFXfgBiY7G42tK":{"chainKey":{"counter":0,"key":"cUL//4Pmu4L6MHWoHk5hGHn2+RnCXU04XmH2gNQ6zEQ="},"chainType":1,"messageKeys":{}}},"pendingPreKey":{"signedKeyId":1,"baseKey":"BZ7uJaq0vbIBLBNuzLPMk8Xk3uMvoEasS2fVh6Jzbfty","preKeyId":11084765}}},"version":"v1"}