{"_sessions":{"BSW1BfmUkexXioM7rcwvzJFRF8nnSrCPBn9xbvLaOawM":{"registrationId":256685145,"currentRatchet":{"ephemeralKeyPair":{"pubKey":"BeNAeavM5Ff0MCFTTQ9luAKd0F/Z1zK5f7LE+jY+VowZ","privKey":"+LGTUmPqVgM/OZf4t2O+BoKeZ+fuw0j/cHue0peUXHM="},"lastRemoteEphemeralKey":"Be8jH/paTrkr4q3RlCyCds1hqG7/LGaA2M1wH6VcH/4P","previousCounter":0,"rootKey":"Lk37DhzmGHc2vwgziRUy6/xJ3g5i7Ml32EfsKXs/FLw="},"indexInfo":{"baseKey":"BSW1BfmUkexXioM7rcwvzJFRF8nnSrCPBn9xbvLaOawM","baseKeyType":1,"closed":-1,"used":1704371623912,"created":1704371623912,"remoteIdentityKey":"BQMkt/9E8gyXuyBeblFk9ZBDptIUouDHzCdUdK46E6Jz"},"_chains":{"BeNAeavM5Ff0MCFTTQ9luAKd0F/Z1zK5f7LE+jY+VowZ":{"chainKey":{"counter":0,"key":"VTrI+p9sbULmwMHUTvrx0B5S2UlgWX6sAz//IeOaJIk="},"chainType":1,"messageKeys":{}}},"pendingPreKey":{"signedKeyId":0,"baseKey":"BSW1BfmUkexXioM7rcwvzJFRF8nnSrCPBn9xbvLaOawM","preKeyId":4051680}}},"version":"v1"}