{"_sessions":{"Bfrk5oKRfCdEnFR7ZFApRzyD4HUoDg4dJfWbf/C+UWEc":{"registrationId":1197020796,"currentRatchet":{"ephemeralKeyPair":{"pubKey":"BWXKQH1pMxl0UJ2sWiKhR2p9d8KJf1fL2mUdx9eTbFpn","privKey":"8GlMqTBXhldtzVi+tuzz4XKCu06pSwg06HC/ydlbSWo="},"lastRemoteEphemeralKey":"BcAIOnI3CK8VbOdeHCFOxNgAPD1iL+gRgM+FKrRLQxU6","previousCounter":0,"rootKey":"ow1ycUdRG1bR8JjsYW/GZPRxCWY358O5TBZL3FZ+2Mg="},"indexInfo":{"baseKey":"Bfrk5oKRfCdEnFR7ZFApRzyD4HUoDg4dJfWbf/C+UWEc","baseKeyType":1,"closed":-1,"used":1704371624746,"created":1704371624746,"remoteIdentityKey":"BY9R5Bm3PBEF31rWEmlsPsNG0NjNpR/8Kd6sAM8QQpYB"},"_chains":{"BWXKQH1pMxl0UJ2sWiKhR2p9d8KJf1fL2mUdx9eTbFpn":{"chainKey":{"counter":0,"key":"WotqdhTOuD3aNKVmiesJ00oqOeFFhf7XpEQHymtpF9o="},"chainType":1,"messageKeys":{}}},"pendingPreKey":{"signedKeyId":2,"baseKey":"Bfrk5oKRfCdEnFR7ZFApRzyD4HUoDg4dJfWbf/C+UWEc","preKeyId":14774559}}},"version":"v1"}