{"_sessions":{"Bb3dS7NNO6SQPWhHW7Fu67hKVGaMmgGK0A2hNHcpdlUa":{"registrationId":2126429636,"currentRatchet":{"ephemeralKeyPair":{"pubKey":"Bca3cTd8aFaP2aFRvWbPmtWvIXWz7FLIVd0Fs7RJk04c","privKey":"sPHNy0XPNUiK6OC5ANY9PU+L37aqcNdLMpph7FuHNHU="},"lastRemoteEphemeralKey":"BXXWV3mqXDyvn2hV399+JWcZyqS7AZQI0AGiO6Ru6spa","previousCounter":0,"rootKey":"ctlxyayjbHI4ON0doyD3uCx1CRiZ76/Matq1eFkzSZY="},"indexInfo":{"baseKey":"Bb3dS7NNO6SQPWhHW7Fu67hKVGaMmgGK0A2hNHcpdlUa","baseKeyType":1,"closed":-1,"used":1704371623804,"created":1704371623804,"remoteIdentityKey":"BTPdW9UflkXQUMo/CSDRsDbUSYxXYofxLL5suB4rcmY/"},"_chains":{"Bca3cTd8aFaP2aFRvWbPmtWvIXWz7FLIVd0Fs7RJk04c":{"chainKey":{"counter":0,"key":"+reRqxpU3tUpEKxTdprOI1zKgcjjWTPmSkXGLXTCfNo="},"chainType":1,"messageKeys":{}}},"pendingPreKey":{"signedKeyId":12,"baseKey":"Bb3dS7NNO6SQPWhHW7Fu67hKVGaMmgGK0A2hNHcpdlUa","preKeyId":3676897}}},"version":"v1"}