{"_sessions":{"BaNyLx3uH02+yEgu2pEIdFkiB1S2T0bHzDmh+F47LKBQ":{"registrationId":1785224420,"currentRatchet":{"ephemeralKeyPair":{"pubKey":"BZM67COmMMa9pqgz+Th2ApLIEvS2gRIjxKlk0dtOfd1I","privKey":"+PgvNLWjJWfs3xGxHYJn4lb55JEVPqis3YRuBfD7Iko="},"lastRemoteEphemeralKey":"BSzrpPhinCrakm2UX5rZ+r1k8BGK5Wh+hC3Ar9CdYFIe","previousCounter":0,"rootKey":"Vy7079xVyg2N9+ljqhoHK35y2i6923LqLCdgjRwpKtg="},"indexInfo":{"baseKey":"BaNyLx3uH02+yEgu2pEIdFkiB1S2T0bHzDmh+F47LKBQ","baseKeyType":1,"closed":-1,"used":1704371623239,"created":1704371623239,"remoteIdentityKey":"Ba/8dy3x6fbf1zGukX/lvAVwdbCmw7vzqtlqCpoQxzM6"},"_chains":{"BZM67COmMMa9pqgz+Th2ApLIEvS2gRIjxKlk0dtOfd1I":{"chainKey":{"counter":0,"key":"+I8iiDOZhqh5ixO3ccgkGLtb4bTcD0qtxUq+O0Bznd8="},"chainType":1,"messageKeys":{}}},"pendingPreKey":{"signedKeyId":3,"baseKey":"BaNyLx3uH02+yEgu2pEIdFkiB1S2T0bHzDmh+F47LKBQ","preKeyId":15759881}}},"version":"v1"}