{"_sessions":{"Be9t4cOeRkUAN6u4M/fLXPt/VTPystJWjuw6iGV1MF1F":{"registrationId":1927654264,"currentRatchet":{"ephemeralKeyPair":{"pubKey":"BXdOrriq1BhPhld6qkbCM403i5yylgSnUsaDShYI4cNv","privKey":"eO/IrMF9MlAkrYRkOJ6H1nPY3doltKkWKqfZwE3950k="},"lastRemoteEphemeralKey":"BXeRQyrplCWDwJ3d+WIiUnJTIKFAPJCRsEJ8QulVxw0q","previousCounter":0,"rootKey":"4BoEaefmAt2T1XNMq3E9ur8dhFaIx4hq/dssE6EqLus="},"indexInfo":{"baseKey":"Be9t4cOeRkUAN6u4M/fLXPt/VTPystJWjuw6iGV1MF1F","baseKeyType":1,"closed":-1,"used":1704371623172,"created":1704371623172,"remoteIdentityKey":"BUxyUajEpj2o0jZnmyGTDOdaBj4kNzBsAhfmaTL9TDkG"},"_chains":{"BXdOrriq1BhPhld6qkbCM403i5yylgSnUsaDShYI4cNv":{"chainKey":{"counter":0,"key":"MwEJuubP297xhTREu9e2At9goSWugVI0PwYN/rKqYQA="},"chainType":1,"messageKeys":{}}},"pendingPreKey":{"signedKeyId":30,"baseKey":"Be9t4cOeRkUAN6u4M/fLXPt/VTPystJWjuw6iGV1MF1F","preKeyId":1865053}}},"version":"v1"}