{"_sessions":{"BeP+lPxxUDVBNPtoJoHIEBkkVTD7GgXJ8CcR2z/y/ZEC":{"registrationId":40472248,"currentRatchet":{"ephemeralKeyPair":{"pubKey":"BQqiBVUGHxn2i9+rSHIKy1juaUVm+1lu2nmsxCtViTEV","privKey":"0CAEtX3laKFk8CBMtIOgueizvsk3P90NtnohG9NKqng="},"lastRemoteEphemeralKey":"BeX2hhlCVISJvOJoc2627ZLbe9mTRzpGyRBcOlxmVb0E","previousCounter":0,"rootKey":"Kluqn3ScBBTpdbQ27Pta6fR6KaZuzI/ZqiX2l0jerLM="},"indexInfo":{"baseKey":"BeP+lPxxUDVBNPtoJoHIEBkkVTD7GgXJ8CcR2z/y/ZEC","baseKeyType":1,"closed":-1,"used":1704371624404,"created":1704371624404,"remoteIdentityKey":"BX1OERRcKAJ9CCIF8AFrEyrqeP2dja3Ogg6KoQYJyGgc"},"_chains":{"BQqiBVUGHxn2i9+rSHIKy1juaUVm+1lu2nmsxCtViTEV":{"chainKey":{"counter":0,"key":"X3LDFxppq2GVPHJ1XhYBygBrPZUFybwLVsXiU0m8o2Y="},"chainType":1,"messageKeys":{}}},"pendingPreKey":{"signedKeyId":1,"baseKey":"BeP+lPxxUDVBNPtoJoHIEBkkVTD7GgXJ8CcR2z/y/ZEC","preKeyId":4389996}}},"version":"v1"}