{"_sessions":{"BZL6hjr5TTz1AlcFsBijCL+bZokt6+3nNHf4SUrSBpgl":{"registrationId":1563578477,"currentRatchet":{"ephemeralKeyPair":{"pubKey":"BW5eAldEOZaq3wAvq++AMyzSiEzP1G2hk/C8MKWPW2cu","privKey":"IFg5ls0WkVkszAhQAi4ZTbtdOLcXuD4jwelhpz7MYEw="},"lastRemoteEphemeralKey":"BTMxGoRC6ZpZkj0JwtP0nAUCUoBkexeB1uhdr/qG4MN/","previousCounter":0,"rootKey":"drzaC69NhQ8zAIvCBiEfzPm84A22tNR747aRqBthMrQ="},"indexInfo":{"baseKey":"BZL6hjr5TTz1AlcFsBijCL+bZokt6+3nNHf4SUrSBpgl","baseKeyType":1,"closed":-1,"used":1704371624531,"created":1704371624531,"remoteIdentityKey":"BT/va3AxXpga4ihIEbRF4LXYgcd/jKAJR/7dHPgCiC0U"},"_chains":{"BW5eAldEOZaq3wAvq++AMyzSiEzP1G2hk/C8MKWPW2cu":{"chainKey":{"counter":0,"key":"k58PqBnOoqAYcjaIP4/cn/D394B9Pfv9B59wYs543Rs="},"chainType":1,"messageKeys":{}}},"pendingPreKey":{"signedKeyId":2,"baseKey":"BZL6hjr5TTz1AlcFsBijCL+bZokt6+3nNHf4SUrSBpgl","preKeyId":11144123}}},"version":"v1"}