{"_sessions":{"BVBadBLermF+e0NZN8oaznc51xvcR7Ll1AigQadn0NRA":{"registrationId":145412851,"currentRatchet":{"ephemeralKeyPair":{"pubKey":"BSBDNC2FmmOWH1xjJ+3i3Op7y23fTBarpTHW68qRmwBW","privKey":"WESm7m6PUlh7X6Iy0h6q3ZGtSwNprLihpQ0AV9Qwq0Y="},"lastRemoteEphemeralKey":"BarwTEHAeIPiLBx5AnLMYWfDTUcz5Fb/iQSn8DI74O8h","previousCounter":0,"rootKey":"Qc1ZCj2pKZrkZn0H1Ggo6RQICnrt9Q5Vs9Uiv8PNhoo="},"indexInfo":{"baseKey":"BVBadBLermF+e0NZN8oaznc51xvcR7Ll1AigQadn0NRA","baseKeyType":1,"closed":-1,"used":1704371623754,"created":1704371623754,"remoteIdentityKey":"Bc+DlBbCTKLlshXUDcPOmmT0Yu4hLEfDJ/abHjgNoDxu"},"_chains":{"BSBDNC2FmmOWH1xjJ+3i3Op7y23fTBarpTHW68qRmwBW":{"chainKey":{"counter":0,"key":"q8vXhg5guZkre6T+LIjVLzRXBjhbqH8D3z2hbvFbG6U="},"chainType":1,"messageKeys":{}}},"pendingPreKey":{"signedKeyId":9,"baseKey":"BVBadBLermF+e0NZN8oaznc51xvcR7Ll1AigQadn0NRA","preKeyId":4089732}}},"version":"v1"}