{"_sessions":{"BRPioOYxgN6Vmq2Tm3fezFBOxqxedsqBL0v+4xjPWxd5":{"registrationId":243242242,"currentRatchet":{"ephemeralKeyPair":{"pubKey":"BaDiDXrH1K6mF+yH3fcWlCe+UDbI1+1bkVPjyjVHAm9/","privKey":"QAysQQUx3eq+Udn96J/WUzal18mP2Rnl6t76h7OfMEQ="},"lastRemoteEphemeralKey":"BV2KAGLQ7FkLZAlcz5rCEIV6yr44yPObDKeixY5tu+5H","previousCounter":0,"rootKey":"4iNNb1ag1AGmiE80m6vvdnof7milbw1VkacveO8wrk8="},"indexInfo":{"baseKey":"BRPioOYxgN6Vmq2Tm3fezFBOxqxedsqBL0v+4xjPWxd5","baseKeyType":1,"closed":-1,"used":1704375696477,"created":1704375696477,"remoteIdentityKey":"BeuvYBAoERzMSyVHDvU4pwNdGrGgGsqCg3yg7TRYpzJL"},"_chains":{"BaDiDXrH1K6mF+yH3fcWlCe+UDbI1+1bkVPjyjVHAm9/":{"chainKey":{"counter":0,"key":"qybZzNEhoNmy7XahrqVwE+1I482j8avT/p1t0a7ycVo="},"chainType":1,"messageKeys":{}}},"pendingPreKey":{"signedKeyId":22,"baseKey":"BRPioOYxgN6Vmq2Tm3fezFBOxqxedsqBL0v+4xjPWxd5","preKeyId":11936485}}},"version":"v1"}