{"_sessions":{"BZ2hJGehi/HaTV3v30SUJnYDKr6iaarUHVS4iDfdJ+Bp":{"registrationId":1455834488,"currentRatchet":{"ephemeralKeyPair":{"pubKey":"BSIakeT5Z4Gap9L+adNO8o2yeT+V7cpL8WZLPc4SjEU7","privKey":"AJb0K69P907GU68g/mspdHZ4MVoBd67e9eqna1NmXUg="},"lastRemoteEphemeralKey":"BVmjrRNGexlaTN9xb7UMf/2+uA1bomlL2UEAodaqm0ZE","previousCounter":0,"rootKey":"b/9Rvkh6T4+zy1Tj+wRerz2yQug4vGCVCJPloKUlCc8="},"indexInfo":{"baseKey":"BZ2hJGehi/HaTV3v30SUJnYDKr6iaarUHVS4iDfdJ+Bp","baseKeyType":1,"closed":-1,"used":1704371622839,"created":1704371622839,"remoteIdentityKey":"BWFNia/blfkTALg+Oty1HhgElsBJ5yW7wtHN3Llf/Tdr"},"_chains":{"BSIakeT5Z4Gap9L+adNO8o2yeT+V7cpL8WZLPc4SjEU7":{"chainKey":{"counter":0,"key":"h3Z88IUIY6VtkIBZE5oYwEbCVVhnKN7hckV53gO99PI="},"chainType":1,"messageKeys":{}}},"pendingPreKey":{"signedKeyId":0,"baseKey":"BZ2hJGehi/HaTV3v30SUJnYDKr6iaarUHVS4iDfdJ+Bp","preKeyId":1797796}}},"version":"v1"}