{"_sessions":{"BcqEuH9jbwm90dvOkotmnEwTzdm/s3AOU6ZUX2263MIl":{"registrationId":924081422,"currentRatchet":{"ephemeralKeyPair":{"pubKey":"BfpDxIPaufcH4E9kc/1uDxBq4ddAtfQQyepH3cH9mjE6","privKey":"MJxbTzVHUqt36AbrbdqL+Z/shYKqaTu33QB+GAIUq2A="},"lastRemoteEphemeralKey":"BbvUTGzClGcLpxi7Lax8Sd1U/yZZX2dyXtwHqOGyTc0g","previousCounter":0,"rootKey":"T0rZmv3auwEd474m8lUGE6Xs7Hx895O2jRgtVLPTL68="},"indexInfo":{"baseKey":"BcqEuH9jbwm90dvOkotmnEwTzdm/s3AOU6ZUX2263MIl","baseKeyType":1,"closed":-1,"used":1704371624135,"created":1704371624135,"remoteIdentityKey":"Bch2LYtzDoOjQ4Y2BPmegWSyROP6dIO8/8L2RO1Bg5E6"},"_chains":{"BfpDxIPaufcH4E9kc/1uDxBq4ddAtfQQyepH3cH9mjE6":{"chainKey":{"counter":0,"key":"hFufPXO0Dz6G6NIVvOiO6/zao55siVPHgkPxadV732U="},"chainType":1,"messageKeys":{}}},"pendingPreKey":{"signedKeyId":21,"baseKey":"BcqEuH9jbwm90dvOkotmnEwTzdm/s3AOU6ZUX2263MIl","preKeyId":16263177}}},"version":"v1"}