{"_sessions":{"Bdoyz2P7TLy9wIxij7qsqTCdgjnYALHQXwgPY1XBcu5i":{"registrationId":2082065206,"currentRatchet":{"ephemeralKeyPair":{"pubKey":"BcEV1RHjlPMS3k5uODStVusSR/Q4GfL8wZxBGb51adYA","privKey":"MA30Bc3xIff+8anO4Qu7RNy56WrfMVGz0qJePKSfgWI="},"lastRemoteEphemeralKey":"Bfxyt20GF73cfSegUWhl9FD/5NafEj4RpFgNl9xJJnF6","previousCounter":0,"rootKey":"9I8CjG30bHSkZ88dyvPKV+YtwoWKOQrH1AwrweGXRMA="},"indexInfo":{"baseKey":"Bdoyz2P7TLy9wIxij7qsqTCdgjnYALHQXwgPY1XBcu5i","baseKeyType":1,"closed":-1,"used":1704371623025,"created":1704371623025,"remoteIdentityKey":"BQhOcHKZSw+agdLlmUi0q9Qw3gV6floROpGUYQG2MRF+"},"_chains":{"BcEV1RHjlPMS3k5uODStVusSR/Q4GfL8wZxBGb51adYA":{"chainKey":{"counter":0,"key":"CzXGJjoVonZGK8yRwWTDSTGdZpkZe0hUZ3NTXvueXN0="},"chainType":1,"messageKeys":{}}},"pendingPreKey":{"signedKeyId":0,"baseKey":"Bdoyz2P7TLy9wIxij7qsqTCdgjnYALHQXwgPY1XBcu5i"}}},"version":"v1"}