{"_sessions":{"Bbh5+ztCRlWFpxsl2CQWc7LBZ38VVHrt1q5dkJXIx6Fg":{"registrationId":1337201291,"currentRatchet":{"ephemeralKeyPair":{"pubKey":"BQGKZvCtk0ij1Ylj9flAgU7PmYZS/Jnd9+PbyHtLwzU8","privKey":"6HoIHT71m1vhufEIivgJxdIV5W3q6Yp7wngBr1hFBlw="},"lastRemoteEphemeralKey":"BVJpL8qEZvJ1yBNrAgjbh5cBv2b+6Ej0ITMA9olFWAQn","previousCounter":0,"rootKey":"/QYw9xPYw6t5jMlOXG1RfUvIGfQg8hsEhB+gS2et/Ps="},"indexInfo":{"baseKey":"Bbh5+ztCRlWFpxsl2CQWc7LBZ38VVHrt1q5dkJXIx6Fg","baseKeyType":1,"closed":-1,"used":1704371622739,"created":1704371622739,"remoteIdentityKey":"BXpJxrlokeMC95W+7vX7eCAbuJWJy2Vwt/wKDbj7U8sy"},"_chains":{"BQGKZvCtk0ij1Ylj9flAgU7PmYZS/Jnd9+PbyHtLwzU8":{"chainKey":{"counter":0,"key":"vAtBgYbTtU+XMJGU+pY84fZLMgRWRCb5g/3X38w/wOU="},"chainType":1,"messageKeys":{}}},"pendingPreKey":{"signedKeyId":0,"baseKey":"Bbh5+ztCRlWFpxsl2CQWc7LBZ38VVHrt1q5dkJXIx6Fg","preKeyId":9907989}}},"version":"v1"}