{"_sessions":{"BYwy1NecUM5pAJ7/CdNJrhK6Rqx3kODyWPG7GQafOFQ5":{"registrationId":59,"currentRatchet":{"ephemeralKeyPair":{"pubKey":"BSrBiqPEduJipbNxwqbA5a4N2GUE0DU+mQXZmbqL59wP","privKey":"sJU9r3RgsNqUh/nGZw17TPZjq6QpUHc+G8EVTxlFUlk="},"lastRemoteEphemeralKey":"BYBHJLSE7ANdWrqD/qGFhlHJMXMCgt2YHgmkdRVPTgEE","previousCounter":0,"rootKey":"CTUECEoen3oMnUB01b4oWfKWMHWtpnSUbYBL9rDcCVg="},"indexInfo":{"baseKey":"BYwy1NecUM5pAJ7/CdNJrhK6Rqx3kODyWPG7GQafOFQ5","baseKeyType":1,"closed":-1,"used":1704371621497,"created":1704371621497,"remoteIdentityKey":"BeBxZorMZ2H4PTZIAnWBfCYEOj0HxNm3kOtcDXDrg1J3"},"_chains":{"BSrBiqPEduJipbNxwqbA5a4N2GUE0DU+mQXZmbqL59wP":{"chainKey":{"counter":0,"key":"WM5nk/8pjv2VPCWOHBE4X4uweCLfU7cFnApgbbJbQac="},"chainType":1,"messageKeys":{}}},"pendingPreKey":{"signedKeyId":1,"baseKey":"BYwy1NecUM5pAJ7/CdNJrhK6Rqx3kODyWPG7GQafOFQ5"}}},"version":"v1"}