{"_sessions":{"BVWNYtJ47d3HkN2kV7S7+VmOvgl5Csne7tFDRoaCPMpp":{"registrationId":1359637379,"currentRatchet":{"ephemeralKeyPair":{"pubKey":"BXDow31p41ueEDFCjMLUXStTm32DRALwLCvH3dEcKK1e","privKey":"qMD4y0iiBEqUumUTHX2NV9ikxGi9XZ/WbFWGQR+wz1Q="},"lastRemoteEphemeralKey":"BUD+yg10HkHsLDQGd/mZyNPhc3rOZQwF4j1cRSzbkHM4","previousCounter":0,"rootKey":"lUuiqTe10NfIjy/vacoDNIGWE/6clhq6MIlJB1229/0="},"indexInfo":{"baseKey":"BVWNYtJ47d3HkN2kV7S7+VmOvgl5Csne7tFDRoaCPMpp","baseKeyType":1,"closed":-1,"used":1704371623304,"created":1704371623304,"remoteIdentityKey":"BX5EVQWgpCkSSBr6PRmCsV8rwmB4kG7Ymt0VI9kgg4ht"},"_chains":{"BXDow31p41ueEDFCjMLUXStTm32DRALwLCvH3dEcKK1e":{"chainKey":{"counter":0,"key":"W1VT5oDLKaxZsyfSykLTmX83ycloqIBXSnjhv+Y7488="},"chainType":1,"messageKeys":{}}},"pendingPreKey":{"signedKeyId":11,"baseKey":"BVWNYtJ47d3HkN2kV7S7+VmOvgl5Csne7tFDRoaCPMpp","preKeyId":3950441}}},"version":"v1"}