{"_sessions":{"BWlOCMRO5KJQRU1jcCoRFo7WX8z3NAl6VGOPwb+4Ldp0":{"registrationId":257146838,"currentRatchet":{"ephemeralKeyPair":{"pubKey":"BZoWW4xhGzlLbOJEQwZUr7IHhHNPTkoGeXRskRf+fxp+","privKey":"mMaYLO8olb9qGqY5JB78ZcB0MAb57EYjz6P7Ro5cwHc="},"lastRemoteEphemeralKey":"BZK/gx0oKi9g1Jg/PT7yhu2mIU/BWpAWrLQUu6zwq3I8","previousCounter":0,"rootKey":"ifjkSJ3UCZdcygdvcteul9vQnW3B4yYl54ONwF92tBY="},"indexInfo":{"baseKey":"BWlOCMRO5KJQRU1jcCoRFo7WX8z3NAl6VGOPwb+4Ldp0","baseKeyType":1,"closed":-1,"used":1704371624391,"created":1704371624391,"remoteIdentityKey":"BdVcu671MsBbjB04XahjWXBRESD22aTH0sqwg2+X4kBU"},"_chains":{"BZoWW4xhGzlLbOJEQwZUr7IHhHNPTkoGeXRskRf+fxp+":{"chainKey":{"counter":0,"key":"dZDhs3blvix0Qp9S17WyaHkxCM2DsMPszRmRU9JlsJU="},"chainType":1,"messageKeys":{}}},"pendingPreKey":{"signedKeyId":0,"baseKey":"BWlOCMRO5KJQRU1jcCoRFo7WX8z3NAl6VGOPwb+4Ldp0","preKeyId":9038850}}},"version":"v1"}