{"_sessions":{"BXHc4RhZE444LHeEuBdlElZe3jtBYUMZR93pTyUF4HEN":{"registrationId":2137028840,"currentRatchet":{"ephemeralKeyPair":{"pubKey":"BbaaOidd+hwC5UXCjMZnvodGqYBmvmlC+qlqjScUZ7A5","privKey":"cH/hSRiJMhB+e8kVWKLKdVnH3IAVDwHuWuRpDE8tckc="},"lastRemoteEphemeralKey":"Bf7DeQXDdqmmozzvdvQZxchbrsWpeuWiK8Zz+WXbBkkS","previousCounter":0,"rootKey":"N8EvCkvLb+iNKOPG1xxX/QDhtuEQsMxRm5oslMFG4BI="},"indexInfo":{"baseKey":"BXHc4RhZE444LHeEuBdlElZe3jtBYUMZR93pTyUF4HEN","baseKeyType":1,"closed":-1,"used":1704371623976,"created":1704371623976,"remoteIdentityKey":"BVl9urYzr2vW9xZ136XIXRNIiAu3lI/Jt5ADSluomCMq"},"_chains":{"BbaaOidd+hwC5UXCjMZnvodGqYBmvmlC+qlqjScUZ7A5":{"chainKey":{"counter":0,"key":"lG1rgQqwDhhmtDH282GG/QSqX1CCG9oFTmsEy+tV1fs="},"chainType":1,"messageKeys":{}}},"pendingPreKey":{"signedKeyId":2,"baseKey":"BXHc4RhZE444LHeEuBdlElZe3jtBYUMZR93pTyUF4HEN","preKeyId":1017132}}},"version":"v1"}