{"_sessions":{"Bdr8+x1s1fDKojejgKa4HTx5cqXFfs7XNf7IGXLzz2Ad":{"registrationId":1692272154,"currentRatchet":{"ephemeralKeyPair":{"pubKey":"Bc6RLASA4G6H6pe3zf2894RC6cCrX1l8iw6JCQDBgQRf","privKey":"uNYBoqP8lVE+WcS8g05EiTGAvLzKwXrFj9XdUPsubEM="},"lastRemoteEphemeralKey":"BX7ORLRRj3EX6P4wJy5QMqoLzlcQN/fXK3JjwcGIUEsj","previousCounter":0,"rootKey":"TMw4/6a+sqNhTVpe/G0LBIOjt7AdtW3gdPtKmg1Fyd0="},"indexInfo":{"baseKey":"Bdr8+x1s1fDKojejgKa4HTx5cqXFfs7XNf7IGXLzz2Ad","baseKeyType":1,"closed":-1,"used":1704371624448,"created":1704371624448,"remoteIdentityKey":"Baxq2ORRMSjSvGU1cYQfehP/DvwJfKMzMyySmNtLjGgv"},"_chains":{"Bc6RLASA4G6H6pe3zf2894RC6cCrX1l8iw6JCQDBgQRf":{"chainKey":{"counter":0,"key":"eVOJ9bJCCn+1E8KnMn5bU+RQ29035hjCY8rSANE9MiI="},"chainType":1,"messageKeys":{}}},"pendingPreKey":{"signedKeyId":1,"baseKey":"Bdr8+x1s1fDKojejgKa4HTx5cqXFfs7XNf7IGXLzz2Ad","preKeyId":2683637}}},"version":"v1"}