{"_sessions":{"BeDSV8dIhuoaqfaJ5MtLF3ZmYHeoC2duYQd2doY4Yr8M":{"registrationId":1262529941,"currentRatchet":{"ephemeralKeyPair":{"pubKey":"BXPdPUxc0PZNA1sMMs47DbSdrMVD+sSTmzIfNr+PwnVv","privKey":"4L2RfBmd9AOELZBfe15+FpCNe7bwCSTzQAErYhtxs2M="},"lastRemoteEphemeralKey":"BeOhSTbHggo2F9fiXgYVO6Os9YzO2bXTl7qe9YgWT50M","previousCounter":0,"rootKey":"mONCfdtbhBaOtUYHTCZraCVssFGCaVtiTuHJjbDdybU="},"indexInfo":{"baseKey":"BeDSV8dIhuoaqfaJ5MtLF3ZmYHeoC2duYQd2doY4Yr8M","baseKeyType":1,"closed":-1,"used":1704371624108,"created":1704371624108,"remoteIdentityKey":"BSNpgGweu3SZXdM+7lDwWr5TPHmAfloF5mn/6gKpbRFf"},"_chains":{"BXPdPUxc0PZNA1sMMs47DbSdrMVD+sSTmzIfNr+PwnVv":{"chainKey":{"counter":0,"key":"HbJOvT+tsmBjWezbTtp0zcbSifIxVUj2TBV0ykSVOjQ="},"chainType":1,"messageKeys":{}}},"pendingPreKey":{"signedKeyId":0,"baseKey":"BeDSV8dIhuoaqfaJ5MtLF3ZmYHeoC2duYQd2doY4Yr8M"}}},"version":"v1"}