{"_sessions":{"BXeLN7DSBrhFKJXv5TMqaVucr6QYZmfhA5QJhmSF3V9J":{"registrationId":1127547158,"currentRatchet":{"ephemeralKeyPair":{"pubKey":"BT3st9dTMC0GwtCOJhHkb0zvRiFOPIwj0lutf7vnb1Ew","privKey":"OIM/GtMNOa+7TZ3qp2mrFakin93U3QuNP/4xrQruIX0="},"lastRemoteEphemeralKey":"Bci/sR6RKflJeQ5cBfhokR/WgRrCsBxsbDNfHJ+3g0Ez","previousCounter":0,"rootKey":"BN2lA+ZrM5qdCaqgElVpykWcHFtqufzfQyeV76Wvh8Q="},"indexInfo":{"baseKey":"BXeLN7DSBrhFKJXv5TMqaVucr6QYZmfhA5QJhmSF3V9J","baseKeyType":1,"closed":-1,"used":1704371623449,"created":1704371623449,"remoteIdentityKey":"BRe890b8UDJ0nWwjjnCwBlfQuhNCme7NQDn7kW+MI90Q"},"_chains":{"BT3st9dTMC0GwtCOJhHkb0zvRiFOPIwj0lutf7vnb1Ew":{"chainKey":{"counter":0,"key":"0rkFFHM5MXirKpE4lD5bJ78Wbs4grkzNSdWg97/sNAc="},"chainType":1,"messageKeys":{}}},"pendingPreKey":{"signedKeyId":0,"baseKey":"BXeLN7DSBrhFKJXv5TMqaVucr6QYZmfhA5QJhmSF3V9J"}}},"version":"v1"}