{"_sessions":{"BeSk242FYZXuWK3RBtuXLUPY3eMCdoCYACakmZ8jAaZQ":{"registrationId":1894580758,"currentRatchet":{"ephemeralKeyPair":{"pubKey":"BfV2QhNr8WHJokxqTNIOQBFTVa20CP9RD0mLzGlAvnFM","privKey":"WNZ3ahIZnZvljQ03TgysdOl40Cav0X4aoY3xB71m/UM="},"lastRemoteEphemeralKey":"BawFaNDYvLtTOQtFHUw4Oj9kmSVHB7EU5zoLXktizLRU","previousCounter":0,"rootKey":"j2Nlwkehuqb2dwOJLfU/4znmVnszRsJyYZH2HhOrZXQ="},"indexInfo":{"baseKey":"BeSk242FYZXuWK3RBtuXLUPY3eMCdoCYACakmZ8jAaZQ","baseKeyType":1,"closed":-1,"used":1704371623818,"created":1704371623818,"remoteIdentityKey":"BfwQCF+UWzYhSl/pb6doPtBpkyEjEiulz+zZ0H3JhAg2"},"_chains":{"BfV2QhNr8WHJokxqTNIOQBFTVa20CP9RD0mLzGlAvnFM":{"chainKey":{"counter":0,"key":"FtAGpSph+G6EMzgbBX7VLqXAI0ySMDzYAH57ar9T3tg="},"chainType":1,"messageKeys":{}}},"pendingPreKey":{"signedKeyId":0,"baseKey":"BeSk242FYZXuWK3RBtuXLUPY3eMCdoCYACakmZ8jAaZQ","preKeyId":12764503}}},"version":"v1"}