{"_sessions":{"BX9Ac2uFReedexSYhZsANPWAgjmdPl/1G92LUTOBuUUl":{"registrationId":112817185,"currentRatchet":{"ephemeralKeyPair":{"pubKey":"BRvo7zQLMZMmTnPzQ4maPRKcTBMa9fPjgfOH/S78ExYE","privKey":"GHxHv96mPFMLpY2SMV1Xvf3RDNvJgVjaAhdutKFw1WE="},"lastRemoteEphemeralKey":"BTevdBv1WIaJ2Asy0efhUy3ot+pFa16FimG1tE/RZrxs","previousCounter":0,"rootKey":"WENKL8U+OD1LRRgRmxg8ESeAqEfnPPLb9IlnvhEHAA4="},"indexInfo":{"baseKey":"BX9Ac2uFReedexSYhZsANPWAgjmdPl/1G92LUTOBuUUl","baseKeyType":1,"closed":-1,"used":1704371623371,"created":1704371623371,"remoteIdentityKey":"BY1gzkScF64bNZVSZSALAdxVRMcRhSLKBk7mk0Q/yj18"},"_chains":{"BRvo7zQLMZMmTnPzQ4maPRKcTBMa9fPjgfOH/S78ExYE":{"chainKey":{"counter":0,"key":"S1nT9qKilEG+VNfW2L/LytnIst++sylJgMqzd3Ku5Sk="},"chainType":1,"messageKeys":{}}},"pendingPreKey":{"signedKeyId":2,"baseKey":"BX9Ac2uFReedexSYhZsANPWAgjmdPl/1G92LUTOBuUUl","preKeyId":9085464}}},"version":"v1"}