{"_sessions":{"BTGU9SI/UID9AZgQSIxPPQ1tGP3vab8mqBr8PArF75R8":{"registrationId":1833507306,"currentRatchet":{"ephemeralKeyPair":{"pubKey":"Bca6oTIq/grjA3bgOmiRgqnO//4TcKlzw+fLEYnA/IBL","privKey":"SETRCgUxyoGNU6TCCEcr7X+Dwy4jGrOV3VRPCOV5yH8="},"lastRemoteEphemeralKey":"BXgdAu9ybei5/1v8dF08CuRStupph9Cu6PLeGO5GajN1","previousCounter":0,"rootKey":"D1FhaB9Q9TSL6TW2/IUkP0+3qDruwABEZ//1OIs10bE="},"indexInfo":{"baseKey":"BTGU9SI/UID9AZgQSIxPPQ1tGP3vab8mqBr8PArF75R8","baseKeyType":1,"closed":-1,"used":1704371624546,"created":1704371624546,"remoteIdentityKey":"BcWur4y+VyjgD93Exvjw3WZNS/xrIKpi5BQ0GmjyJ05j"},"_chains":{"Bca6oTIq/grjA3bgOmiRgqnO//4TcKlzw+fLEYnA/IBL":{"chainKey":{"counter":0,"key":"2o6jBskNLZIU1I3neN1pvyCn19lJW8joLA0KaaWgzv8="},"chainType":1,"messageKeys":{}}},"pendingPreKey":{"signedKeyId":1,"baseKey":"BTGU9SI/UID9AZgQSIxPPQ1tGP3vab8mqBr8PArF75R8","preKeyId":8922503}}},"version":"v1"}