{"_sessions":{"BVer/RjnW76p9blQKLVqEGxLh/t3GGW1nYiUQhTKcEcz":{"registrationId":6332,"currentRatchet":{"ephemeralKeyPair":{"pubKey":"BV4LGDru+7T80AchymPuN41X64YHn02uuMWYG8cFnSEl","privKey":"wLGwogasGDcEz0YFhiIDjOOGWb6OGu9Tiq/R8hLN8nw="},"lastRemoteEphemeralKey":"BfvMDDHkq2ql/RIZW8zV444CzfluBO9RZXvRkqdfy4pb","previousCounter":0,"rootKey":"GrCDBrKQte28vRZNTU6Mgvm4CGhwjsUGFp4EkG9yeQk="},"indexInfo":{"baseKey":"BVer/RjnW76p9blQKLVqEGxLh/t3GGW1nYiUQhTKcEcz","baseKeyType":1,"closed":-1,"used":1704371622493,"created":1704371622493,"remoteIdentityKey":"Bf0V2SGrOoKWgeFzTVL5vjv/YMogyi5M/OrUZvlIeWIT"},"_chains":{"BV4LGDru+7T80AchymPuN41X64YHn02uuMWYG8cFnSEl":{"chainKey":{"counter":0,"key":"1JljVkrkYua+4AX0CRSgwPLhYRdBg0kpU9BEcSOCrZA="},"chainType":1,"messageKeys":{}}},"pendingPreKey":{"signedKeyId":1,"baseKey":"BVer/RjnW76p9blQKLVqEGxLh/t3GGW1nYiUQhTKcEcz"}}},"version":"v1"}