{"_sessions":{"BaXir2C4mBVloOihRtlW+m806hKfdtD477n/5Gh83JYF":{"registrationId":208150102,"currentRatchet":{"ephemeralKeyPair":{"pubKey":"BW1UTXW5USpLIrIOa7RJflWYn63RsGL+X8vak14w9vg3","privKey":"KFVKX6NggXKvtq7M1LeWw1456Eu4BzflbOxHIBazwU8="},"lastRemoteEphemeralKey":"BVVQmGfLnnOdZPR+qgvXHY2D18bJ79PJB3w/sL9feXk9","previousCounter":0,"rootKey":"iS/PvtLDLVPrcmtRGtTMAT6JeeVTQCZc1sQdS40vsV8="},"indexInfo":{"baseKey":"BaXir2C4mBVloOihRtlW+m806hKfdtD477n/5Gh83JYF","baseKeyType":1,"closed":-1,"used":1704371624160,"created":1704371624160,"remoteIdentityKey":"BcUtkFkj5Id8AFhePi1hUbFMDB/y3JXo2+3DJwIBtCdD"},"_chains":{"BW1UTXW5USpLIrIOa7RJflWYn63RsGL+X8vak14w9vg3":{"chainKey":{"counter":0,"key":"eh1mQiXX3cQmL8QAkFj7dTv5als/9w9y8t1zMAKw108="},"chainType":1,"messageKeys":{}}},"pendingPreKey":{"signedKeyId":0,"baseKey":"BaXir2C4mBVloOihRtlW+m806hKfdtD477n/5Gh83JYF"}}},"version":"v1"}