{"_sessions":{"BY8CIFUz5tZQAqmhNH6MO0+w/7H34DS44evATRsOa/kV":{"registrationId":1595765604,"currentRatchet":{"ephemeralKeyPair":{"pubKey":"BbxcYmLSDCn2t1MmP88o/3s4B54KCuAw4GJmGXJt45Ve","privKey":"+OlstG+2jwQtGd1IVEB+Y2P19xqwcYJyRBrD+DTPOFw="},"lastRemoteEphemeralKey":"BQkxK2YoKwd5hPDBkdXm1E4EndxMX9NaXlxKfD00Ppsd","previousCounter":0,"rootKey":"pvaSG/OwLPaKeTTrsLUirGuG9xafKDm54OnNKQMoH7M="},"indexInfo":{"baseKey":"BY8CIFUz5tZQAqmhNH6MO0+w/7H34DS44evATRsOa/kV","baseKeyType":1,"closed":-1,"used":1704371623659,"created":1704371623659,"remoteIdentityKey":"BWxQ9iqMgu+DaBds3O0B9hncbLIVJMKlNP6N719G4Osd"},"_chains":{"BbxcYmLSDCn2t1MmP88o/3s4B54KCuAw4GJmGXJt45Ve":{"chainKey":{"counter":0,"key":"uwM0/0Qg6YbG+mktIQlc7TvGLaEukLWRm1+XMTd/Uug="},"chainType":1,"messageKeys":{}}},"pendingPreKey":{"signedKeyId":0,"baseKey":"BY8CIFUz5tZQAqmhNH6MO0+w/7H34DS44evATRsOa/kV"}}},"version":"v1"}