{"_sessions":{"BQgMJw4TOmRa2AQx4VdMnMDM2TvoCbvz2FHT3zKiqZ4M":{"registrationId":100,"currentRatchet":{"ephemeralKeyPair":{"pubKey":"BXJIp/uyY5dtzsZjj/e47OFEebBsHQDF3WiNaRyRSlRm","privKey":"aOWEkS+JjNVSZ9MMqKo1vDjuTorPf4V0JH10O8X30m0="},"lastRemoteEphemeralKey":"BYqtpWm89EtpyfRIUeoJBuXd8bAaE6VCuhIgOlJ9fAgS","previousCounter":0,"rootKey":"FtK8vk57+4DT+PvDoycLNsxRo6FQiYXFjhsLs1wLQBk="},"indexInfo":{"baseKey":"BQgMJw4TOmRa2AQx4VdMnMDM2TvoCbvz2FHT3zKiqZ4M","baseKeyType":1,"closed":-1,"used":1704371621480,"created":1704371621480,"remoteIdentityKey":"BYPGPghIEwf7sEMU4XzWrAJipHmw+zdMsEtjwzmtRbM4"},"_chains":{"BXJIp/uyY5dtzsZjj/e47OFEebBsHQDF3WiNaRyRSlRm":{"chainKey":{"counter":0,"key":"Rw3ezpX8uiT213azptAYxaMUs8RMkVSCPn0LxaGoLA4="},"chainType":1,"messageKeys":{}}},"pendingPreKey":{"signedKeyId":1,"baseKey":"BQgMJw4TOmRa2AQx4VdMnMDM2TvoCbvz2FHT3zKiqZ4M"}}},"version":"v1"}