{"_sessions":{"BdidTABj5rlbtNHPboQtLXDmarpxb6tzN5VUjUvXfVss":{"registrationId":878627013,"currentRatchet":{"ephemeralKeyPair":{"pubKey":"BQodJtGwXOrIX/ukDOmcL95ZU27JGXzRW1fVZbFMbOEv","privKey":"OD7HHJZDMUqa3X5dB+pAYKIAcGVH6H6tgx2RgBBiJk8="},"lastRemoteEphemeralKey":"BfrodeKReOH+mtNK16zTDhYEwOHeowy5pAh2THSysORl","previousCounter":0,"rootKey":"Wu7Qs79NPT84GiwBt+djijJmpyp7KYiSHDtiR9+naz0="},"indexInfo":{"baseKey":"BdidTABj5rlbtNHPboQtLXDmarpxb6tzN5VUjUvXfVss","baseKeyType":1,"closed":-1,"used":1704371624212,"created":1704371624212,"remoteIdentityKey":"BdyfKv2samBLlZ1ahlwXDZuVBhcfCnGvWphRLq5FMf04"},"_chains":{"BQodJtGwXOrIX/ukDOmcL95ZU27JGXzRW1fVZbFMbOEv":{"chainKey":{"counter":0,"key":"b/Jo0T+8giJJd9dgH8PSMdMYiLclFKWpEV0WdurLuns="},"chainType":1,"messageKeys":{}}},"pendingPreKey":{"signedKeyId":0,"baseKey":"BdidTABj5rlbtNHPboQtLXDmarpxb6tzN5VUjUvXfVss"}}},"version":"v1"}