{"_sessions":{"BUeXk+yXi/JQOa0tdhyzDtSQnavxShmHJfyacpMelAIM":{"registrationId":618387158,"currentRatchet":{"ephemeralKeyPair":{"pubKey":"BfiPnX07UEuMLx0lagE778O0kRnRRwilxeQFnxAXkyFn","privKey":"MGEnnu9JV3JwomYKULdXf7PO8QRu7LClTvQ+75mQvkc="},"lastRemoteEphemeralKey":"BQS9DwIRsElWzSSgbJAjqKXDtxkG6cKh+fNU3me9rOgr","previousCounter":0,"rootKey":"8vvMig0ZhFwFnKQ1BSp6tGVBQK5A6LMXD0Zhwh+pJz8="},"indexInfo":{"baseKey":"BUeXk+yXi/JQOa0tdhyzDtSQnavxShmHJfyacpMelAIM","baseKeyType":1,"closed":-1,"used":1704371623489,"created":1704371623489,"remoteIdentityKey":"Bdol/KAcuJoBHX5Kg6dNlX+xa8yLOTm6DWEiJ5PM5nte"},"_chains":{"BfiPnX07UEuMLx0lagE778O0kRnRRwilxeQFnxAXkyFn":{"chainKey":{"counter":0,"key":"P6V8rjs6+vLWsMOOoBrssNRvUB83fBjPY5eg/s8SWI0="},"chainType":1,"messageKeys":{}}},"pendingPreKey":{"signedKeyId":1,"baseKey":"BUeXk+yXi/JQOa0tdhyzDtSQnavxShmHJfyacpMelAIM","preKeyId":86695}}},"version":"v1"}