{"_sessions":{"BWwwo7rbzmL5wwzeapgebI+PLatbGiUvcKx606PSYM58":{"registrationId":199,"currentRatchet":{"ephemeralKeyPair":{"pubKey":"BV3IZ9tlQlPG7+hOWOBon8Kd+p1mNNalPxitF6IR4g5F","privKey":"GGXK0AXACA1n/MTXpGOeudoO9fz4umTvtXVR60UCkX0="},"lastRemoteEphemeralKey":"BdOqLKoJ7mCWQ91szuKgOe28MOiTOVTwwv3lcYPwlDdB","previousCounter":0,"rootKey":"/iod3zDLJ0EZTE3EZ9z6ngtwNAa0Y2XBUIzuPSvP4r4="},"indexInfo":{"baseKey":"BWwwo7rbzmL5wwzeapgebI+PLatbGiUvcKx606PSYM58","baseKeyType":1,"closed":-1,"used":1704371622199,"created":1704371622199,"remoteIdentityKey":"BY1Ll/oCg70w2GQViAL97iJBJKtkEZQH2D2PwPTgVQRL"},"_chains":{"BV3IZ9tlQlPG7+hOWOBon8Kd+p1mNNalPxitF6IR4g5F":{"chainKey":{"counter":0,"key":"upXQ0CNpBcpBXSa/oweYBeeFKtagR8rftba+HnMNPyA="},"chainType":1,"messageKeys":{}}},"pendingPreKey":{"signedKeyId":1,"baseKey":"BWwwo7rbzmL5wwzeapgebI+PLatbGiUvcKx606PSYM58"}}},"version":"v1"}