{"_sessions":{"BR4UFltoPLkpoQc9UYlJe+gM9+iwmH7lAX4TUb16i0Rd":{"registrationId":227626198,"currentRatchet":{"ephemeralKeyPair":{"pubKey":"BQb5HHc6BhRLDnsa84MLWs6zyUkCyo9Fo+MJMkjUtZ9t","privKey":"CBpGIGG1QFYJGs6MBKBTusKTB52yyo6/+P0zhND1T2U="},"lastRemoteEphemeralKey":"Bbd3TVUFO4GLSIUQj2Kwt7lotUmInj3o3OILaR5qc/lw","previousCounter":0,"rootKey":"6Bg8bFWqv9a0Obl3qSr3rI3gpqUP8tuq9fRfcHmDRyg="},"indexInfo":{"baseKey":"BR4UFltoPLkpoQc9UYlJe+gM9+iwmH7lAX4TUb16i0Rd","baseKeyType":1,"closed":-1,"used":1704375696540,"created":1704375696540,"remoteIdentityKey":"BdYD7/boqAWkpC0UX846jlRIKndOBNGtHK0O6bOgn7t1"},"_chains":{"BQb5HHc6BhRLDnsa84MLWs6zyUkCyo9Fo+MJMkjUtZ9t":{"chainKey":{"counter":0,"key":"x7svLw5fkNQCZWV7Ex65KVQB25C94l0ibQe6csVNhKQ="},"chainType":1,"messageKeys":{}}},"pendingPreKey":{"signedKeyId":36,"baseKey":"BR4UFltoPLkpoQc9UYlJe+gM9+iwmH7lAX4TUb16i0Rd","preKeyId":2164741}}},"version":"v1"}