{"_sessions":{"BfAWHy9NCUO1mKh01G6QlPVIdpynkoh2VV/ZmVqkQEsD":{"registrationId":118,"currentRatchet":{"ephemeralKeyPair":{"pubKey":"BTMavPKd0Uo+iuJhaj2JJ2nLMPj5Ga/ugmgQqK+UgXds","privKey":"eH9XKY+O3eU++csB5TES/IJKv08uHOlUYBXaiQdB+FQ="},"lastRemoteEphemeralKey":"BfTmxjLzqUQrqD7GeWNTIQqWu2RKoADxUzHwwg2M/qYl","previousCounter":0,"rootKey":"DVHlE2SC36LbS267THzaEwPnqyoTJZ7Kt7Iyjoc0ark="},"indexInfo":{"baseKey":"BfAWHy9NCUO1mKh01G6QlPVIdpynkoh2VV/ZmVqkQEsD","baseKeyType":1,"closed":-1,"used":1704371621819,"created":1704371621819,"remoteIdentityKey":"BYvFcxppf9ElqjKOUUiGhzEBb3BJBYbF38MZyAuf/Lx5"},"_chains":{"BTMavPKd0Uo+iuJhaj2JJ2nLMPj5Ga/ugmgQqK+UgXds":{"chainKey":{"counter":0,"key":"NdFAkQ7KuUvDnX/vLhZtPEQg613c3AlH7y0gQIJteAY="},"chainType":1,"messageKeys":{}}},"pendingPreKey":{"signedKeyId":1,"baseKey":"BfAWHy9NCUO1mKh01G6QlPVIdpynkoh2VV/ZmVqkQEsD"}}},"version":"v1"}