{"_sessions":{"BZtU475SPnVSSh/AGB6LUPAhDga+6BQk0A7D2eJS88IO":{"registrationId":547339728,"currentRatchet":{"ephemeralKeyPair":{"pubKey":"Bat2tyCiNpuE+uTgdf9hkjGL6Pl1FEABy5urATP+q2do","privKey":"mD3Tu88zYMxgSwsQhyo81FyuErR4vHjjr1QQXQJzqU0="},"lastRemoteEphemeralKey":"BcqO5W8Caus2Dny3vHj6reCmZOjLmylPQODtmH6pE4oU","previousCounter":0,"rootKey":"3/IGtoqxvR8BePlVo0HWWaYGpKIv9Y2cazNtY21Mtt0="},"indexInfo":{"baseKey":"BZtU475SPnVSSh/AGB6LUPAhDga+6BQk0A7D2eJS88IO","baseKeyType":1,"closed":-1,"used":1704371624349,"created":1704371624349,"remoteIdentityKey":"BR4XIg9BrSWJcpRKiYYEjTzW4Da1Cc0ine5Fy8VnMPMM"},"_chains":{"Bat2tyCiNpuE+uTgdf9hkjGL6Pl1FEABy5urATP+q2do":{"chainKey":{"counter":0,"key":"4hIWe8GTA8quwDSSFzNqJrrzdIyBlBFW1PatftSi1h0="},"chainType":1,"messageKeys":{}}},"pendingPreKey":{"signedKeyId":0,"baseKey":"BZtU475SPnVSSh/AGB6LUPAhDga+6BQk0A7D2eJS88IO","preKeyId":3240238}}},"version":"v1"}