{"_sessions":{"BXFFeAzdtVNDsrElN0jS2Ya2j1x1fWfvTZdp9YAXhHRH":{"registrationId":627050137,"currentRatchet":{"ephemeralKeyPair":{"pubKey":"BXsCqVE5TYTmxuKcfsHn1HRfog+D+vH2sCNAkJzfDCRX","privKey":"sIQFX7ezteSW/2OogNhTsYw6iD1PDA5V1bBsstBX4mo="},"lastRemoteEphemeralKey":"BYXZ/I7C6tTOT4nt7kcyaovsTp0GP6YAio6EXavR7E5V","previousCounter":0,"rootKey":"PI34NbTSnSWLfqUS8uosEsCVHjEG6oMGrOwv0+qMZqQ="},"indexInfo":{"baseKey":"BXFFeAzdtVNDsrElN0jS2Ya2j1x1fWfvTZdp9YAXhHRH","baseKeyType":1,"closed":-1,"used":1704371622875,"created":1704371622875,"remoteIdentityKey":"BXsc2wI8n5BlYiZ3BfYdcDx2NbH/Nm4ccBF836+pvKMQ"},"_chains":{"BXsCqVE5TYTmxuKcfsHn1HRfog+D+vH2sCNAkJzfDCRX":{"chainKey":{"counter":0,"key":"l5/z4+3gCUg48TUZ2SjjXi9jP1wsQdyek2Tf8nfExfM="},"chainType":1,"messageKeys":{}}},"pendingPreKey":{"signedKeyId":0,"baseKey":"BXFFeAzdtVNDsrElN0jS2Ya2j1x1fWfvTZdp9YAXhHRH","preKeyId":9487487}}},"version":"v1"}