{"_sessions":{"BUaL7WkY8JRkIvckT8mVe127nI372j318/eU0+/P9XA2":{"registrationId":64,"currentRatchet":{"ephemeralKeyPair":{"pubKey":"BZWv91CBIb0+hDh0QqGs++dYkdxFMTPe+UWY6dv6YTo2","privKey":"IBlGvAi75G+F7C+FBJ1FKkQewbg++4uWYuksBK2HT0E="},"lastRemoteEphemeralKey":"BRd73SwXtljR6hOWaH6WNgI1uWvC4GxEv3327j9WBNBp","previousCounter":0,"rootKey":"BaNHvKWwUyFXnkY9xtN9A6uCniZps3JdtGS9RCtVPWo="},"indexInfo":{"baseKey":"BUaL7WkY8JRkIvckT8mVe127nI372j318/eU0+/P9XA2","baseKeyType":1,"closed":-1,"used":1704371621797,"created":1704371621797,"remoteIdentityKey":"BTRMGBeevKOxlqTKoVqY7sBuGUhb7g5c/JHE/UxCJPgi"},"_chains":{"BZWv91CBIb0+hDh0QqGs++dYkdxFMTPe+UWY6dv6YTo2":{"chainKey":{"counter":0,"key":"J3WX4/MBYKf1vrLsHEc8w0H1/Wx3zevqcTVe66zOcw8="},"chainType":1,"messageKeys":{}}},"pendingPreKey":{"signedKeyId":1,"baseKey":"BUaL7WkY8JRkIvckT8mVe127nI372j318/eU0+/P9XA2"}}},"version":"v1"}