{"_sessions":{"Bd/NVYmqNrTxzxBXTvQTn/Q/y4b3S7pckQKxvdUJ1v4Y":{"registrationId":8227,"currentRatchet":{"ephemeralKeyPair":{"pubKey":"BSFSpapV79gILtdD/6LMfFM6qux81SB4G8VBDnsFHAJD","privKey":"CFL1y4yxf9pIrrS/2Kn9k6gxObCsBpQPs6+RNmqn1Ho="},"lastRemoteEphemeralKey":"BZBCDsa74ozukxBWhMdsT8CsT49HGgYuf/kT6at1XP4k","previousCounter":0,"rootKey":"VwIN6OYJPKIukI5+GwXBv0Kn8lKB79OwqGJXMChXw60="},"indexInfo":{"baseKey":"Bd/NVYmqNrTxzxBXTvQTn/Q/y4b3S7pckQKxvdUJ1v4Y","baseKeyType":1,"closed":-1,"used":1704375696376,"created":1704375696376,"remoteIdentityKey":"BQxd8btSDcJSsY2OOE2rReKHMBbVZlcprtUC46zEYmx+"},"_chains":{"BSFSpapV79gILtdD/6LMfFM6qux81SB4G8VBDnsFHAJD":{"chainKey":{"counter":0,"key":"Jq5p0zyNPQVSG5ij1IvcFM1mXGIuLb4cR9rn2neXbfg="},"chainType":1,"messageKeys":{}}},"pendingPreKey":{"signedKeyId":1,"baseKey":"Bd/NVYmqNrTxzxBXTvQTn/Q/y4b3S7pckQKxvdUJ1v4Y"}}},"version":"v1"}