{"_sessions":{"BX6hJUrjdBAqk8bIoXSrsWLT+UFm7VsnLeYB2yeGOTF2":{"registrationId":670069054,"currentRatchet":{"ephemeralKeyPair":{"pubKey":"BcbArngDukJhsVxbXirfpUJ2LKVaLXvI2gaidBfWV1g3","privKey":"SAdDJjEFdKwuWnPzIXL7uGT54AqGkT/y+mlfFJYXI2Q="},"lastRemoteEphemeralKey":"BQP2If5o9cecj12HGo2w3BpXKGcNhR6EMGjVlclagHRS","previousCounter":0,"rootKey":"iFwZCIuD83p6+epbCcdmJTq+cUpR/2kRqpawiZvZF48="},"indexInfo":{"baseKey":"BX6hJUrjdBAqk8bIoXSrsWLT+UFm7VsnLeYB2yeGOTF2","baseKeyType":1,"closed":-1,"used":1704371623093,"created":1704371623093,"remoteIdentityKey":"BW9405eiHdhlxSlmp0uSKDj4asmwbM9wP6oBL8Qg0rMP"},"_chains":{"BcbArngDukJhsVxbXirfpUJ2LKVaLXvI2gaidBfWV1g3":{"chainKey":{"counter":0,"key":"ow/0h2a89tol8NUisqEZIoNgdZT8CwDz2qHPEwy1u5Y="},"chainType":1,"messageKeys":{}}},"pendingPreKey":{"signedKeyId":0,"baseKey":"BX6hJUrjdBAqk8bIoXSrsWLT+UFm7VsnLeYB2yeGOTF2"}}},"version":"v1"}