{"_sessions":{"BQCPEZ9w48NcQMr6OKD0nOPDDZbE8nlEQZrXLPYsy/gx":{"registrationId":668419081,"currentRatchet":{"ephemeralKeyPair":{"pubKey":"BTwHZ3Y7PAtwRSNg+86iBn0LH7f1xTyuf/VwFR6Z6SFE","privKey":"sBne0gjd8OYijxpVvFidHKdKhTpbJpfEdapjLBLc/H0="},"lastRemoteEphemeralKey":"BW/XEomP5WCXhGIIbawjKNUr4vXp2YTiG/HT1EBQmv8E","previousCounter":0,"rootKey":"QGPYYIWzHQs9xQRBaVU84ntu8QuTOvWdnhR/VK6vp4M="},"indexInfo":{"baseKey":"BQCPEZ9w48NcQMr6OKD0nOPDDZbE8nlEQZrXLPYsy/gx","baseKeyType":1,"closed":-1,"used":1704371623727,"created":1704371623727,"remoteIdentityKey":"BSI+vFUZoWbepZgLDdeLy2x0xhuFU1+XlMMtiLpUMxwM"},"_chains":{"BTwHZ3Y7PAtwRSNg+86iBn0LH7f1xTyuf/VwFR6Z6SFE":{"chainKey":{"counter":0,"key":"lnJyE0ZMD/H7cbM68f0f90GNeIp3UzFXTcpc50VaCZE="},"chainType":1,"messageKeys":{}}},"pendingPreKey":{"signedKeyId":5,"baseKey":"BQCPEZ9w48NcQMr6OKD0nOPDDZbE8nlEQZrXLPYsy/gx","preKeyId":16047913}}},"version":"v1"}