{"_sessions":{"BXud2iwMFZvI9pu0bqKVorrm/gjCimQf5aDO7jace0lx":{"registrationId":836803500,"currentRatchet":{"ephemeralKeyPair":{"pubKey":"Be4PXeSPLvFNgUyAFVCz04QBUizlyJE4aTuVWvWXfkYl","privKey":"EPOeSvHTG66MR+NEMjHNX5ia9TnOInhr1hetn0sJCnQ="},"lastRemoteEphemeralKey":"BYk5/u254Khrh96mHTTplqilhbMyxqhb+2FzczyiruNI","previousCounter":0,"rootKey":"vLCKQQvd4gzmwbaK0q/yNEwrPthSK1mQH5OzPpX99s8="},"indexInfo":{"baseKey":"BXud2iwMFZvI9pu0bqKVorrm/gjCimQf5aDO7jace0lx","baseKeyType":1,"closed":-1,"used":1704371624031,"created":1704371624031,"remoteIdentityKey":"Bby3j0btVSb13NL8wwIIOAoaIPkiHoEbiLjdwQc9JBwZ"},"_chains":{"Be4PXeSPLvFNgUyAFVCz04QBUizlyJE4aTuVWvWXfkYl":{"chainKey":{"counter":0,"key":"ABkbekRlGxCuYUqUFfscJwojMPr1+m6TpqOu2GWQWAY="},"chainType":1,"messageKeys":{}}},"pendingPreKey":{"signedKeyId":0,"baseKey":"BXud2iwMFZvI9pu0bqKVorrm/gjCimQf5aDO7jace0lx","preKeyId":2988783}}},"version":"v1"}