{"_sessions":{"BSWogRWH7tU+T0Btzk8i7yrjrVCKCDZCs5ItvGAF1RNQ":{"registrationId":1466808282,"currentRatchet":{"ephemeralKeyPair":{"pubKey":"Ba03Xx1t7V5KD10HYKsIGIDnfdaOzalzYFXKHHWHFTRg","privKey":"mFqMyHXGYD6GU6c44NMhofCtRAse+D9sjM+qFFO4zlM="},"lastRemoteEphemeralKey":"BUC+0z6oxAiRJ2/sVIaL7sHdT3BfFDylUA6uWo4UcUZx","previousCounter":0,"rootKey":"aFo/qyLWO0JVGaRYDVvqyxvF3HsXfgW0slx3CAaVG6U="},"indexInfo":{"baseKey":"BSWogRWH7tU+T0Btzk8i7yrjrVCKCDZCs5ItvGAF1RNQ","baseKeyType":1,"closed":-1,"used":1704371622927,"created":1704371622927,"remoteIdentityKey":"BRPyxtLDEq60H30IbMCabayQrKbHpYC5gtKETupEQD8+"},"_chains":{"Ba03Xx1t7V5KD10HYKsIGIDnfdaOzalzYFXKHHWHFTRg":{"chainKey":{"counter":0,"key":"ZKMYhki0paHvThbuGP2UMph1qz9eL0gDrJHMAcSFXF4="},"chainType":1,"messageKeys":{}}},"pendingPreKey":{"signedKeyId":0,"baseKey":"BSWogRWH7tU+T0Btzk8i7yrjrVCKCDZCs5ItvGAF1RNQ","preKeyId":12172001}}},"version":"v1"}