{"_sessions":{"BdTHMhjn3fkeIsFHjwqSkNLj28iSuP1BayMyMVNkPw4L":{"registrationId":1979643789,"currentRatchet":{"ephemeralKeyPair":{"pubKey":"BR16GWzG7RLudfFP/xv/M8Amd9Eky4+rmF/BVksnTMsR","privKey":"sKUz+SSuS1iHBMsyAHe0qiPgkhe7hq/6YddaXovADX8="},"lastRemoteEphemeralKey":"BbBOLC3Uy3iX659AGmtWEJHAt4Kplfh/bgccKJJpqB0G","previousCounter":0,"rootKey":"uoKiLfdUV9CE2EPfFFigiOQqsKhFWLYgTTLdwAHLnGE="},"indexInfo":{"baseKey":"BdTHMhjn3fkeIsFHjwqSkNLj28iSuP1BayMyMVNkPw4L","baseKeyType":1,"closed":-1,"used":1704371624597,"created":1704371624597,"remoteIdentityKey":"BcvQG4D+3WzyZUqdZZ0HeJYu6EhfFSNsxaVA9Tlela5D"},"_chains":{"BR16GWzG7RLudfFP/xv/M8Amd9Eky4+rmF/BVksnTMsR":{"chainKey":{"counter":0,"key":"gEk2YTZzOT2y/2h8i1MIXV95wimaK5a0F9Oni3Oufvo="},"chainType":1,"messageKeys":{}}},"pendingPreKey":{"signedKeyId":0,"baseKey":"BdTHMhjn3fkeIsFHjwqSkNLj28iSuP1BayMyMVNkPw4L","preKeyId":12055741}}},"version":"v1"}