{"_sessions":{"BetGOpqDDzt3X/SmHMGa6fmb0RsgKakiXH+R0fJ54Vka":{"registrationId":479243210,"currentRatchet":{"ephemeralKeyPair":{"pubKey":"BaCq5ie8DPFZlI/WCu8LN+pDfw5PK2Rpxx6iBak1iql6","privKey":"6BYgnJwcMY3QYTDfaxxgwarGiomgWLIPZJArqyJBEmA="},"lastRemoteEphemeralKey":"BaoExE77LCBgElplePg/xf27MWsHI5/SnPKrH3/1CfUN","previousCounter":0,"rootKey":"CkcovmvlI/Uj7mzrK6qhJJY1GERlYnLee3fpNaVeBFQ="},"indexInfo":{"baseKey":"BetGOpqDDzt3X/SmHMGa6fmb0RsgKakiXH+R0fJ54Vka","baseKeyType":1,"closed":-1,"used":1704375696425,"created":1704375696425,"remoteIdentityKey":"BUqH75CsIBPVfJ32fvvlz/p18lVjRBA/LsZCUhs3hqRA"},"_chains":{"BaCq5ie8DPFZlI/WCu8LN+pDfw5PK2Rpxx6iBak1iql6":{"chainKey":{"counter":0,"key":"VRYqzAOL1TpHNl99jb1viquhMc5wFFMszB1fq7iMSx8="},"chainType":1,"messageKeys":{}}},"pendingPreKey":{"signedKeyId":18,"baseKey":"BetGOpqDDzt3X/SmHMGa6fmb0RsgKakiXH+R0fJ54Vka","preKeyId":12955698}}},"version":"v1"}