{"_sessions":{"BX5tM5rUrb6u1d150hfqpmSqjtqzkZ7dUgKE1mrOajQC":{"registrationId":834889341,"currentRatchet":{"ephemeralKeyPair":{"pubKey":"BaVvIJy5L5wE2odvrfOO0OYqn2oLQjHjfIqzAUhWaxwE","privKey":"6A9lluj7v6/ibdtNYk0MRKv5cZ26GKvalgCC762lOUU="},"lastRemoteEphemeralKey":"BaD1rIq78Q3Sb3cP8MyRkRFnbAag9kkNALAGpiN7ufdt","previousCounter":0,"rootKey":"EqioG0EUoAuguFMk/w+b9rHc4N0ASLAiFPz5j+A6nF0="},"indexInfo":{"baseKey":"BX5tM5rUrb6u1d150hfqpmSqjtqzkZ7dUgKE1mrOajQC","baseKeyType":1,"closed":-1,"used":1704371624665,"created":1704371624665,"remoteIdentityKey":"BW+bYFex9OvxKYrOeNNv/YaU13EgHInS485vgwC0XMkg"},"_chains":{"BaVvIJy5L5wE2odvrfOO0OYqn2oLQjHjfIqzAUhWaxwE":{"chainKey":{"counter":0,"key":"w+dU6EsqZz5HgR9LkhcopMN5xHiM9LbMN4m0ypkfdFc="},"chainType":1,"messageKeys":{}}},"pendingPreKey":{"signedKeyId":1,"baseKey":"BX5tM5rUrb6u1d150hfqpmSqjtqzkZ7dUgKE1mrOajQC","preKeyId":8054384}}},"version":"v1"}