{"_sessions":{"BfgGpuXMx20rv8aFBIwma8lbJisdU3OIJDqli1DzZpId":{"registrationId":1756380407,"currentRatchet":{"ephemeralKeyPair":{"pubKey":"BQUM0YNLz3ydot3NAmf8Xw4t4LbReEnqUuvywxKfPiEo","privKey":"sJjtJ7MABf0yM+Oco/o0rnNQQY1pRYmJcZx1DyABiX4="},"lastRemoteEphemeralKey":"BQiqxWrf20Dk/EYeLSWccGyF7BsRKy7BBiZCCA3aXL0M","previousCounter":0,"rootKey":"u8RFTDlDre41QKL/KqcP5rAyzV1ecXteNlFsR7RHJ9c="},"indexInfo":{"baseKey":"BfgGpuXMx20rv8aFBIwma8lbJisdU3OIJDqli1DzZpId","baseKeyType":1,"closed":-1,"used":1704371624981,"created":1704371624981,"remoteIdentityKey":"BVeNHevsxgXyXbrdPoEyacy9NR80Hdk4fEcBKcFk0tsZ"},"_chains":{"BQUM0YNLz3ydot3NAmf8Xw4t4LbReEnqUuvywxKfPiEo":{"chainKey":{"counter":0,"key":"Ed0gGCC7E6wWorTe1xJX17glv9090ewdVOhMw5NqJkI="},"chainType":1,"messageKeys":{}}},"pendingPreKey":{"signedKeyId":0,"baseKey":"BfgGpuXMx20rv8aFBIwma8lbJisdU3OIJDqli1DzZpId","preKeyId":5693878}}},"version":"v1"}