{"_sessions":{"BVw8fi+zu4lqt9K2WfA9J4b5soda3EmUcE0VcitmFuhP":{"registrationId":180683847,"currentRatchet":{"ephemeralKeyPair":{"pubKey":"BXmvxGm/dbktz7RvCAM8kWFgwPqPYdlPhElhHPGtfis7","privKey":"mPewXD6b/N1uB5lqr52RQVq/9m0srl7I8TX363ip63U="},"lastRemoteEphemeralKey":"BfZ+oMtSQw+S8CLvznMiZvJcmkNzImfivVG3IixUhE4+","previousCounter":0,"rootKey":"0pFbyDs7p9VdM51813rDF1hplIsGOhz2cGeAIlfjgJo="},"indexInfo":{"baseKey":"BVw8fi+zu4lqt9K2WfA9J4b5soda3EmUcE0VcitmFuhP","baseKeyType":1,"closed":-1,"used":1704371623185,"created":1704371623185,"remoteIdentityKey":"BYOVNv2wsCouSEnz2aObBf24Ux37KJSlzh9apbftLlxn"},"_chains":{"BXmvxGm/dbktz7RvCAM8kWFgwPqPYdlPhElhHPGtfis7":{"chainKey":{"counter":0,"key":"B+Cx4sJkS8YTB+VFdcnZQIZ/d+587dR8xw7Uv6+a8rE="},"chainType":1,"messageKeys":{}}},"pendingPreKey":{"signedKeyId":0,"baseKey":"BVw8fi+zu4lqt9K2WfA9J4b5soda3EmUcE0VcitmFuhP","preKeyId":5059531}}},"version":"v1"}