{"_sessions":{"BRfDd7eMJN1SULzNn1NmnAQafBzRzCBOLSAF16jwgoUk":{"registrationId":51,"currentRatchet":{"ephemeralKeyPair":{"pubKey":"Bb9Y6xQLVUw3I9dOVe6t96Yg23J/NjqqQvrHVcGR72AT","privKey":"mNjWss1ea4rp6LyU6gsHATPwwzf0d2owYTiKwRnsuWM="},"lastRemoteEphemeralKey":"BdsfhgOfWv3ga0OgZC07UsgjXN7/E3+IFQR4qBkBwx4n","previousCounter":0,"rootKey":"Xa5Ywmo9klursGxItJTcpHpZtDcv3WLllFWYmmumK8o="},"indexInfo":{"baseKey":"BRfDd7eMJN1SULzNn1NmnAQafBzRzCBOLSAF16jwgoUk","baseKeyType":1,"closed":-1,"used":1704371622115,"created":1704371622115,"remoteIdentityKey":"BQFjIqaGiLuRE0dv1KKDcSQSbOlJHmDB9a+TIOBZalwR"},"_chains":{"Bb9Y6xQLVUw3I9dOVe6t96Yg23J/NjqqQvrHVcGR72AT":{"chainKey":{"counter":0,"key":"I/5+5kivZrIRkFJKWg7cqqtBEQRUVldzGkiTXSbyN6U="},"chainType":1,"messageKeys":{}}},"pendingPreKey":{"signedKeyId":1,"baseKey":"BRfDd7eMJN1SULzNn1NmnAQafBzRzCBOLSAF16jwgoUk","preKeyId":48}}},"version":"v1"}