{"_sessions":{"BTtf0nMxLA+XiLfBn50Pn204oKO63zt1zOSAU/xUhvhM":{"registrationId":140,"currentRatchet":{"ephemeralKeyPair":{"pubKey":"BQulwmFZe1aFoYYMxrQkQNYiZuWnkZP6+E0r/Dvfw91j","privKey":"8KZaDPNmtt9P7M18KcxaXfULQ297tbqSmU9VffwASE4="},"lastRemoteEphemeralKey":"BakzpAz2e70jPwDVpqb0NxfCen307Sxsiz5AZ/w0Hj02","previousCounter":0,"rootKey":"D+KFNvBbe7Vzhgd4cLFScPEL/K1dyaB6awJ3Ld/VQxE="},"indexInfo":{"baseKey":"BTtf0nMxLA+XiLfBn50Pn204oKO63zt1zOSAU/xUhvhM","baseKeyType":1,"closed":-1,"used":1704371621842,"created":1704371621842,"remoteIdentityKey":"BfkWcz10WFWGBLGYGwarRzhqUJn/RhEB3D//IeLoO+QI"},"_chains":{"BQulwmFZe1aFoYYMxrQkQNYiZuWnkZP6+E0r/Dvfw91j":{"chainKey":{"counter":0,"key":"kZbs6ynZh0V+r8DzaLRyFwMSQI3aZtSN1PgTgrh/bxU="},"chainType":1,"messageKeys":{}}},"pendingPreKey":{"signedKeyId":1,"baseKey":"BTtf0nMxLA+XiLfBn50Pn204oKO63zt1zOSAU/xUhvhM"}}},"version":"v1"}