{"_sessions":{"BZeTK2A3W+k7FXfTFiQDjzCj0ykJDW19KwLOr03RBSYM":{"registrationId":220,"currentRatchet":{"ephemeralKeyPair":{"pubKey":"BSVuo+GsnnEYkwC5+Al9VwCEzSUiYXpoGeCDlnTvRIkY","privKey":"qLdM77L8N9XhkUZY3KN+EtPG5qCiSaYLjHcd5zYnoVw="},"lastRemoteEphemeralKey":"BYhmSGCJhbwqprkvF59YIxpvphrSG8FYG60VWN2EW80Q","previousCounter":0,"rootKey":"rCWBLpnfFfIy1iB56vuG7HKdxh4/RwW3xoXicnfujuk="},"indexInfo":{"baseKey":"BZeTK2A3W+k7FXfTFiQDjzCj0ykJDW19KwLOr03RBSYM","baseKeyType":1,"closed":-1,"used":1704371622211,"created":1704371622211,"remoteIdentityKey":"BRfinfeaxkgAtFhAayju/8xEzW4uA0vjL0jlwPG09GdR"},"_chains":{"BSVuo+GsnnEYkwC5+Al9VwCEzSUiYXpoGeCDlnTvRIkY":{"chainKey":{"counter":0,"key":"OXODzWRSFF9T5jqjT8m1pFOxA4tutCWYEXk7uxyy3MQ="},"chainType":1,"messageKeys":{}}},"pendingPreKey":{"signedKeyId":1,"baseKey":"BZeTK2A3W+k7FXfTFiQDjzCj0ykJDW19KwLOr03RBSYM"}}},"version":"v1"}