{"_sessions":{"Bbfa+mgiXT8sjS85gAMBWGyHPPU7PtvE0O8k/3z9Tygh":{"registrationId":188,"currentRatchet":{"ephemeralKeyPair":{"pubKey":"Bdhr8zcfvEkXHo134Qk766oi7L2HJfDUfRwDJCyRFXUS","privKey":"SAL19M/YShVjNrSgw76s++yLMzOsMQdfa7jDxH63Imk="},"lastRemoteEphemeralKey":"BepCtaak5hjRO3PYWxdBq0ifonqYSQfGlN9+hqQyXTMa","previousCounter":0,"rootKey":"wxs+yD07yYn80JseVWDcBBWvS1TSPYJVlE0939QWekY="},"indexInfo":{"baseKey":"Bbfa+mgiXT8sjS85gAMBWGyHPPU7PtvE0O8k/3z9Tygh","baseKeyType":1,"closed":-1,"used":1704371622428,"created":1704371622428,"remoteIdentityKey":"BayzNPmOF1CzHwxyjZmwVIA6nmRZ0/lLY0RpqWQ2H3Zb"},"_chains":{"Bdhr8zcfvEkXHo134Qk766oi7L2HJfDUfRwDJCyRFXUS":{"chainKey":{"counter":0,"key":"H3k/Gt8zDdUPncBjoZIDI73eK128V9SieqJCGcf51W8="},"chainType":1,"messageKeys":{}}},"pendingPreKey":{"signedKeyId":1,"baseKey":"Bbfa+mgiXT8sjS85gAMBWGyHPPU7PtvE0O8k/3z9Tygh"}}},"version":"v1"}