{"_sessions":{"BbqBYhtd1iMTe8e1+iyfH1gNRpw43THRkYHOJIZD+R9b":{"registrationId":1827107612,"currentRatchet":{"ephemeralKeyPair":{"pubKey":"BTdRALjBiIDy32ojs4qP4zlEdIDRvI1I5ziWV0FsBWt3","privKey":"KB4UOH3fCtbgOSAqDds1+lCDRVfKG9EcK+1kAehANU0="},"lastRemoteEphemeralKey":"BVVysEV+l6QiGtSOrgBozphgNM0rnfv2+jPmmcnrZndO","previousCounter":0,"rootKey":"v5IhgwnBe1VZ1WqnAP5KemmbXwHXMyH8a4D1MCjTqs8="},"indexInfo":{"baseKey":"BbqBYhtd1iMTe8e1+iyfH1gNRpw43THRkYHOJIZD+R9b","baseKeyType":1,"closed":-1,"used":1704371624377,"created":1704371624377,"remoteIdentityKey":"BS1wjasYIgx9Q0NaWTDGA/Yso72V9s7vBMCZZA9Q11hg"},"_chains":{"BTdRALjBiIDy32ojs4qP4zlEdIDRvI1I5ziWV0FsBWt3":{"chainKey":{"counter":0,"key":"hUMdOUO/PXM+ZixbHAK0YEu9/DGjxDk728W8YLlu2u4="},"chainType":1,"messageKeys":{}}},"pendingPreKey":{"signedKeyId":1,"baseKey":"BbqBYhtd1iMTe8e1+iyfH1gNRpw43THRkYHOJIZD+R9b","preKeyId":47648}}},"version":"v1"}