{"_sessions":{"BRqfPsvZOLWQIGzND7y1kQKrNaiWz2o5o9zh24tEYSJl":{"registrationId":117,"currentRatchet":{"ephemeralKeyPair":{"pubKey":"BX3Us7WbgzV02n8E1RH0YvyUMAd3wWmA+vA+sxABWoUo","privKey":"qHz49GzpCBuI7EYObuWc8P592KHLVYrLXAbqobgDTGs="},"lastRemoteEphemeralKey":"BeI79E1eosgFgdXgKKSI0VwJNjzmwsrYqfXuJ1LLsqJL","previousCounter":0,"rootKey":"oB+4IvCXrPoZJPRROWFxlwLlIXrFMylqtxA64ik/+1E="},"indexInfo":{"baseKey":"BRqfPsvZOLWQIGzND7y1kQKrNaiWz2o5o9zh24tEYSJl","baseKeyType":1,"closed":-1,"used":1704371621434,"created":1704371621434,"remoteIdentityKey":"BfWOlcWkNnahBZACDdN/f62pC+MBb/Bpdo29Be4K1JV5"},"_chains":{"BX3Us7WbgzV02n8E1RH0YvyUMAd3wWmA+vA+sxABWoUo":{"chainKey":{"counter":0,"key":"NmNd07rXuouwdqsHM5z2D4C77dUY3W9MIoLYf7YIdhY="},"chainType":1,"messageKeys":{}}},"pendingPreKey":{"signedKeyId":1,"baseKey":"BRqfPsvZOLWQIGzND7y1kQKrNaiWz2o5o9zh24tEYSJl"}}},"version":"v1"}