{"_sessions":{"BWDxMbn13VuiVS2e1AlSoGsxOqF+WVlfyuEUtSzgutRy":{"registrationId":1556572217,"currentRatchet":{"ephemeralKeyPair":{"pubKey":"BXPg2klH8b/EcI8uNoaxoYgl2NeM6G6gfdTDM/frIiQL","privKey":"6Eemd43T9bDS3OeVfDh6GIzDoDC2zA9ozmlNP2lVh2w="},"lastRemoteEphemeralKey":"BaRKe5AW5+cQbtq5U2RMqpa0KLXlcRwbnj9D4XuZkhle","previousCounter":0,"rootKey":"MOBMhoogeIbjJoSy6oqGLF3Tbv8gbmnw5cMaa37NL/I="},"indexInfo":{"baseKey":"BWDxMbn13VuiVS2e1AlSoGsxOqF+WVlfyuEUtSzgutRy","baseKeyType":1,"closed":-1,"used":1704371623622,"created":1704371623622,"remoteIdentityKey":"BdOVLciQ5dd9CCBSpZklK2fWIMjxbOQFlGaMxKuk/rwb"},"_chains":{"BXPg2klH8b/EcI8uNoaxoYgl2NeM6G6gfdTDM/frIiQL":{"chainKey":{"counter":0,"key":"PyYRoYupN7yJjdf1hmZSWfIeR4j4oGwO+j+jCY3IfGc="},"chainType":1,"messageKeys":{}}},"pendingPreKey":{"signedKeyId":1,"baseKey":"BWDxMbn13VuiVS2e1AlSoGsxOqF+WVlfyuEUtSzgutRy","preKeyId":1465240}}},"version":"v1"}