{"_sessions":{"BS+BFCI1CPScb5EryOdCOFi3U77Rfa8zCmYwno7gMDVG":{"registrationId":1392892114,"currentRatchet":{"ephemeralKeyPair":{"pubKey":"BbG5JxB81M2ryBwMVvf59wfjyfR5Y66Ltm8CE0LCi4xd","privKey":"kKV+snXXFeb2YiaGqeXfQEf0hYkpEM3Rlc13X47W6HM="},"lastRemoteEphemeralKey":"BftIFosgSGVNOl15p47Hw07D+hViEXmllXEoB3WeFUMm","previousCounter":0,"rootKey":"5kz6fuQqBPKT09BfHFutlz+kfLoKRObP4RDXcFDPOlk="},"indexInfo":{"baseKey":"BS+BFCI1CPScb5EryOdCOFi3U77Rfa8zCmYwno7gMDVG","baseKeyType":1,"closed":-1,"used":1704371622965,"created":1704371622965,"remoteIdentityKey":"Bb6mBcKxgHSbZ6aft29rUH9q/5hxW9AX8TSUDPPZ2hYI"},"_chains":{"BbG5JxB81M2ryBwMVvf59wfjyfR5Y66Ltm8CE0LCi4xd":{"chainKey":{"counter":0,"key":"UtOeKwckBHlL8WxgL+dJg1v0axBY+qqOG8QFBCY+hc0="},"chainType":1,"messageKeys":{}}},"pendingPreKey":{"signedKeyId":1,"baseKey":"BS+BFCI1CPScb5EryOdCOFi3U77Rfa8zCmYwno7gMDVG"}}},"version":"v1"}