{"_sessions":{"BTlNE9H3NXDeAV+jtk4ouIJZbCV9Q9wcA5MxLxiBvWVo":{"registrationId":161,"currentRatchet":{"ephemeralKeyPair":{"pubKey":"BWocQalxxM67dXAwodkt22VwWQUvqw9MJMYu+9DW5cgk","privKey":"oA5v7v0JdrxjkhmqjlAR4RPWLamNk8ioPEMObtfnfGs="},"lastRemoteEphemeralKey":"BRa2EpdXmDBreloIzWz+2U4SIhccq6mHzpCLAE6mZNk+","previousCounter":0,"rootKey":"MZYWwV+DHrcqBVHGwWSsRYQ37RHrxaC+m8sVFMDCZmk="},"indexInfo":{"baseKey":"BTlNE9H3NXDeAV+jtk4ouIJZbCV9Q9wcA5MxLxiBvWVo","baseKeyType":1,"closed":-1,"used":1704371621612,"created":1704371621612,"remoteIdentityKey":"BT8Q3l2yQrCQeCYjRKcZfngrcpaPuJazNk/TTN3MXrIA"},"_chains":{"BWocQalxxM67dXAwodkt22VwWQUvqw9MJMYu+9DW5cgk":{"chainKey":{"counter":0,"key":"U7s62fwL7qtVDnhnlljexjeehKLr9haTP7u9Q14SzjE="},"chainType":1,"messageKeys":{}}},"pendingPreKey":{"signedKeyId":1,"baseKey":"BTlNE9H3NXDeAV+jtk4ouIJZbCV9Q9wcA5MxLxiBvWVo"}}},"version":"v1"}