{"_sessions":{"BWGYyKkIELYn9hJlYALNQoppSPUpYRGqHMmgNJZRaVoQ":{"registrationId":119,"currentRatchet":{"ephemeralKeyPair":{"pubKey":"BRm1RqcASsOTG/3kyr1HxQOId2r50tazDRY7iCFy6lhN","privKey":"KFyt+woY0jBFU0JujNcsQoPpOFy8FX5oKG0nUafpeUA="},"lastRemoteEphemeralKey":"BTbnldZJAltte/BPPyWuRGnJYC1kJ1voiugItr0Ver8F","previousCounter":0,"rootKey":"p/GxbSObFKZZVNoHCoyah8mDJYf2Pp4Kd+tC/xsrsxw="},"indexInfo":{"baseKey":"BWGYyKkIELYn9hJlYALNQoppSPUpYRGqHMmgNJZRaVoQ","baseKeyType":1,"closed":-1,"used":1704371622454,"created":1704371622454,"remoteIdentityKey":"BbGNrmLu33vzSK+/fztiJRUggJmGSevbdoZnO2JyQaII"},"_chains":{"BRm1RqcASsOTG/3kyr1HxQOId2r50tazDRY7iCFy6lhN":{"chainKey":{"counter":0,"key":"mzQrdm629sQiwe4nQa1syPE/OnUJho9UJtb4QPaZABo="},"chainType":1,"messageKeys":{}}},"pendingPreKey":{"signedKeyId":1,"baseKey":"BWGYyKkIELYn9hJlYALNQoppSPUpYRGqHMmgNJZRaVoQ"}}},"version":"v1"}