{"_sessions":{"BdZ5TZTQVlPueKkV2bijIc0vtl3MLPZLky8l2dGUSntO":{"registrationId":183,"currentRatchet":{"ephemeralKeyPair":{"pubKey":"BSDM3K0ZDekAZaAq/y853mgFYjsFIDIxgsQLJ862TjwL","privKey":"6NviHbYURZsbL0knIEXjSTZSjjXbzJV68a3tmNwXokU="},"lastRemoteEphemeralKey":"BSn1M8hRs73xXbXpcTGGNAEdds317ADujrWcmrGrU3gb","previousCounter":0,"rootKey":"8cSR+0jmBmDgsG3eOWnsFDD1TpTFwdiOy0uyfcl4mEM="},"indexInfo":{"baseKey":"BdZ5TZTQVlPueKkV2bijIc0vtl3MLPZLky8l2dGUSntO","baseKeyType":1,"closed":-1,"used":1704371622128,"created":1704371622128,"remoteIdentityKey":"BbMyCOSxVsvfZuyrxNi3WWthKnkj8oltrZKwtDczuBoX"},"_chains":{"BSDM3K0ZDekAZaAq/y853mgFYjsFIDIxgsQLJ862TjwL":{"chainKey":{"counter":0,"key":"qu7FkGVe5jpYsbhAhV6W2mhR2Z3z/V4YugqelRwZoqw="},"chainType":1,"messageKeys":{}}},"pendingPreKey":{"signedKeyId":1,"baseKey":"BdZ5TZTQVlPueKkV2bijIc0vtl3MLPZLky8l2dGUSntO","preKeyId":16}}},"version":"v1"}