{"_sessions":{"BcyEvJJL99q+GHiTfqIY4m2VkMhMdcTbAGWUy/PH9vY8":{"registrationId":40705464,"currentRatchet":{"ephemeralKeyPair":{"pubKey":"BTpL81Ro12NPHBPeaPNqF0X2v1LPwnoiocDzHTRo8+da","privKey":"kNWKSoefd0qtAffa3scRr8GNMN1NOE3uFfrnO2l+HF8="},"lastRemoteEphemeralKey":"BexWN2wtHgkUSp+WIyTSHBgy2OHEalQ+owJW2HkiTH4I","previousCounter":0,"rootKey":"xkAbOrbDXUiB9w7MTXBLzmGmOfC2DNwoK1a8Em4fhY4="},"indexInfo":{"baseKey":"BcyEvJJL99q+GHiTfqIY4m2VkMhMdcTbAGWUy/PH9vY8","baseKeyType":1,"closed":-1,"used":1704371624003,"created":1704371624003,"remoteIdentityKey":"BRHA3wdmKf3efaALVkmEIn66/W7iZtqDX+rybHEaS8Fi"},"_chains":{"BTpL81Ro12NPHBPeaPNqF0X2v1LPwnoiocDzHTRo8+da":{"chainKey":{"counter":0,"key":"yjw/YCQdGNNu7FJ/C9GoCkrxtlWRIPkLZtnfsmCTk2I="},"chainType":1,"messageKeys":{}}},"pendingPreKey":{"signedKeyId":5,"baseKey":"BcyEvJJL99q+GHiTfqIY4m2VkMhMdcTbAGWUy/PH9vY8","preKeyId":2769783}}},"version":"v1"}