{"_sessions":{"BRZu9OTeZfstMIGEj8rLzv+B0AvQ8aepDMgOQAbc1ZwZ":{"registrationId":5674,"currentRatchet":{"ephemeralKeyPair":{"pubKey":"BcLgxBr9rZ1ER3oy3KEpWRE7fZB7iKDFT3mnDNfNVTZC","privKey":"UNQJ8lQPZhai39FqSLFen/finaZC5hmZPG4wcz1S1EY="},"lastRemoteEphemeralKey":"BcrZn3VtetG0f9rDzkMr00UpeHKqtBLXjqYof9/OuP5e","previousCounter":0,"rootKey":"b48aDgjewyw99MdqTncN9qncEeM2YDt9MjsEtUBwwLc="},"indexInfo":{"baseKey":"BRZu9OTeZfstMIGEj8rLzv+B0AvQ8aepDMgOQAbc1ZwZ","baseKeyType":1,"closed":-1,"used":1704371622791,"created":1704371622791,"remoteIdentityKey":"BfJ4+RXUavVW+6zHsm3fcpTt7/dIQaXBagcy/C+iqvIk"},"_chains":{"BcLgxBr9rZ1ER3oy3KEpWRE7fZB7iKDFT3mnDNfNVTZC":{"chainKey":{"counter":0,"key":"WYVcZbQhSO+GXpDLH9s1Lz5Bi921Xx4ZJkpVJJI5Z5Q="},"chainType":1,"messageKeys":{}}},"pendingPreKey":{"signedKeyId":1,"baseKey":"BRZu9OTeZfstMIGEj8rLzv+B0AvQ8aepDMgOQAbc1ZwZ","preKeyId":305}}},"version":"v1"}