{"_sessions":{"BUPkusFxHhAZASFXLAqCCcT2o39WVrOhXrqmTS0Yeak+":{"registrationId":1108660046,"currentRatchet":{"ephemeralKeyPair":{"pubKey":"BT4W1Xx8O8Svie0Fz+Sque/DYnwKDYqFD07GHwoS9KYk","privKey":"APYF8UvqeVoSOIUOvZGUDqCft+8an3a9MGwxBhcEkW0="},"lastRemoteEphemeralKey":"BZk30Heu3Svrx/TGjD+vDQ6YP3+VbzfcUtjFyjjbOcBO","previousCounter":0,"rootKey":"cCQ3CbTETQRphIBDcs3vTe5mXEKIjPNpYx5vV86ev84="},"indexInfo":{"baseKey":"BUPkusFxHhAZASFXLAqCCcT2o39WVrOhXrqmTS0Yeak+","baseKeyType":1,"closed":-1,"used":1704371624268,"created":1704371624268,"remoteIdentityKey":"BbQw4Pk9FfituV8eSh62V0UiX1zXH7oqNRs+pgiPEJMH"},"_chains":{"BT4W1Xx8O8Svie0Fz+Sque/DYnwKDYqFD07GHwoS9KYk":{"chainKey":{"counter":0,"key":"Tjj0gQT6uI78jEK5gJSIhr/YXogAiILnD7gss2UH7f8="},"chainType":1,"messageKeys":{}}},"pendingPreKey":{"signedKeyId":1,"baseKey":"BUPkusFxHhAZASFXLAqCCcT2o39WVrOhXrqmTS0Yeak+","preKeyId":6760184}}},"version":"v1"}