{"_sessions":{"BVX5zChEL2pJLBOHEzkohihyj2MfEI0VNVarWFKWu3Ij":{"registrationId":1803760411,"currentRatchet":{"ephemeralKeyPair":{"pubKey":"BRmgMrn45WJFQ7b5F6sE7EGaa93ra+HFaED8dZiAruUJ","privKey":"MB7j/ekEwz46VHPMtlL/0L13U1fR8/N0NnoQ3HSRWHQ="},"lastRemoteEphemeralKey":"BQY07gAAecS9l3LrPMz8fcyQBNCGVE3GZMNRBAlfOtNB","previousCounter":0,"rootKey":"KYIrohwrqUluVNiazMA7nkiuXmJWimr6DNoWnX3VgQ4="},"indexInfo":{"baseKey":"BVX5zChEL2pJLBOHEzkohihyj2MfEI0VNVarWFKWu3Ij","baseKeyType":1,"closed":-1,"used":1704378105081,"created":1704378105081,"remoteIdentityKey":"BYuQJQN2xfzrJ+D+z+JQu4VNc9fqysmJ+jT9PZ5deiQJ"},"_chains":{"BRmgMrn45WJFQ7b5F6sE7EGaa93ra+HFaED8dZiAruUJ":{"chainKey":{"counter":0,"key":"b06ycVuo5H2xqpE+95maEXmrmi1eNMjoW3E1k6y1Oj0="},"chainType":1,"messageKeys":{}}},"pendingPreKey":{"signedKeyId":0,"baseKey":"BVX5zChEL2pJLBOHEzkohihyj2MfEI0VNVarWFKWu3Ij","preKeyId":16755008}}},"version":"v1"}