{"_sessions":{"BU7zt6XGnxwTRmftIoYw+2Z7zaL2dtDkkXW8KwLh5us6":{"registrationId":2123350987,"currentRatchet":{"ephemeralKeyPair":{"pubKey":"BV+G/BH4kNBXn7xul7UcC0k0f9cSrXxNenGQi8wqviwk","privKey":"ELAlV4CDjCBGfecCZ7hGC6ynQdcZuGSx8FLrwi1f528="},"lastRemoteEphemeralKey":"Bc3uJCIovK5Mbvy99TOzFQC3QAyzfdkWc63YDM4ThL1Z","previousCounter":0,"rootKey":"Yg18ZA0g4yDMQLystZ4PmcO6/9JpuNvNtgsdNhccjdQ="},"indexInfo":{"baseKey":"BU7zt6XGnxwTRmftIoYw+2Z7zaL2dtDkkXW8KwLh5us6","baseKeyType":1,"closed":-1,"used":1704375696507,"created":1704375696507,"remoteIdentityKey":"BWMNcZQhtrYCjU3DxLI4mXMzS8IERpr5X520Psb862pp"},"_chains":{"BV+G/BH4kNBXn7xul7UcC0k0f9cSrXxNenGQi8wqviwk":{"chainKey":{"counter":0,"key":"q1YUaZOgVHSZXE1DYhp3oWhF/SBjo7ND4hmRRbtjZzY="},"chainType":1,"messageKeys":{}}},"pendingPreKey":{"signedKeyId":0,"baseKey":"BU7zt6XGnxwTRmftIoYw+2Z7zaL2dtDkkXW8KwLh5us6","preKeyId":9004012}}},"version":"v1"}