{"_sessions":{"BSetNpZSEYmXQ3LjXygVlEJyYwzotl2mxYldl/WQ9+5c":{"registrationId":32847123,"currentRatchet":{"ephemeralKeyPair":{"pubKey":"BUPTu/J4+ROcc7/glBuFfmHRAFjJjexbqwymcHST1HhQ","privKey":"KCkSGjEh6s9pUm39+X0VyG+jO91sM9ZTEoz486/HCnk="},"lastRemoteEphemeralKey":"BYjq0MeKolw8VoMQbd+lww9sPhz1AlexKtCbM2pP/fcs","previousCounter":0,"rootKey":"bZLg1EKUNHlb2i7DjiiIoEYqNFY0NYRhHo/sVlMD0KY="},"indexInfo":{"baseKey":"BSetNpZSEYmXQ3LjXygVlEJyYwzotl2mxYldl/WQ9+5c","baseKeyType":1,"closed":-1,"used":1704371622862,"created":1704371622862,"remoteIdentityKey":"Ba3r9+qXWfvyWZrNtcqrt843u3qamNq0gmIHFT+pqmsB"},"_chains":{"BUPTu/J4+ROcc7/glBuFfmHRAFjJjexbqwymcHST1HhQ":{"chainKey":{"counter":0,"key":"JWRdE1G5azzA61UO5uYaJfaWdN1LHYWZYsuqha0+msQ="},"chainType":1,"messageKeys":{}}},"pendingPreKey":{"signedKeyId":5,"baseKey":"BSetNpZSEYmXQ3LjXygVlEJyYwzotl2mxYldl/WQ9+5c"}}},"version":"v1"}