{"_sessions":{"BQfF/krOZQKN2tcG+H7K8npMGDA0uVGhE3hAKKo66bQC":{"registrationId":87,"currentRatchet":{"ephemeralKeyPair":{"pubKey":"BbyJ2Z2G3ONWSPTKPDT1mDJuTHBJsv8ZL33HIT3rFlRi","privKey":"qCYF3MZAOqRw83zNwObl17+ssVZUh0UfOVafH7/yE28="},"lastRemoteEphemeralKey":"BbWF1Bdp4hFI5zUQPgeejQCCuzbIOCMZwJffaVmW/oM8","previousCounter":0,"rootKey":"TFf2eAmuYTVwO4Lj+Z/iWw+4X1HzZudLMdWbS1dgkAY="},"indexInfo":{"baseKey":"BQfF/krOZQKN2tcG+H7K8npMGDA0uVGhE3hAKKo66bQC","baseKeyType":1,"closed":-1,"used":1704371622726,"created":1704371622726,"remoteIdentityKey":"BaL2dab+n7Vs8oWBtPxwle71fUCzC/z6RdyHXvqBNL9P"},"_chains":{"BbyJ2Z2G3ONWSPTKPDT1mDJuTHBJsv8ZL33HIT3rFlRi":{"chainKey":{"counter":0,"key":"hNB0Q26/YsdnqP4otZ1bAiSZ3VWMiVHxecmyMo8Q38Q="},"chainType":1,"messageKeys":{}}},"pendingPreKey":{"signedKeyId":1,"baseKey":"BQfF/krOZQKN2tcG+H7K8npMGDA0uVGhE3hAKKo66bQC"}}},"version":"v1"}