{"_sessions":{"BRHOKR5wzVxajm4ywT8e/H8pk7hNz4vOdRkeAhyUq+cI":{"registrationId":188,"currentRatchet":{"ephemeralKeyPair":{"pubKey":"BZ74HfZze0QM8W4lp2FAec7Fe9pf4OuaJRz+d/6gt+sm","privKey":"gEGmyM3L56KQB6uXeHJPrks6Fz3Opl/IBP6TjNah+1Y="},"lastRemoteEphemeralKey":"BS8tml1opa4BOQhdFESIf33VOfmjGDzmtvYubCce+Vxh","previousCounter":0,"rootKey":"1aCUo/2wPzDqkpoQ518uLvQaakVkxtRHcWCLYHrp57A="},"indexInfo":{"baseKey":"BRHOKR5wzVxajm4ywT8e/H8pk7hNz4vOdRkeAhyUq+cI","baseKeyType":1,"closed":-1,"used":1704371622703,"created":1704371622703,"remoteIdentityKey":"Bcogh5jWDmozxJOEPeRSgGD038qp4QC/g+F+bOdjx3gB"},"_chains":{"BZ74HfZze0QM8W4lp2FAec7Fe9pf4OuaJRz+d/6gt+sm":{"chainKey":{"counter":0,"key":"lSktkPcURMwJldvbdyz39simzC5oORPr4E5jZBr+Rx8="},"chainType":1,"messageKeys":{}}},"pendingPreKey":{"signedKeyId":1,"baseKey":"BRHOKR5wzVxajm4ywT8e/H8pk7hNz4vOdRkeAhyUq+cI"}}},"version":"v1"}