{"_sessions":{"BbiRzV57B9DRMgzRkAP3yZi+vxNx5Ky6J/INfbsAtaFQ":{"registrationId":2145698430,"currentRatchet":{"ephemeralKeyPair":{"pubKey":"Bbh8ycIQLLlMSb0Rzi0/9R+hn3Mk8Vf//WjGECo8Qn4/","privKey":"sB8dyoTmDiyZRHJfkdy1OuAySFekyevFZ7QpkIG4ZWw="},"lastRemoteEphemeralKey":"BSX+MV8H5ZOoD3Y1XGJfCUEEMNYJJdGQzIx+7JZLuxUa","previousCounter":0,"rootKey":"XJ1qjAIqVrM5C8h/B/GNzo/j60kth4LwZCyXUBLyiFs="},"indexInfo":{"baseKey":"BbiRzV57B9DRMgzRkAP3yZi+vxNx5Ky6J/INfbsAtaFQ","baseKeyType":1,"closed":-1,"used":1704371623106,"created":1704371623106,"remoteIdentityKey":"BQvdNFQHAb6OJYiGDVuP318KkJgZRs623zhqpP95ISlm"},"_chains":{"Bbh8ycIQLLlMSb0Rzi0/9R+hn3Mk8Vf//WjGECo8Qn4/":{"chainKey":{"counter":0,"key":"sSKGnJ29j7O1JaY1OD8RW7MAVnVGcviux/+ZceHPbxs="},"chainType":1,"messageKeys":{}}},"pendingPreKey":{"signedKeyId":3,"baseKey":"BbiRzV57B9DRMgzRkAP3yZi+vxNx5Ky6J/INfbsAtaFQ","preKeyId":8289979}}},"version":"v1"}