{"_sessions":{"BSh1+jIJWNSSpewrd87islMFfOMCQwCMO0kW/ONpvjgI":{"registrationId":1277296377,"currentRatchet":{"ephemeralKeyPair":{"pubKey":"BVrq9MQG3Q3JY/DnGSP0PhTiKk0JfY08AYEIRP7hqB5j","privKey":"6LR7YltsQ1cVaMU72li0MLDC+ZfzovjNdNqO5nx3MlE="},"lastRemoteEphemeralKey":"BdS6qV9/X2NyXMZdA2Y1UrC4xLNwVk69Tl7Ec2eaUl9f","previousCounter":0,"rootKey":"VtHFdMxwgPCAH9ek17X/jjqfqqyEdwOj2VOJInSoSQs="},"indexInfo":{"baseKey":"BSh1+jIJWNSSpewrd87islMFfOMCQwCMO0kW/ONpvjgI","baseKeyType":1,"closed":-1,"used":1704371624187,"created":1704371624187,"remoteIdentityKey":"BSLZXJ00NUEFtMq6R0Yt6tnPq9dxw8y6/crZLAxQ6UZv"},"_chains":{"BVrq9MQG3Q3JY/DnGSP0PhTiKk0JfY08AYEIRP7hqB5j":{"chainKey":{"counter":0,"key":"AcKcuvyvMccALVm/iwZN8qo13Ai8PXXlwMFYTf8R3Do="},"chainType":1,"messageKeys":{}}},"pendingPreKey":{"signedKeyId":0,"baseKey":"BSh1+jIJWNSSpewrd87islMFfOMCQwCMO0kW/ONpvjgI","preKeyId":172917}}},"version":"v1"}