{"_sessions":{"BRRDb8+TqVW+fcHX84Qwm1/TOfSJSXIabeHORQ+CzR5n":{"registrationId":1635356043,"currentRatchet":{"ephemeralKeyPair":{"pubKey":"Bc5e1kUe6iPTqqyJElMJDSD+XfmLWDb9sMWFz4orrv0K","privKey":"SHYyGG5xadBalNIZuaNs3R1gOZ3SKXJyWCudo7QHE14="},"lastRemoteEphemeralKey":"BYkLU2Zt1Q+UQ5KPiDKfoDMWe71AdC1ghF/IrhJ4zL0W","previousCounter":0,"rootKey":"UUSD26DGrFx3a1ArcGVR88CNwlhqLMtfRQtRi1b0UWQ="},"indexInfo":{"baseKey":"BRRDb8+TqVW+fcHX84Qwm1/TOfSJSXIabeHORQ+CzR5n","baseKeyType":1,"closed":-1,"used":1704371624610,"created":1704371624610,"remoteIdentityKey":"BVOhUBbWVsik/hQqQFsPaD5/48Rhb3gd3pOc/CS9/V5D"},"_chains":{"Bc5e1kUe6iPTqqyJElMJDSD+XfmLWDb9sMWFz4orrv0K":{"chainKey":{"counter":0,"key":"zPXWOlsDPg95IkDxU0FKRriR3MS4PzINOoEsRjYgHOo="},"chainType":1,"messageKeys":{}}},"pendingPreKey":{"signedKeyId":1142167,"baseKey":"BRRDb8+TqVW+fcHX84Qwm1/TOfSJSXIabeHORQ+CzR5n","preKeyId":1422}}},"version":"v1"}