{"_sessions":{"BeixkrRGuK/fKjxeP+1BsJzBkqRlpkAOfiXXi9rTiDdB":{"registrationId":13,"currentRatchet":{"ephemeralKeyPair":{"pubKey":"Bdl4b4WhjbTy7i5RFV0lz9OXbMbE2kreGbgxUdx9WjAr","privKey":"0HBP6UiQyDVAGxnrVWZZLm8dRDEIA0CEjCHf4PGWoXU="},"lastRemoteEphemeralKey":"BW/Vu5X3oGJGjBbVTogpj0cWrHW+em6bI6dQr/4cwJsO","previousCounter":0,"rootKey":"tuzcpUw+0eHNUvS68xM2KFC+E/fiynujMwpq4gFnvtc="},"indexInfo":{"baseKey":"BeixkrRGuK/fKjxeP+1BsJzBkqRlpkAOfiXXi9rTiDdB","baseKeyType":1,"closed":-1,"used":1704371622185,"created":1704371622185,"remoteIdentityKey":"BeBVtVpsSFn7930qO2Yn8w8QLkwIAsJNzFnivSiWzH05"},"_chains":{"Bdl4b4WhjbTy7i5RFV0lz9OXbMbE2kreGbgxUdx9WjAr":{"chainKey":{"counter":0,"key":"fjYJn3Ei6kYJ0Hk4oHSl1ADqFT0qbZ7w3nM17NfbcQA="},"chainType":1,"messageKeys":{}}},"pendingPreKey":{"signedKeyId":1,"baseKey":"BeixkrRGuK/fKjxeP+1BsJzBkqRlpkAOfiXXi9rTiDdB"}}},"version":"v1"}