{"_sessions":{"Bc2KVv6qgBqa8zeuZj0UvU2PjbPJLW0WFeTeGRhgr75l":{"registrationId":605230926,"currentRatchet":{"ephemeralKeyPair":{"pubKey":"BYTrE3zl6yePg/uONHn8v5XBSi1bmxHonFJXxd/IWRA1","privKey":"cGdOZq0S3EZJwxqNxdXklN/SknPwPOMA+Vwn92QOAm4="},"lastRemoteEphemeralKey":"BYSK38sO07fEWF7pSpr7NQCdCqGK55xbFNIT08DeJ6pS","previousCounter":0,"rootKey":"voXwyM6eCrFpfrK+n8dTYKq/5BMidI2PuuTNmeVpM7s="},"indexInfo":{"baseKey":"Bc2KVv6qgBqa8zeuZj0UvU2PjbPJLW0WFeTeGRhgr75l","baseKeyType":1,"closed":-1,"used":1704371624652,"created":1704371624652,"remoteIdentityKey":"BX4XHA9fxK+xmQahX6Bsi+dcFJcvvmYB8kZ5sJcqxC9X"},"_chains":{"BYTrE3zl6yePg/uONHn8v5XBSi1bmxHonFJXxd/IWRA1":{"chainKey":{"counter":0,"key":"lr5RZ6CSvTvGdBkpSmhfTJl4snxQ6S6/IzxxnyaHdLY="},"chainType":1,"messageKeys":{}}},"pendingPreKey":{"signedKeyId":9,"baseKey":"Bc2KVv6qgBqa8zeuZj0UvU2PjbPJLW0WFeTeGRhgr75l","preKeyId":10405735}}},"version":"v1"}