{"_sessions":{"BbfQGo0SyKG5DJ/6jtgHscKJ2SAp7598DcPFe2LGaUkE":{"registrationId":1763065720,"currentRatchet":{"ephemeralKeyPair":{"pubKey":"BQm91/nYVvVsArmsBaY0YdC81KniGiO+aNXkbCckkf8x","privKey":"SAWr0XIPJUh0t1T8fJaUcBdhIEf0TBxl2LIF+CpvN2Q="},"lastRemoteEphemeralKey":"Bc73A+Q+Vz/pku3RFMQ2cageZkxxNUz3rnQliReDmDIb","previousCounter":0,"rootKey":"Uyx95f21xGGOPwWoCuXfF+Ed1MWLsW+v0grpcipnks8="},"indexInfo":{"baseKey":"BbfQGo0SyKG5DJ/6jtgHscKJ2SAp7598DcPFe2LGaUkE","baseKeyType":1,"closed":-1,"used":1704371623923,"created":1704371623923,"remoteIdentityKey":"BSrrWn8ugztZs+Ruyk72xs3q2Ft9IX3pA99JuEU6WqMD"},"_chains":{"BQm91/nYVvVsArmsBaY0YdC81KniGiO+aNXkbCckkf8x":{"chainKey":{"counter":0,"key":"T0Ys/hAteY3UeF8aiLg346LLdCtSzibE6pHKLh6RDaM="},"chainType":1,"messageKeys":{}}},"pendingPreKey":{"signedKeyId":0,"baseKey":"BbfQGo0SyKG5DJ/6jtgHscKJ2SAp7598DcPFe2LGaUkE"}}},"version":"v1"}