{"_sessions":{"BQWq+OpN7jXREs/3dTU7gkIiRyhYGpaMauvENnhjWuxR":{"registrationId":576568172,"currentRatchet":{"ephemeralKeyPair":{"pubKey":"BcaFIRZvxLV/mP5ImoZ8fBGgYq694VWod5cGpZXH88JF","privKey":"WO9y7dns2vxH0FqGtZHxvSlZPCrueMjDanwRzSFhClI="},"lastRemoteEphemeralKey":"BRDiCX4t9Ig30c7qMo+DBRbPuK1hSwm0FfozILDbC2gy","previousCounter":0,"rootKey":"04s6uXl2M8sKK9ryxDUege4bLHdsV1WJy4BoAkaqhN4="},"indexInfo":{"baseKey":"BQWq+OpN7jXREs/3dTU7gkIiRyhYGpaMauvENnhjWuxR","baseKeyType":1,"closed":-1,"used":1704371622753,"created":1704371622753,"remoteIdentityKey":"BVyvFo/cDTDFs7Porp06da8dahQkyAJobR8KadAhnnlq"},"_chains":{"BcaFIRZvxLV/mP5ImoZ8fBGgYq694VWod5cGpZXH88JF":{"chainKey":{"counter":0,"key":"uTpMNgRVv7OdiW5qU+jJMfaYQE9yK5x5Y88wIRW/Qhw="},"chainType":1,"messageKeys":{}}},"pendingPreKey":{"signedKeyId":0,"baseKey":"BQWq+OpN7jXREs/3dTU7gkIiRyhYGpaMauvENnhjWuxR","preKeyId":5842049}}},"version":"v1"}