{"_sessions":{"BdMtcgCzP5eIR6X4UIcug0V9xtvnhMe+kjIKCXza1w1u":{"registrationId":1730118950,"currentRatchet":{"ephemeralKeyPair":{"pubKey":"BXXjH0vsUJaadN7KEfxboYZqryya9ZIbPI80nDRvnLsJ","privKey":"+P2ivo551Bfht8KjJ/pBCDscKLp+d+6lOtHwvohOo0s="},"lastRemoteEphemeralKey":"BRopylxe48cdrvWhGM2UBQoHk7cEwmtGsgYiXaTbXCtS","previousCounter":0,"rootKey":"J+RGQyQ4xLt2M73UXLq5PeT2xrJ5eRMuHRU8Y3jR7+k="},"indexInfo":{"baseKey":"BdMtcgCzP5eIR6X4UIcug0V9xtvnhMe+kjIKCXza1w1u","baseKeyType":1,"closed":-1,"used":1704380075321,"created":1704380075321,"remoteIdentityKey":"Be8wjBkHQf0sWYobZMpiPk+kaI68dl12Csb4bmUV7EZO"},"_chains":{"BXXjH0vsUJaadN7KEfxboYZqryya9ZIbPI80nDRvnLsJ":{"chainKey":{"counter":0,"key":"O/p1mzIirWYh/vIsAUiaEib3GtMwwz2eLZTY1mCxPu0="},"chainType":1,"messageKeys":{}}},"pendingPreKey":{"signedKeyId":2,"baseKey":"BdMtcgCzP5eIR6X4UIcug0V9xtvnhMe+kjIKCXza1w1u","preKeyId":919731}}},"version":"v1"}