{"_sessions":{"BYACoo+bTTZsyYLmyfxD5DCFPoNgnwDBTFfEpfeAAhxV":{"registrationId":968334433,"currentRatchet":{"ephemeralKeyPair":{"pubKey":"BUJzJDhOJsz9rUGdeh8YtLUZHUDmMXj3Q+nPtxjnO/81","privKey":"IPEjTrikLSK347ghqhYdvZgpfvOBPNKMlvXYsXCdsUg="},"lastRemoteEphemeralKey":"BRaRH0DbD/Sci3hunBtAI9uTHt7bpu9wajbJSu1HrP9v","previousCounter":0,"rootKey":"PevN3jot55VN8R82ofb2C1aGeoVbxD6cf3jyPG2qx/c="},"indexInfo":{"baseKey":"BYACoo+bTTZsyYLmyfxD5DCFPoNgnwDBTFfEpfeAAhxV","baseKeyType":1,"closed":-1,"used":1704371624462,"created":1704371624462,"remoteIdentityKey":"BSaurJLJ9IYVuP+wetL242n8Kn2F+ndWxuOVFFRnVp0W"},"_chains":{"BUJzJDhOJsz9rUGdeh8YtLUZHUDmMXj3Q+nPtxjnO/81":{"chainKey":{"counter":0,"key":"5rgEVX+mPmJRKmDDEqe9seC3KjKrNOJ2igA2hlyddaI="},"chainType":1,"messageKeys":{}}},"pendingPreKey":{"signedKeyId":1,"baseKey":"BYACoo+bTTZsyYLmyfxD5DCFPoNgnwDBTFfEpfeAAhxV","preKeyId":9919055}}},"version":"v1"}