{"_sessions":{"BdNLxCLf9Cpwor24MGVvxZMOMk6eIPwwAvdcJAwtMF9E":{"registrationId":44,"currentRatchet":{"ephemeralKeyPair":{"pubKey":"BTu4xciQrcbN/4xyX4zx04Xl9pXifsdXiEA49KOsQqlr","privKey":"MDXs0vVq4nSZv2uIsqKNxOp3cqqdckXuW2XK23pGME4="},"lastRemoteEphemeralKey":"BdRs3PCWR5F5IcN/e9mVpXTtDouyn8tNjfoimyHEx8tk","previousCounter":0,"rootKey":"xuPg/aw36Sy/yyNT5ua1VnC2H5+l+QyYGZEx4RJfgTU="},"indexInfo":{"baseKey":"BdNLxCLf9Cpwor24MGVvxZMOMk6eIPwwAvdcJAwtMF9E","baseKeyType":1,"closed":-1,"used":1704371622471,"created":1704371622471,"remoteIdentityKey":"BYxPb5eskGPm/t06qHgFz5kWGDtVqbGiuv5Qx8PKk7oM"},"_chains":{"BTu4xciQrcbN/4xyX4zx04Xl9pXifsdXiEA49KOsQqlr":{"chainKey":{"counter":0,"key":"A8wOHpPywCkRAXLvtCtFmMYv1gLU2TQQ7ddUjWxMCOg="},"chainType":1,"messageKeys":{}}},"pendingPreKey":{"signedKeyId":1,"baseKey":"BdNLxCLf9Cpwor24MGVvxZMOMk6eIPwwAvdcJAwtMF9E","preKeyId":161}}},"version":"v1"}