{"_sessions":{"Bdwovold3Qs+Xrt4if13uuTqS6/oDZiRKFSURiQsvogt":{"registrationId":1455228754,"currentRatchet":{"ephemeralKeyPair":{"pubKey":"BTlW9+52D37qizHpwBwc0wwzfQYU41AXHZyONN4Xbiwh","privKey":"EB7IGo8efEECnhGa7jWfxjJEiV6RHxYTEjNPNFRqImg="},"lastRemoteEphemeralKey":"BX5nabXSSYkOV5xLERzr0QWan192KnscHDLHxasnXTZt","previousCounter":0,"rootKey":"32baOp7voH6k9olv6z6Ba3YH7k1YRUvDxzHLxkneU2M="},"indexInfo":{"baseKey":"Bdwovold3Qs+Xrt4if13uuTqS6/oDZiRKFSURiQsvogt","baseKeyType":1,"closed":-1,"used":1704371624844,"created":1704371624844,"remoteIdentityKey":"BeO3AlmbSF6/LwJzZeEPX4J8hKdMhEARDwXdO10fDpMh"},"_chains":{"BTlW9+52D37qizHpwBwc0wwzfQYU41AXHZyONN4Xbiwh":{"chainKey":{"counter":0,"key":"f+18uqomLJK9S6WyKoRaZMSUPR1fgDgr9ejRC6qSuxU="},"chainType":1,"messageKeys":{}}},"pendingPreKey":{"signedKeyId":0,"baseKey":"Bdwovold3Qs+Xrt4if13uuTqS6/oDZiRKFSURiQsvogt","preKeyId":1813802}}},"version":"v1"}