{"_sessions":{"BRrGbiCDMnzrS++KYeVCgoQCXvZ7wHBSzIjByRGntzYb":{"registrationId":7318,"currentRatchet":{"ephemeralKeyPair":{"pubKey":"BZ7fsF9yYRjpCi5uYS76G3FG6PwIz2okM3tYdjarArp/","privKey":"ODBClOMC/oh6sQAGoe8PwCFC+sd7PLY+d6sPX7CebWI="},"lastRemoteEphemeralKey":"BVBHxJovt8uSF3IiYz2D4uSMFIkaAzfxXKpksbyYAqcA","previousCounter":0,"rootKey":"9Ue9uB1H1W0eLYqeUqK5n4mrG08Tf4bFNxecm7ubG7A="},"indexInfo":{"baseKey":"BRrGbiCDMnzrS++KYeVCgoQCXvZ7wHBSzIjByRGntzYb","baseKeyType":1,"closed":-1,"used":1704371622595,"created":1704371622595,"remoteIdentityKey":"BZhnDflL1DyoVwSpWHGhaHWmcb7UkgywPfU6bmiD/2dU"},"_chains":{"BZ7fsF9yYRjpCi5uYS76G3FG6PwIz2okM3tYdjarArp/":{"chainKey":{"counter":0,"key":"w2InLCUOf+53X7RRBHPnAYssB36o6RUpBNppCx+KV80="},"chainType":1,"messageKeys":{}}},"pendingPreKey":{"signedKeyId":1,"baseKey":"BRrGbiCDMnzrS++KYeVCgoQCXvZ7wHBSzIjByRGntzYb","preKeyId":339}}},"version":"v1"}