{"_sessions":{"BTmm0viXyQJymUtWn8Nng2s8S3QP9VtLOCv7+EY8xSsT":{"registrationId":189,"currentRatchet":{"ephemeralKeyPair":{"pubKey":"BRxCc82pT1R5xmdMF1XGmZe1wAvOQ/zL76RzSlScJBdm","privKey":"qMio3haiz9tVXimBQio/0nGL/PkCr8PW3H1eroVyV2Q="},"lastRemoteEphemeralKey":"BfRfpyFarc50a8c7zwBpPrgG/H6+dTni0P2LFuHWESI8","previousCounter":0,"rootKey":"o/34kpyT3dtCdAL/2XX79o5d2zROZiOn3iGM50AzmLE="},"indexInfo":{"baseKey":"BTmm0viXyQJymUtWn8Nng2s8S3QP9VtLOCv7+EY8xSsT","baseKeyType":1,"closed":-1,"used":1704371621974,"created":1704371621974,"remoteIdentityKey":"BfR1I1KOV94c+TEJHMYcS+2oxAPbCpYrGufo6sHALbcc"},"_chains":{"BRxCc82pT1R5xmdMF1XGmZe1wAvOQ/zL76RzSlScJBdm":{"chainKey":{"counter":0,"key":"cZ7nkX2PkQOi3kgdsCWlLnquHaEgEnJahNiUJRT56cE="},"chainType":1,"messageKeys":{}}},"pendingPreKey":{"signedKeyId":1,"baseKey":"BTmm0viXyQJymUtWn8Nng2s8S3QP9VtLOCv7+EY8xSsT"}}},"version":"v1"}