{"_sessions":{"BdCUHXV+hm+3U8N9MLydDxAvk84mCqOPWUfYpDRJbnlU":{"registrationId":166,"currentRatchet":{"ephemeralKeyPair":{"pubKey":"BRxxqbnwzDxyCfsz4/JRjVpE0Siku1ONAWfY2PN5FMMy","privKey":"aAfr8kPd9So9iOMpC+ESdhUTxb15myQjMs3Rwlt6kFY="},"lastRemoteEphemeralKey":"BcmujYBfak8gPt6wMFDpy2qS+4u59t3SeeWSfYQwne1L","previousCounter":0,"rootKey":"VZB385r5i7jUZWQEL0G0MIh0PKoUhfBJK7a3CcQgk/0="},"indexInfo":{"baseKey":"BdCUHXV+hm+3U8N9MLydDxAvk84mCqOPWUfYpDRJbnlU","baseKeyType":1,"closed":-1,"used":1704371622505,"created":1704371622505,"remoteIdentityKey":"BZV+ikGSTSLtvrXsHW6OEUoBrvLfgFQjLDcUMPfhrz5F"},"_chains":{"BRxxqbnwzDxyCfsz4/JRjVpE0Siku1ONAWfY2PN5FMMy":{"chainKey":{"counter":0,"key":"htGY99t7JELqK+k/yjo5WqXgYvPQyI7gsUR66JzEcLk="},"chainType":1,"messageKeys":{}}},"pendingPreKey":{"signedKeyId":1,"baseKey":"BdCUHXV+hm+3U8N9MLydDxAvk84mCqOPWUfYpDRJbnlU"}}},"version":"v1"}