{"_sessions":{"BXMwd1bvP1OU6Rb3BEazXIZwogdDs9Q66+G+Bt6eGq4K":{"registrationId":160,"currentRatchet":{"ephemeralKeyPair":{"pubKey":"BScMcvl4YjUypbXWaWrktPgOBqfw1W+d1XWhvZ+ia+cf","privKey":"qNomxglW0Pc6AO1i1HKdR4ftW2VyK8RaL0LmUiqgZXA="},"lastRemoteEphemeralKey":"BQcgE3q2jGd09N0Q7f1EZ7CrFOCtS3X1xNi7b4L0XwBL","previousCounter":0,"rootKey":"LJlw1FGETzQVEZIhjfladWJ8erRSNWlFtpW4246Dqps="},"indexInfo":{"baseKey":"BXMwd1bvP1OU6Rb3BEazXIZwogdDs9Q66+G+Bt6eGq4K","baseKeyType":1,"closed":-1,"used":1704371621277,"created":1704371621277,"remoteIdentityKey":"BS+TmRZ7UucZdB4SMup+W2MTljbLgBkoUpO05Bpx4s1Q"},"_chains":{"BScMcvl4YjUypbXWaWrktPgOBqfw1W+d1XWhvZ+ia+cf":{"chainKey":{"counter":0,"key":"WW+8KyLUnkrODcneSfz7nK7qrScjsnoiVV1hMSOVMT4="},"chainType":1,"messageKeys":{}}},"pendingPreKey":{"signedKeyId":1,"baseKey":"BXMwd1bvP1OU6Rb3BEazXIZwogdDs9Q66+G+Bt6eGq4K"}}},"version":"v1"}