{"_sessions":{"BRHMEdc8CgvP3o07zSykCEvodrOSBszTsgH2LGUOHbVc":{"registrationId":35,"currentRatchet":{"ephemeralKeyPair":{"pubKey":"BXAt3HiBYgV8JWQsINxYQMNFV79oU6pSvH9u7YS2T4xl","privKey":"8ATALwI0ENA65wUfmnQXSp/w4wISuOjXW1MQ3AsszHc="},"lastRemoteEphemeralKey":"BZuePXOmBKdyxPXjuY6FWjaUrjV5dM20q/BilzZMt3td","previousCounter":0,"rootKey":"riZDEtb9LLldrGwFGOII6cS3xtKMV6RUVqvVqE14GUI="},"indexInfo":{"baseKey":"BRHMEdc8CgvP3o07zSykCEvodrOSBszTsgH2LGUOHbVc","baseKeyType":1,"closed":-1,"used":1704371622620,"created":1704371622620,"remoteIdentityKey":"Ba+KbOUv3EhZk4CyvfIHNOLbIwCmqLavq8Ve5SXAPrlI"},"_chains":{"BXAt3HiBYgV8JWQsINxYQMNFV79oU6pSvH9u7YS2T4xl":{"chainKey":{"counter":0,"key":"0IqB7X1v5hakJ0eBt89kdUs3zk5XNT4ghjgW5kFY5ZE="},"chainType":1,"messageKeys":{}}},"pendingPreKey":{"signedKeyId":1,"baseKey":"BRHMEdc8CgvP3o07zSykCEvodrOSBszTsgH2LGUOHbVc"}}},"version":"v1"}