{"_sessions":{"BcaKVAZkFjYt6bZmmFPY9HON9KBSHEoinVzaeSiYC7gt":{"registrationId":410813040,"currentRatchet":{"ephemeralKeyPair":{"pubKey":"BQyAqFrL99IwB6T+2MbjYUecQNiHVrQNoMMpLxV64JZR","privKey":"uIpbrkIzZsSdHzCEvZv/CyGcu8y67vZ4ThuX2QWRi1A="},"lastRemoteEphemeralKey":"BXEGiqDa2HBAyHKyGBdsfFCvl/YerD3kJyAeUuiXo6xE","previousCounter":0,"rootKey":"keYZaVSjyf2C2CREQn2XR9ZvTyhzbf1podweoz+QxQo="},"indexInfo":{"baseKey":"BcaKVAZkFjYt6bZmmFPY9HON9KBSHEoinVzaeSiYC7gt","baseKeyType":1,"closed":-1,"used":1704371623119,"created":1704371623119,"remoteIdentityKey":"Be3r1/b/WyaYT4sgsc4RvNNDbW52dTuj9/8QQUxpyJB8"},"_chains":{"BQyAqFrL99IwB6T+2MbjYUecQNiHVrQNoMMpLxV64JZR":{"chainKey":{"counter":0,"key":"RGqpm/8NDhT0TEdko9hLsPXwaNejYlWAVXKjaXu4qw8="},"chainType":1,"messageKeys":{}}},"pendingPreKey":{"signedKeyId":2,"baseKey":"BcaKVAZkFjYt6bZmmFPY9HON9KBSHEoinVzaeSiYC7gt","preKeyId":8801783}}},"version":"v1"}