{"_sessions":{"BXCAraoleE0clrC7rgdA72EppN7rugDnxmHCK0/IL8dP":{"registrationId":332530839,"currentRatchet":{"ephemeralKeyPair":{"pubKey":"BcScwOdJtGI5CLf69m64CiNyC5E7I863bt41DcVQRbRr","privKey":"ADkzxkewzQFsFlohvLU90rbNEpl+plqR69hA7eH62lg="},"lastRemoteEphemeralKey":"BUwx20emsN5OnutwI/pa2q4uWF/LrOy75gkQ50tlyaJm","previousCounter":0,"rootKey":"C9Oysl02XmMM1xLppZxg+p+qg8NuAhDsO4LUxaPrUjA="},"indexInfo":{"baseKey":"BXCAraoleE0clrC7rgdA72EppN7rugDnxmHCK0/IL8dP","baseKeyType":1,"closed":-1,"used":1704371623990,"created":1704371623990,"remoteIdentityKey":"BVcjv8rk+8ucIL+F5fFO3/WN0sM/A39/oQqg/EsBW9w1"},"_chains":{"BcScwOdJtGI5CLf69m64CiNyC5E7I863bt41DcVQRbRr":{"chainKey":{"counter":0,"key":"SpH2wCzTtiee3g6qArKpwBqO3YAtQpFDLQwJYs05+0Y="},"chainType":1,"messageKeys":{}}},"pendingPreKey":{"signedKeyId":4,"baseKey":"BXCAraoleE0clrC7rgdA72EppN7rugDnxmHCK0/IL8dP","preKeyId":13077931}}},"version":"v1"}