{"_sessions":{"BcIP0zeBnU5jeirsuaIeO+sCuLNMqKvZEuIqzq0j99QA":{"registrationId":171,"currentRatchet":{"ephemeralKeyPair":{"pubKey":"BQbzBI3Q261UzFuoJRsEN5t+SNO2eSy+fsjBQVdBgCZq","privKey":"qF/c+O4pF/RcSOWMDPK3uPEeJm60cyPFhGZlLpzzxWA="},"lastRemoteEphemeralKey":"BWB26A0r6j0cPHRC1ZY6mRFY+bOkwMXRuTn8j1iH1Z9c","previousCounter":0,"rootKey":"65CF1oOipWYWTJSNFWoimDVG9futQH6X3GBna5cJjXU="},"indexInfo":{"baseKey":"BcIP0zeBnU5jeirsuaIeO+sCuLNMqKvZEuIqzq0j99QA","baseKeyType":1,"closed":-1,"used":1704371621750,"created":1704371621750,"remoteIdentityKey":"BWHyWnkpLpDRm0/ttcOWxVXhVp6I37PWbPt6rs/8AJBW"},"_chains":{"BQbzBI3Q261UzFuoJRsEN5t+SNO2eSy+fsjBQVdBgCZq":{"chainKey":{"counter":0,"key":"Yd5a45J1WJaQngXB0LBwPH027jNKrfpconWYMp01YH4="},"chainType":1,"messageKeys":{}}},"pendingPreKey":{"signedKeyId":1,"baseKey":"BcIP0zeBnU5jeirsuaIeO+sCuLNMqKvZEuIqzq0j99QA"}}},"version":"v1"}