{"_sessions":{"BZY0XQBcikxd+qd0BDTZ7ShHVf8Lb+YEUtO+9Mv4QeBA":{"registrationId":126,"currentRatchet":{"ephemeralKeyPair":{"pubKey":"BdxB8D9N3EZy8H8chb/HEulCmzgdmTkV/aybcuv4ipBP","privKey":"KLnjQzv0/fgSLfRN9+rW3cwiO9rOCokzH1IpRHNvlkU="},"lastRemoteEphemeralKey":"BQ1aYFaGmigQhdZHEMdsu78Iax5lJ8N1lch69NPWpA4h","previousCounter":0,"rootKey":"jrfa5upNMALt+ZY3CBhjccjKb9UDVL0VCqIOt4vrGX0="},"indexInfo":{"baseKey":"BZY0XQBcikxd+qd0BDTZ7ShHVf8Lb+YEUtO+9Mv4QeBA","baseKeyType":1,"closed":-1,"used":1704371621320,"created":1704371621320,"remoteIdentityKey":"BWR6/kGsvfWataW0n/QYRgwkKhkgnF1ftU0EKWte+W8X"},"_chains":{"BdxB8D9N3EZy8H8chb/HEulCmzgdmTkV/aybcuv4ipBP":{"chainKey":{"counter":0,"key":"FuFLvFgERv7C2HDOEUUKk65GJIqrzb+N6qx6t7/PCjc="},"chainType":1,"messageKeys":{}}},"pendingPreKey":{"signedKeyId":1,"baseKey":"BZY0XQBcikxd+qd0BDTZ7ShHVf8Lb+YEUtO+9Mv4QeBA"}}},"version":"v1"}