{"_sessions":{"BVv9sNkyXjv4unGjZ87Qfu8MkQAJWwpRMe1EfMVLwcQe":{"registrationId":1249065759,"currentRatchet":{"ephemeralKeyPair":{"pubKey":"BefccWZQBFSl0UvnIC2ORb+AmortU4C9kr+jks+gitZG","privKey":"+B7KDtsnBKW0JwqnEuaWMOaUbbQGAdc1S378hYAchnE="},"lastRemoteEphemeralKey":"BVwrl6jNbqSXlacktl9NxGp6VUOxgR8WCS4StEyXy5gw","previousCounter":0,"rootKey":"4AAarEZY6HSAuh0ecjWuYSv+EcDHZhLZ8JhRDTRKQCo="},"indexInfo":{"baseKey":"BVv9sNkyXjv4unGjZ87Qfu8MkQAJWwpRMe1EfMVLwcQe","baseKeyType":1,"closed":-1,"used":1704371624201,"created":1704371624201,"remoteIdentityKey":"BUxF0eiSZBioHoRGbsk5woVd1aTl9oKspHbPa2SkJJ4Z"},"_chains":{"BefccWZQBFSl0UvnIC2ORb+AmortU4C9kr+jks+gitZG":{"chainKey":{"counter":0,"key":"E7xT0oY/U+KXW4Weia7P31Xb3C+DcVMv6zWQR4VrFcY="},"chainType":1,"messageKeys":{}}},"pendingPreKey":{"signedKeyId":0,"baseKey":"BVv9sNkyXjv4unGjZ87Qfu8MkQAJWwpRMe1EfMVLwcQe","preKeyId":15510182}}},"version":"v1"}