{"_sessions":{"BTfvVc1PmwlCFw2mkY/ptqEY9kRHcPxfbqGyjoU7SmwD":{"registrationId":14,"currentRatchet":{"ephemeralKeyPair":{"pubKey":"BbxJifJ4uLeUe4mahHslaalWsHxXP7om1/A2GkosSRwp","privKey":"OIxU4nQ/NcyXjzcOB+12ZlJT7UF1VQTuwxSXuD1qMXk="},"lastRemoteEphemeralKey":"BVhNEveXxE0GM64zYcON/02Nka4yPd3BbgQ/X2ObBSp5","previousCounter":0,"rootKey":"8Tk4hDKm6jb3CRlI0exEQAodOpwY16TbbqBWvfW7Eh8="},"indexInfo":{"baseKey":"BTfvVc1PmwlCFw2mkY/ptqEY9kRHcPxfbqGyjoU7SmwD","baseKeyType":1,"closed":-1,"used":1704371621853,"created":1704371621853,"remoteIdentityKey":"Bamvc4VytdIblG2xZl2i+MNhACkYzGbR6g2CuYbwp11D"},"_chains":{"BbxJifJ4uLeUe4mahHslaalWsHxXP7om1/A2GkosSRwp":{"chainKey":{"counter":0,"key":"5FuwEaD10BELGjMEnfxhvLNKnKEVY9V61XPZuNneEzs="},"chainType":1,"messageKeys":{}}},"pendingPreKey":{"signedKeyId":1,"baseKey":"BTfvVc1PmwlCFw2mkY/ptqEY9kRHcPxfbqGyjoU7SmwD"}}},"version":"v1"}