{"_sessions":{"BZQcBDR88dfwiOH8qUdEkjRPkNz66ly9ynwELkBH/qtR":{"registrationId":1389466528,"currentRatchet":{"ephemeralKeyPair":{"pubKey":"BYaq4NMehOMYShT82BSV560dfL9+uiKbnWDVE0eY+ssL","privKey":"AGMysmrgyJ3YYhlXiVCDKEbRbP+FrSqtNoiRnHBZkEA="},"lastRemoteEphemeralKey":"BYsaksaw/Hq+HXbxRDjfm8qD3P1O7gFoSUSW8H+HvzAM","previousCounter":0,"rootKey":"n6AYGihfkmMF3D1wkkbUhQr78qhYBeDE5iUZEqI5j+s="},"indexInfo":{"baseKey":"BZQcBDR88dfwiOH8qUdEkjRPkNz66ly9ynwELkBH/qtR","baseKeyType":1,"closed":-1,"used":1704371623344,"created":1704371623344,"remoteIdentityKey":"BWpcDxJjwFvkkYJE5Vc+c/81mBFXG9C78Cj2UP5lqCg8"},"_chains":{"BYaq4NMehOMYShT82BSV560dfL9+uiKbnWDVE0eY+ssL":{"chainKey":{"counter":0,"key":"VeyHggSaYgzxx2GuJmtmuMW2Pfa+FAMYo5m1sf5xgOs="},"chainType":1,"messageKeys":{}}},"pendingPreKey":{"signedKeyId":1,"baseKey":"BZQcBDR88dfwiOH8qUdEkjRPkNz66ly9ynwELkBH/qtR","preKeyId":10997722}}},"version":"v1"}