{"_sessions":{"BU71SJj83r9TcxOAe2gMpLZfGPJNDuRcqxPhbtuaxrQ3":{"registrationId":1253497240,"currentRatchet":{"ephemeralKeyPair":{"pubKey":"BYIGI54IMs1oGufldHdzbNvXEV8Dl2UuYhvXW7gfyFR3","privKey":"QMLwKzQ92OKbP5+yIeBt5KdEbFB9GlKhAZ1Gla3VRmE="},"lastRemoteEphemeralKey":"BVOtfrcxpVBQerB2svjVr4ngoGbajq6k+flFZqVqNug+","previousCounter":0,"rootKey":"uiWl+iQQrVaP6+KXqk6xXzFbq0vU519/wH0oYl79mM8="},"indexInfo":{"baseKey":"BU71SJj83r9TcxOAe2gMpLZfGPJNDuRcqxPhbtuaxrQ3","baseKeyType":1,"closed":-1,"used":1704371623714,"created":1704371623714,"remoteIdentityKey":"BdE+StpMz7F+/moxJxLD6dAs5OqOvjF6pGWeYDCDiVlI"},"_chains":{"BYIGI54IMs1oGufldHdzbNvXEV8Dl2UuYhvXW7gfyFR3":{"chainKey":{"counter":0,"key":"jx5kwtwKjmpRqtGzQ6pAek09cq4uh7dRa/KsaZ9TfCA="},"chainType":1,"messageKeys":{}}},"pendingPreKey":{"signedKeyId":0,"baseKey":"BU71SJj83r9TcxOAe2gMpLZfGPJNDuRcqxPhbtuaxrQ3","preKeyId":10381623}}},"version":"v1"}