{"_sessions":{"BUDSqmACArGGencb06/bWQVr01gy5YXPuwMDNJsR4ekR":{"registrationId":173,"currentRatchet":{"ephemeralKeyPair":{"pubKey":"BcEIOo7RsEkS2pl+HOpitPjpAwde2QOM83mLG194i71j","privKey":"QKD5pcjOa+0/N4Bvn6ol9/1rjKaLnH6d6j9EM6W1I0g="},"lastRemoteEphemeralKey":"BaA8xaKmOV5MwIpCYbqlShCVwDnrvAw7ybxoJq8suEJc","previousCounter":0,"rootKey":"NOMlnFvY8Jotj5J6j/GzOYqrPZ2ZbMTpFPgYYaxEtTk="},"indexInfo":{"baseKey":"BUDSqmACArGGencb06/bWQVr01gy5YXPuwMDNJsR4ekR","baseKeyType":1,"closed":-1,"used":1704371621464,"created":1704371621464,"remoteIdentityKey":"BeEFS2Ya7nNCqtjSgM5T4Adh1txOCA8Mul7FXkc/trli"},"_chains":{"BcEIOo7RsEkS2pl+HOpitPjpAwde2QOM83mLG194i71j":{"chainKey":{"counter":0,"key":"GdwzEHrAyWYVmqk3atEdDzpMHKgTdIWXXndj5zeh2BY="},"chainType":1,"messageKeys":{}}},"pendingPreKey":{"signedKeyId":1,"baseKey":"BUDSqmACArGGencb06/bWQVr01gy5YXPuwMDNJsR4ekR"}}},"version":"v1"}