{"_sessions":{"BVYb5DuoICylLO5t1cJw02spJUJke8UzTBp8dlNAL05S":{"registrationId":1594323844,"currentRatchet":{"ephemeralKeyPair":{"pubKey":"BT0MmVAU6XSDvd4N0kN5qbNb+Ei/TXObo4cxhdS4jEce","privKey":"0Fh6kqcghf9lNDGyX57nVHV9QglXJ4io6RLG7l/7G2c="},"lastRemoteEphemeralKey":"BVbWV3y7jGuLOx+sqiDmwIC0ZXorg3+e4OmqfKqSfYdp","previousCounter":0,"rootKey":"4m8TBa2RP3Ynd7IxDAbA1AIhLC5v5c58vDYgxvt4dgE="},"indexInfo":{"baseKey":"BVYb5DuoICylLO5t1cJw02spJUJke8UzTBp8dlNAL05S","baseKeyType":1,"closed":-1,"used":1704371623462,"created":1704371623462,"remoteIdentityKey":"BTsXVui0tU+hw4tdeKZE5hA7Y8xqTzE+WqwRCHimM/cw"},"_chains":{"BT0MmVAU6XSDvd4N0kN5qbNb+Ei/TXObo4cxhdS4jEce":{"chainKey":{"counter":0,"key":"plVbIbV/6x+yU+9H//3tDGmN2GGEF9b2NC9roXVlqw0="},"chainType":1,"messageKeys":{}}},"pendingPreKey":{"signedKeyId":1,"baseKey":"BVYb5DuoICylLO5t1cJw02spJUJke8UzTBp8dlNAL05S","preKeyId":3779824}}},"version":"v1"}