{"_sessions":{"BQfmAJpbW2gyLnws2o78u4ZnvDo7xl7m1uxpRtnt2aI/":{"registrationId":1736950684,"currentRatchet":{"ephemeralKeyPair":{"pubKey":"BbJkWghf6l8RqR0h4IJiYIt7/dz9A0vz5v7FnAQ9GvFG","privKey":"OFxH1ZGghYX5v47Ycu4V5d3VBiiqZef6nPdyh4xHK1g="},"lastRemoteEphemeralKey":"BcEndarby/42sL8+dS/bsu7F9sNCvJ92MGJiLLMSp/98","previousCounter":0,"rootKey":"vfXlJODy4GZJoBqOCyZYVQ2I80vo7sdSWOKGZgzn8vc="},"indexInfo":{"baseKey":"BQfmAJpbW2gyLnws2o78u4ZnvDo7xl7m1uxpRtnt2aI/","baseKeyType":1,"closed":-1,"used":1704371624309,"created":1704371624309,"remoteIdentityKey":"Ba5p8C/3v/JCB97IqxroMwoV0FIqYYuAd6oAkGu4FLlj"},"_chains":{"BbJkWghf6l8RqR0h4IJiYIt7/dz9A0vz5v7FnAQ9GvFG":{"chainKey":{"counter":0,"key":"O3bbO+eGVZ8r6GBjMfUUvJ6e0QofnLlQX212rOlYRMo="},"chainType":1,"messageKeys":{}}},"pendingPreKey":{"signedKeyId":0,"baseKey":"BQfmAJpbW2gyLnws2o78u4ZnvDo7xl7m1uxpRtnt2aI/","preKeyId":5869404}}},"version":"v1"}