{"_sessions":{"BT+yr2aNcF4zMWAAL5RxrXC2SO5hB9GDVa94z0qLq00Z":{"registrationId":1818070478,"currentRatchet":{"ephemeralKeyPair":{"pubKey":"BekAeyMuRB5nM9QyTdq9sZ2gBsKFJ0d329QFvWoL2jxK","privKey":"cHsgDx51eqTCxA1Rh7gVy+XjKtgVpKv/KanKl7SP7Us="},"lastRemoteEphemeralKey":"BWvsi8uJc+enme+ly0yDwryolg8YSh3VS8PkLpS1Pdp/","previousCounter":0,"rootKey":"eJceIt5j+/dKVDaVTD2j1GraDTfo/UM9GS76RN/1Z0I="},"indexInfo":{"baseKey":"BT+yr2aNcF4zMWAAL5RxrXC2SO5hB9GDVa94z0qLq00Z","baseKeyType":1,"closed":-1,"used":1704371623648,"created":1704371623648,"remoteIdentityKey":"BWA/Pu+7B7D4o7Cfb7954oV7N+praVmo+9k0pQeek58t"},"_chains":{"BekAeyMuRB5nM9QyTdq9sZ2gBsKFJ0d329QFvWoL2jxK":{"chainKey":{"counter":0,"key":"9Ofx+auQHiUl0zILhAoMGT8oYXk7GMZsP1VekjHn/Tg="},"chainType":1,"messageKeys":{}}},"pendingPreKey":{"signedKeyId":0,"baseKey":"BT+yr2aNcF4zMWAAL5RxrXC2SO5hB9GDVa94z0qLq00Z"}}},"version":"v1"}