{"_sessions":{"BV4gAHlNGA27ww7nDNrO75I/pTkf8o+Fsp5FXOYPcX0o":{"registrationId":843229340,"currentRatchet":{"ephemeralKeyPair":{"pubKey":"BRWKQzhm4/jmrF2+1TGvDQG7v/rm2qtVjSWhUhh2mOck","privKey":"KCjMzG3/aE0ic7i07irPVp5QIH53FtGbdW/8fnUfr3c="},"lastRemoteEphemeralKey":"BcUgeNjs9rL0/uFdkGTG1QLtb5ImFn4bxAlw846tqUc6","previousCounter":0,"rootKey":"ikhAx16KKoG4lBapE9NC16Zr18fmlQyrRet7dQ1xcwY="},"indexInfo":{"baseKey":"BV4gAHlNGA27ww7nDNrO75I/pTkf8o+Fsp5FXOYPcX0o","baseKeyType":1,"closed":-1,"used":1704371624322,"created":1704371624322,"remoteIdentityKey":"BSSY0CZZOFvObHykuStWXLR3WY36YDh7XhclsnxVLE1y"},"_chains":{"BRWKQzhm4/jmrF2+1TGvDQG7v/rm2qtVjSWhUhh2mOck":{"chainKey":{"counter":0,"key":"jONeZRXXsfuNbG6IVFFiJGLlWkakB7QhtlWLDJT/gpI="},"chainType":1,"messageKeys":{}}},"pendingPreKey":{"signedKeyId":6,"baseKey":"BV4gAHlNGA27ww7nDNrO75I/pTkf8o+Fsp5FXOYPcX0o","preKeyId":13680243}}},"version":"v1"}