{"_sessions":{"BZP81PE3V+ROu2MTOh7dYgkO96QcKiXeFIMMF839Ojwo":{"registrationId":269682601,"currentRatchet":{"ephemeralKeyPair":{"pubKey":"BR1fTOEEyBzpvGzf0bAAHq5TPeQ4JOMSE5KOos5BaoMY","privKey":"eOfQWATOeaqVKG1e+1TuHHmts6VtceCFF8k1UWEaOm8="},"lastRemoteEphemeralKey":"BU3ZFCLUuf8nl6JztbQeb2XZGWx9VbM4JGTkBsFJgGcq","previousCounter":0,"rootKey":"4K8ggWZeyb4YAvLQRkpsLOjV6VUttaFO824nA7cGCJY="},"indexInfo":{"baseKey":"BZP81PE3V+ROu2MTOh7dYgkO96QcKiXeFIMMF839Ojwo","baseKeyType":1,"closed":-1,"used":1704371624858,"created":1704371624858,"remoteIdentityKey":"BSf/9+uyQCefxN0jLMTO+AUggxMRkGAXENQm0bzFqZo4"},"_chains":{"BR1fTOEEyBzpvGzf0bAAHq5TPeQ4JOMSE5KOos5BaoMY":{"chainKey":{"counter":0,"key":"11Ff21S1FHLwY8Z/W2Wki+9RNwx+8LBJnON3XwsEhKQ="},"chainType":1,"messageKeys":{}}},"pendingPreKey":{"signedKeyId":1,"baseKey":"BZP81PE3V+ROu2MTOh7dYgkO96QcKiXeFIMMF839Ojwo","preKeyId":4929374}}},"version":"v1"}