{"_sessions":{"BWHMk3QUg7+P1YkWTeiCP/iIOkLM4JQTbbWQFN/TSbt0":{"registrationId":1279658161,"currentRatchet":{"ephemeralKeyPair":{"pubKey":"BcYbcL7CyZmEyq2zSHI51baxo5RNy/CuYpLwKKbBACIw","privKey":"wBN5J0P+qnHFKNiJwSxJbwTIxvy/mCnbKuj1qbwu8mY="},"lastRemoteEphemeralKey":"BfEchbOCTgvH7mY8/tSgsIdF0PG0cCP+PVQ/GfdTfxNa","previousCounter":0,"rootKey":"UFf1qoL+tVoVgFh5HZHLPoyhUQeYzIYYheWmyRsGEXU="},"indexInfo":{"baseKey":"BWHMk3QUg7+P1YkWTeiCP/iIOkLM4JQTbbWQFN/TSbt0","baseKeyType":2,"closed":-1,"used":1704384992466,"created":1704364778408,"remoteIdentityKey":"Bb5EqfXOV1pOY6/a681oiceiX4QYYVwFZnzroJJbfIMS"},"_chains":{"BTt/VJR82hnGx3Cds+hH9JeqpbR6whIz4gv4S6N99ixj":{"chainKey":{"counter":0},"chainType":2,"messageKeys":{}},"BZeGcmlyF2ywx11yW6UDd+GQacjknaYmEGZDYMDoZQpX":{"chainKey":{"counter":0},"chainType":2,"messageKeys":{}},"BZbzMdG/yZaJJtuTTa7RoxhRu6spJahILeQOPIGScZc+":{"chainKey":{"counter":0},"chainType":2,"messageKeys":{}},"Bai3jM00QTksg5COHMG1ALfaMQYVWykLdFsc+vhhsQ4Q":{"chainKey":{"counter":0},"chainType":2,"messageKeys":{}},"BSyISWpA5VoN6uKzXlUNaWvKzjeEjP6dYEiyu4VHIUFf":{"chainKey":{"counter":0},"chainType":2,"messageKeys":{}},"BSx7bTRM0xysUeD0xBidKh47Ar0WDXQADk4WbKQE6ZIP":{"chainKey":{"counter":0},"chainType":2,"messageKeys":{}},"BTuxwOUEP4yz8OiEUHAwtyg67t9YUNGnkq9XvMqmwuJY":{"chainKey":{"counter":0},"chainType":2,"messageKeys":{}},"BUzBnev0c5DJnunxmlv0iJYmoQN6xR1HPOA5VvF/Df41":{"chainKey":{"counter":0},"chainType":2,"messageKeys":{}},"BWtcyNymbYQMtMczUKhtOLDI9PvAyDbxSpe83Im3lyhD":{"chainKey":{"counter":0},"chainType":2,"messageKeys":{}},"BfUzqM6RW82nil6JfXqWzCdWg24e3Kswtv4UIIj8nEA3":{"chainKey":{"counter":0},"chainType":2,"messageKeys":{}},"BeNRYsIUDxejvgsUaofgVNZBs4yAsDin7RSxPv1oVA4E":{"chainKey":{"counter":1},"chainType":2,"messageKeys":{}},"BdRCAapd8tpiJEA5rLr4TbmnrPt1TYlqzFRChEHZJRpR":{"chainKey":{"counter":0},"chainType":2,"messageKeys":{}},"BSSOPCfequ6qKIcqpATeNa2RLRTKrSLZHTAn3PTGpWpO":{"chainKey":{"counter":0},"chainType":2,"messageKeys":{}},"Bb+LD0X6yY/Q+wcfmLVuUt4P+z6iwnR7vjpJCNbKnGNU":{"chainKey":{"counter":1},"chainType":2,"messageKeys":{}},"BZDxQKrz1KkAYYSuKnJTmN3jaY8ICqd85BLAdLh6pCMB":{"chainKey":{"counter":0},"chainType":2,"messageKeys":{}},"BZbp5h7XS1W92lsqXc1yjpUQEEpvlmLBNe1NucK1DItJ":{"chainKey":{"counter":0},"chainType":2,"messageKeys":{}},"BYCQ5ylyowiEUEJZpk4S2BmQC0nwtlOle/9krNSSmBtR":{"chainKey":{"counter":1},"chainType":2,"messageKeys":{}},"BZHvYxm/Yy2f61u9QPBQRl9hE3JIbAiZySqoF2+fqGB0":{"chainKey":{"counter":0},"chainType":2,"messageKeys":{}},"BYDv1uljiiCB0jIF+rX4zlD5e9dqzR7ADDbL8c/b/G4m":{"chainKey":{"counter":0},"chainType":2,"messageKeys":{}},"BR5SttyRhIosVDpozNItPrIr7Ib/Bda1e8n4hHBNDTh3":{"chainKey":{"counter":0},"chainType":2,"messageKeys":{}},"BeBWA2MvqWH8GDL3MucKfjWM0VPQv3frxvVvSveq/iR/":{"chainKey":{"counter":0},"chainType":2,"messageKeys":{}},"BfJumGcfoR/FZPUSC6Xo31nq5M/Y4JzOdh02ySFmeL5D":{"chainKey":{"counter":1},"chainType":2,"messageKeys":{}},"BTJfFSiUY/KPTcUYskvfNOqvre7YbxSZR631ZOEKcIlB":{"chainKey":{"counter":1},"chainType":2,"messageKeys":{}},"BXcLgoEiz5u44sxag7OTjRAesH2J9amCwtYP1Pvi4EYq":{"chainKey":{"counter":0},"chainType":2,"messageKeys":{}},"BTpi1EwtzlziOX28wuA6AMFrpAkhHaVS/ElcqA2xEiIR":{"chainKey":{"counter":0},"chainType":2,"messageKeys":{}},"BUQgrPY0yrw3k3CnOzFIIJkCnX6lBUzkKTQ0xTphiHRk":{"chainKey":{"counter":0},"chainType":2,"messageKeys":{}},"BWFDeujaLGx0shlAjaMODlUnMxaaZDozkX3TuMDNOYRH":{"chainKey":{"counter":0},"chainType":2,"messageKeys":{}},"BdtHXc6jqwndYEBkMQ2blGXLg1RFnqG37oDsQN35x1wW":{"chainKey":{"counter":0},"chainType":2,"messageKeys":{}},"BQCTSd/Yz1xw9r9UG8xFfj60XFUPc1kdemESwCwdVbw5":{"chainKey":{"counter":0},"chainType":2,"messageKeys":{}},"BXxHh5s95q4xeSITTS/pMDrHmR9g1eQjdosjT6NL9rUC":{"chainKey":{"counter":0},"chainType":2,"messageKeys":{}},"BZQ2v7lL1LfPbQAhHACDyF0kakx/tSz4T563AoMcvkIk":{"chainKey":{"counter":0},"chainType":2,"messageKeys":{}},"BQZJiC5d3Vlry34Eh2HGBMRyPnycmKSjvoyPtHIYGKJl":{"chainKey":{"counter":0},"chainType":2,"messageKeys":{}},"BeSNU0Lz090nm7T68Su9A9CZGjZF0fULTnZuAqoa5P4R":{"chainKey":{"counter":0},"chainType":2,"messageKeys":{}},"BX74Dxg05Yy+boKw/p2DDP/7oozYz3R+5DWbUnZPYs8B":{"chainKey":{"counter":0},"chainType":2,"messageKeys":{}},"BSCIp7EWOB32w0AI++byDuQmlc6UBmv9gbJNWTkhLwMq":{"chainKey":{"counter":0},"chainType":2,"messageKeys":{}},"BVi72w2zFcIpmlorwp6jOL2/b/J28t49gYnLbNMo5x1q":{"chainKey":{"counter":0},"chainType":2,"messageKeys":{}},"BfEchbOCTgvH7mY8/tSgsIdF0PG0cCP+PVQ/GfdTfxNa":{"chainKey":{"counter":1,"key":"+c2N1AtADa0sfrJtZF9p47CLmkpJuiAGU9JH9WGugLg="},"chainType":2,"messageKeys":{}},"BcYbcL7CyZmEyq2zSHI51baxo5RNy/CuYpLwKKbBACIw":{"chainKey":{"counter":0,"key":"tyuETmm6J8Jn3s+7gVVThqrUeLsrL0lEjfJ0cg3DED8="},"chainType":1,"messageKeys":{}}}}},"version":"v1"}