{"_sessions":{"BZF2kbQ21ROWfS0QDszZrcmQlzFxjfvxd/QJqfOfGPhq":{"registrationId":3648,"currentRatchet":{"ephemeralKeyPair":{"pubKey":"BTOf912Yf8Z219swpzc1fYp6mitk2wJjLJ+qyksEr0pM","privKey":"kHzxreuW0jZPKqVBoZzpY2sXP+EQ7LeXQmiZ7MYRNlc="},"lastRemoteEphemeralKey":"BQNCkk31+G0rbKZSJQwjk/grFxjNrwHkpowwVdNeac4+","previousCounter":0,"rootKey":"K7KVxPvc27cLz3FojX9ovNgxcRseN6EBBJ0fsCGGzFI="},"indexInfo":{"baseKey":"BZF2kbQ21ROWfS0QDszZrcmQlzFxjfvxd/QJqfOfGPhq","baseKeyType":1,"closed":-1,"used":1704371622382,"created":1704371622382,"remoteIdentityKey":"BYZ52hHwOYuCHIpWyIsPO2JGsU5X0p2Rnr5L1bWLlchI"},"_chains":{"BTOf912Yf8Z219swpzc1fYp6mitk2wJjLJ+qyksEr0pM":{"chainKey":{"counter":0,"key":"Mqip/5CzfW5SMAop6BHbPjG4oImloOeVaa/Hnyrp0M8="},"chainType":1,"messageKeys":{}}},"pendingPreKey":{"signedKeyId":1,"baseKey":"BZF2kbQ21ROWfS0QDszZrcmQlzFxjfvxd/QJqfOfGPhq"}}},"version":"v1"}