{"_sessions":{"BU18sQV+bqaHMFMjjvUtSSBnPYeFKMcQKV+EM8yDZ+JX":{"registrationId":1022294047,"currentRatchet":{"ephemeralKeyPair":{"pubKey":"BflJJxgHZpLvWqi10K+SjosJmJmL4SXYhwVp2C+b/ood","privKey":"EMLfVjcFut0FqZLTnAwpLkLQTJFpijhMTLWGV44z2mo="},"lastRemoteEphemeralKey":"BR1hqXd+zI3fVYQA1yu/AFFZGCXr0FK0L3eU+qKYqR9A","previousCounter":0,"rootKey":"jZQNtB1NdXxagTcyM9k5lwwBkeIY8ORTE09J6g/GdiA="},"indexInfo":{"baseKey":"BU18sQV+bqaHMFMjjvUtSSBnPYeFKMcQKV+EM8yDZ+JX","baseKeyType":1,"closed":-1,"used":1704371624282,"created":1704371624282,"remoteIdentityKey":"BbkMkaXeEPsqEJgSI2LcTxVJUUWyM6a0Jo8ppl9a1hZH"},"_chains":{"BflJJxgHZpLvWqi10K+SjosJmJmL4SXYhwVp2C+b/ood":{"chainKey":{"counter":0,"key":"fKQ1OC1DcQ2HkYAUbhDQ2hMDmMtR5hX5dSJmOlVl4jw="},"chainType":1,"messageKeys":{}}},"pendingPreKey":{"signedKeyId":9,"baseKey":"BU18sQV+bqaHMFMjjvUtSSBnPYeFKMcQKV+EM8yDZ+JX","preKeyId":1329166}}},"version":"v1"}