{"_sessions":{"BUmgJZ1OCswL+X+Qml3oC1OpE/rdKzIZ3+uuTHxR54ht":{"registrationId":2035630839,"currentRatchet":{"ephemeralKeyPair":{"pubKey":"BUuE0ETewEy89QfHjr7DCpUnd+WSx9V8V9snkOygUlcs","privKey":"KAQs+pXV8Xsu/7SRjY/n0B/8WBJ8GrM2RIdcKZPd/Uk="},"lastRemoteEphemeralKey":"BR32zBJ9FvD3BqkdIq1yh+jQpn/WeU9YX5U+7+YCcP1V","previousCounter":0,"rootKey":"wNhtnvso5JlCrKEkuY/H4jlTr4HdukPou/9iaGGi6BY="},"indexInfo":{"baseKey":"BUmgJZ1OCswL+X+Qml3oC1OpE/rdKzIZ3+uuTHxR54ht","baseKeyType":1,"closed":-1,"used":1704371623040,"created":1704371623040,"remoteIdentityKey":"BXwj0hiSx0dQERK93laxC49cusMUZn6ji4Q/QdLqP5JK"},"_chains":{"BUuE0ETewEy89QfHjr7DCpUnd+WSx9V8V9snkOygUlcs":{"chainKey":{"counter":0,"key":"w0KknOfvEVcrISgyLwqbyj0vVO3j46jrEp/wAOWqBp4="},"chainType":1,"messageKeys":{}}},"pendingPreKey":{"signedKeyId":0,"baseKey":"BUmgJZ1OCswL+X+Qml3oC1OpE/rdKzIZ3+uuTHxR54ht","preKeyId":10862336}}},"version":"v1"}