{"_sessions":{"BVGYNAf+UDmRWKcIfLZxUd+JHu263gO+vtvduDNzSlBF":{"registrationId":823042941,"currentRatchet":{"ephemeralKeyPair":{"pubKey":"BYRqcEUKrNT19pTqMt5zFgSBlfdwLoYzdRKPatupHco/","privKey":"4I4pHI3WfmKnj9Re1eqhL9pza2qthC/ukkAoLicwlVo="},"lastRemoteEphemeralKey":"BY8dIS+Gbu+Ed6qLJLXwy8hOhH+jXSB8UgeUGo2XpM8M","previousCounter":0,"rootKey":"MBwFWpDDYARSL62TDQo0G2iM5i/z3Wt8mEiXMF9tz+Q="},"indexInfo":{"baseKey":"BVGYNAf+UDmRWKcIfLZxUd+JHu263gO+vtvduDNzSlBF","baseKeyType":1,"closed":-1,"used":1704371624883,"created":1704371624883,"remoteIdentityKey":"BSu/Gx1ND+BByfY30g00ziqo6Xta1wWGeUBPfKnBZqYi"},"_chains":{"BYRqcEUKrNT19pTqMt5zFgSBlfdwLoYzdRKPatupHco/":{"chainKey":{"counter":0,"key":"W6f+hRsf71iM1UpLtVPJokyouvEHqzA4vLIUOFEq7IE="},"chainType":1,"messageKeys":{}}},"pendingPreKey":{"signedKeyId":9,"baseKey":"BVGYNAf+UDmRWKcIfLZxUd+JHu263gO+vtvduDNzSlBF","preKeyId":11304907}}},"version":"v1"}