{"_sessions":{"BTs7rUpYrDVyrDkt659gmk7eeohITxrPj1Cla4Lwq3Mj":{"registrationId":704811029,"currentRatchet":{"ephemeralKeyPair":{"pubKey":"BVpkCxDTTvZbUBJ/0S28f59Q8xmGMF0kDHssyM+lBZxP","privKey":"cPRSX1o8/j8bMiqmQyRaFZVXlMKxA4uDdqXloaFvnHc="},"lastRemoteEphemeralKey":"Bcz/UWlVHrG2Qlwp0lbPhObgUDjf/1yuWzigDF0SCccq","previousCounter":0,"rootKey":"HgJmF7+C/ehr6zTXYwWecN46U0znw0Um7dhPA0zRmik="},"indexInfo":{"baseKey":"BTs7rUpYrDVyrDkt659gmk7eeohITxrPj1Cla4Lwq3Mj","baseKeyType":1,"closed":-1,"used":1704371623542,"created":1704371623542,"remoteIdentityKey":"BdX3N6kAbce9K2JfTmB1XM6mg5Kwkxjj2qCJxOj8qDFN"},"_chains":{"BVpkCxDTTvZbUBJ/0S28f59Q8xmGMF0kDHssyM+lBZxP":{"chainKey":{"counter":0,"key":"R/+aVdwsUO4lZNECV3sMKvlAAx5yCRSdfNQNPf4jSnk="},"chainType":1,"messageKeys":{}}},"pendingPreKey":{"signedKeyId":1,"baseKey":"BTs7rUpYrDVyrDkt659gmk7eeohITxrPj1Cla4Lwq3Mj","preKeyId":5401309}}},"version":"v1"}