{"_sessions":{"BRfaFqoRKJaikQvXlgf7PVtZ2mnY5G4x163tGx5Rl58v":{"registrationId":217,"currentRatchet":{"ephemeralKeyPair":{"pubKey":"BT1IoKUfmUvxzAtZ0k3MGiQ9neukLH6Smkj1XoHGvERl","privKey":"8Mowkc3ZOZviUXgtuTdUvItoEDzX94QzSIKrQdLS3lE="},"lastRemoteEphemeralKey":"BeuG2lh+eRnDjBeTDvwIPnmXmqbwQRsaQxAG/FJdGcka","previousCounter":0,"rootKey":"IeV3SNUXa2lGvUoqC7h1KYeqK4JREHrucG92eq2kzdM="},"indexInfo":{"baseKey":"BRfaFqoRKJaikQvXlgf7PVtZ2mnY5G4x163tGx5Rl58v","baseKeyType":1,"closed":-1,"used":1704371621808,"created":1704371621808,"remoteIdentityKey":"BQQ461gAJcDAiVl4ISU88vyRC/rk+tZVwxE/AHCluWwJ"},"_chains":{"BT1IoKUfmUvxzAtZ0k3MGiQ9neukLH6Smkj1XoHGvERl":{"chainKey":{"counter":0,"key":"r6u+m6m1+Vp0BXoUZ6SvLHplsQOuQZQ9dKvdY6wfdHI="},"chainType":1,"messageKeys":{}}},"pendingPreKey":{"signedKeyId":1,"baseKey":"BRfaFqoRKJaikQvXlgf7PVtZ2mnY5G4x163tGx5Rl58v"}}},"version":"v1"}