{"_sessions":{"BZbKXX0ZC/YPc/DKMm2CZPoDH08918hBA0jyOjpiQ1QL":{"registrationId":55881853,"currentRatchet":{"ephemeralKeyPair":{"pubKey":"BUZK0qUp+7MskREBVPmDF8WdcSwlytfwUAlYYadMpzFJ","privKey":"mKSagNBwyUJxQIWzUA8GsG6mUp+8A0zVqUpsPGZB71A="},"lastRemoteEphemeralKey":"BSD+3sGeN65+zyy3MPt6DwnIy+Wg0wcZQJoc+yJn2B9w","previousCounter":0,"rootKey":"KLsMEoVGpavNUr0dO8Kfsk3MT8upBJfh+HIm+1VNZp0="},"indexInfo":{"baseKey":"BZbKXX0ZC/YPc/DKMm2CZPoDH08918hBA0jyOjpiQ1QL","baseKeyType":1,"closed":-1,"used":1704371624504,"created":1704371624504,"remoteIdentityKey":"BXZ6DMV4dTpURWYbfTQSzIid752NGH0lgvA8oA82HQ0L"},"_chains":{"BUZK0qUp+7MskREBVPmDF8WdcSwlytfwUAlYYadMpzFJ":{"chainKey":{"counter":0,"key":"AoWxi/B+uyCHhAoJ96Du4M1OSGs2bO1IEUz66MAGD1I="},"chainType":1,"messageKeys":{}}},"pendingPreKey":{"signedKeyId":1,"baseKey":"BZbKXX0ZC/YPc/DKMm2CZPoDH08918hBA0jyOjpiQ1QL","preKeyId":5893637}}},"version":"v1"}