{"_sessions":{"Bb+g6oKGo3ci6pTloL7tZZxe56muR91F4Sja+x+pWmML":{"registrationId":1200642938,"currentRatchet":{"ephemeralKeyPair":{"pubKey":"BcrcYNylidPWDFc2MdJsQAXsANOQCcv25nbBTEjXoLYU","privKey":"EMAQgfKlzVAWw6F6adXOWn95+vkmk1uDqn9VU8V+C2A="},"lastRemoteEphemeralKey":"BarsfZQcGgXciqNaXeAd7Exy2u9nBDLz3QiVCh7OhcU0","previousCounter":0,"rootKey":"nkKHq2+XrG1Gg+dTHPxr934UeH/scnsrYqEm8AGKNhM="},"indexInfo":{"baseKey":"Bb+g6oKGo3ci6pTloL7tZZxe56muR91F4Sja+x+pWmML","baseKeyType":1,"closed":-1,"used":1704371623597,"created":1704371623597,"remoteIdentityKey":"BSx+O45ndsEXpoQSLwZzuECsiSfulcmcKD7mYgK6PF8w"},"_chains":{"BcrcYNylidPWDFc2MdJsQAXsANOQCcv25nbBTEjXoLYU":{"chainKey":{"counter":0,"key":"R7uc0BRv+dlDZprN73VnTUaJCT6xp63ya01zgcWJyr8="},"chainType":1,"messageKeys":{}}},"pendingPreKey":{"signedKeyId":1,"baseKey":"Bb+g6oKGo3ci6pTloL7tZZxe56muR91F4Sja+x+pWmML","preKeyId":1002916}}},"version":"v1"}