{"_sessions":{"Bcy/iv+BkBuPrLbKvspyPrUnO4pi9Anz7VrRcPpn6RId":{"registrationId":501910424,"currentRatchet":{"ephemeralKeyPair":{"pubKey":"BUXv/Pyk186UJwf0ieMaFRUAy/TqgJKIfKbzwENbYGxQ","privKey":"GAGbGXfh1LU7z+yX3Iw8MKgUPBnlH5dTUav/2ATwSFA="},"lastRemoteEphemeralKey":"BZIqsWiq18JENC3NWOJV3dL/mR8nEYeZY+exHXF8kRN5","previousCounter":0,"rootKey":"kOtsXwEKVq27Kg+vtgCk+7jTK0qT4F7H5lBOpRGjmeo="},"indexInfo":{"baseKey":"Bcy/iv+BkBuPrLbKvspyPrUnO4pi9Anz7VrRcPpn6RId","baseKeyType":1,"closed":-1,"used":1704371624869,"created":1704371624869,"remoteIdentityKey":"Bb3nyLvy+L33IsCNDR4AiJqnY46tKrBsvGGajNYFb+s8"},"_chains":{"BUXv/Pyk186UJwf0ieMaFRUAy/TqgJKIfKbzwENbYGxQ":{"chainKey":{"counter":0,"key":"MLkLbMbcF+SDTqEowf35xTdH6ckENtyWfW4aEzjEqII="},"chainType":1,"messageKeys":{}}},"pendingPreKey":{"signedKeyId":0,"baseKey":"Bcy/iv+BkBuPrLbKvspyPrUnO4pi9Anz7VrRcPpn6RId"}}},"version":"v1"}