{"_sessions":{"BQsvfIXOFu1SxQ+ObMexT1sbrsuwx2SZ35yL0aFBvkBy":{"registrationId":964387695,"currentRatchet":{"ephemeralKeyPair":{"pubKey":"BV/S8S62Qod2LOeSJlMnCJsHqchdo/pd3qC3AZHKpbsA","privKey":"KGoJ+dW4NzQlKBAhTc9BzBaqOKWzvimRGtHV+TOpans="},"lastRemoteEphemeralKey":"BXCQx8YmQ53oxYtBFyyRs3fbltM6Rb4rfWGdfnW1vxhn","previousCounter":0,"rootKey":"zWXvj2Oatm1/6TPmlLDZQ4EPIhF2+WGV8Sv3usbjQlA="},"indexInfo":{"baseKey":"BQsvfIXOFu1SxQ+ObMexT1sbrsuwx2SZ35yL0aFBvkBy","baseKeyType":1,"closed":-1,"used":1704371622941,"created":1704371622941,"remoteIdentityKey":"BU0GIFwC9XKDfiOlpbd1jbb7BigvpTQez2wWN5zDKARR"},"_chains":{"BV/S8S62Qod2LOeSJlMnCJsHqchdo/pd3qC3AZHKpbsA":{"chainKey":{"counter":0,"key":"YoBuNQov4sMa1O/u7ifRwuZU/I83qwH6Blsb8mvb7aM="},"chainType":1,"messageKeys":{}}},"pendingPreKey":{"signedKeyId":1,"baseKey":"BQsvfIXOFu1SxQ+ObMexT1sbrsuwx2SZ35yL0aFBvkBy","preKeyId":6164607}}},"version":"v1"}