{"_sessions":{"BdtmxcXBW20sT05/5fJcG2MVcuh4+cnhDr3ceSgEn79+":{"registrationId":2026441334,"currentRatchet":{"ephemeralKeyPair":{"pubKey":"BaoPjkq9+qmHQAYX1eNrNmBLI2lqpHtvGwEqMXsjVhlE","privKey":"uAzbd703nYL+dvnnh1ONDF629s6x7BGlMhgDEfPdlmA="},"lastRemoteEphemeralKey":"BebqcdAk9v2JgGCUK9SayY5yESzQm16NJLibsgX4joxC","previousCounter":0,"rootKey":"dHLPjujyytH31qWOtNh/Hku3at6gIsm0ySSXB79mhQk="},"indexInfo":{"baseKey":"BdtmxcXBW20sT05/5fJcG2MVcuh4+cnhDr3ceSgEn79+","baseKeyType":1,"closed":-1,"used":1704371623279,"created":1704371623279,"remoteIdentityKey":"BQjlVtPKdJrkZ1AtcwolUSGc9TxGSOauIxEyqDvOhZ1v"},"_chains":{"BaoPjkq9+qmHQAYX1eNrNmBLI2lqpHtvGwEqMXsjVhlE":{"chainKey":{"counter":0,"key":"gegvgsujn3tGyaIgtkOc7VB4WIUabnr1RdQDKvEav3Y="},"chainType":1,"messageKeys":{}}},"pendingPreKey":{"signedKeyId":15,"baseKey":"BdtmxcXBW20sT05/5fJcG2MVcuh4+cnhDr3ceSgEn79+","preKeyId":2715834}}},"version":"v1"}