{"_sessions":{"BXJhwAMupJOx54luladA7d1edsg3/JWundqYpsHMXVJV":{"registrationId":176601018,"currentRatchet":{"ephemeralKeyPair":{"pubKey":"BaGmJ+Yml38m0Jawbaao1ZOB1fyq5V0kTjrKoPze7VQi","privKey":"SGOaAbpP2895WHY7mO041dUMsZ1/XP7seb4WCNZHTVw="},"lastRemoteEphemeralKey":"Bdh8WzyfnnnYiL3LVYnpEAEFVMD2x6V9iJfF9N/YgTEj","previousCounter":0,"rootKey":"j4BcxDfZN+dox3/dXNOQGVH08XNW/ORIUmX+pMr7z+4="},"indexInfo":{"baseKey":"BXJhwAMupJOx54luladA7d1edsg3/JWundqYpsHMXVJV","baseKeyType":1,"closed":-1,"used":1704371624829,"created":1704371624829,"remoteIdentityKey":"BX/+TehPAhGA0qaDCR5xuhfwDzhIQOFT/Y0FGLiEi/Io"},"_chains":{"BaGmJ+Yml38m0Jawbaao1ZOB1fyq5V0kTjrKoPze7VQi":{"chainKey":{"counter":0,"key":"IGGl+8IdXGmQoVtYYsXsN8djLS4HVBcpz4vX8/GfF5A="},"chainType":1,"messageKeys":{}}},"pendingPreKey":{"signedKeyId":1,"baseKey":"BXJhwAMupJOx54luladA7d1edsg3/JWundqYpsHMXVJV"}}},"version":"v1"}