{"_sessions":{"BclvbqdEiXrHZ/mA6MaGWDXYfRE3AkjP3aihJhBdrqZa":{"registrationId":792121095,"currentRatchet":{"ephemeralKeyPair":{"pubKey":"BRLzju5NSgvCIW4oo9frmZCDC6R0YjX3VgTC4SeqM/hK","privKey":"oPaTEK6hQM6Eb+GYyojDS8O/KlVSonZ8fQr1BYZum3I="},"lastRemoteEphemeralKey":"BTYmnxJraE6RBAMNu3EvYUBBfSLPShBBEBwpW0qyCF0d","previousCounter":0,"rootKey":"kS9i76PatElaHF6R+xEIJgpqkqMQkd3YebdRMGjBmrc="},"indexInfo":{"baseKey":"BclvbqdEiXrHZ/mA6MaGWDXYfRE3AkjP3aihJhBdrqZa","baseKeyType":1,"closed":-1,"used":1704371623132,"created":1704371623132,"remoteIdentityKey":"BUHlcwA7KbpVOGtt7bt3XF7UPk3ta+Ogy0b6wzSNpuZj"},"_chains":{"BRLzju5NSgvCIW4oo9frmZCDC6R0YjX3VgTC4SeqM/hK":{"chainKey":{"counter":0,"key":"ALxp7o/CJFLD2Kiy13Ce8p37xA8hIl4ST3eI4hrJN/I="},"chainType":1,"messageKeys":{}}},"pendingPreKey":{"signedKeyId":2,"baseKey":"BclvbqdEiXrHZ/mA6MaGWDXYfRE3AkjP3aihJhBdrqZa","preKeyId":8968806}}},"version":"v1"}