{"_sessions":{"Bb4VULRFOo8ojBVEhnsgmNZNikhLGDZpidHbiIfqomRf":{"registrationId":1045718989,"currentRatchet":{"ephemeralKeyPair":{"pubKey":"BZ/+zu7HRD5JgJA4Q3pxmuOEkORuBvG/KIafP9tOCbRr","privKey":"YMF6fbBvER1nqL+vc0dAtvxMGyA9CgryY/jj18jfgVI="},"lastRemoteEphemeralKey":"Be+gWB9teyUzhTqMPqNtLKJJ6VO7w9FEvXmo1oCM310I","previousCounter":0,"rootKey":"lewTKKK55+DHGCLbm+/FWeYk7Q34bgaKlLrenCgCWs4="},"indexInfo":{"baseKey":"Bb4VULRFOo8ojBVEhnsgmNZNikhLGDZpidHbiIfqomRf","baseKeyType":1,"closed":-1,"used":1704371621988,"created":1704371621988,"remoteIdentityKey":"BeOKc0MwcLLPutVozJdG3BtE3qdKBnEaAbBoZ8XLdaMX"},"_chains":{"BZ/+zu7HRD5JgJA4Q3pxmuOEkORuBvG/KIafP9tOCbRr":{"chainKey":{"counter":0,"key":"5dpp7mlR0hmdzbtRTmiXcvqAEvROD0JbiYWh2WpH/rI="},"chainType":1,"messageKeys":{}}},"pendingPreKey":{"signedKeyId":1,"baseKey":"Bb4VULRFOo8ojBVEhnsgmNZNikhLGDZpidHbiIfqomRf","preKeyId":6460619}}},"version":"v1"}