{"_sessions":{"BZZtakOi+zV45T6F6qa1tEQi3od16iPC29T4hACXxU8B":{"registrationId":1149847010,"currentRatchet":{"ephemeralKeyPair":{"pubKey":"BXwhHQtXwV//gdsIFXfTEJWq2+61vrQXDOCka2FEY0Jm","privKey":"iKbPVH/KYR+c05Qv0CeAFn/wGWpUd9HsbJiHyQuBt30="},"lastRemoteEphemeralKey":"BSr4kF//XMvWDTp71FcyKNKKPOcaRKYuNcb+UWQkS58p","previousCounter":0,"rootKey":"JLgm2LgndoMZQpfm7iEGSDwlFKhX8I/6aTsjcaptHb0="},"indexInfo":{"baseKey":"BZZtakOi+zV45T6F6qa1tEQi3od16iPC29T4hACXxU8B","baseKeyType":1,"closed":-1,"used":1704371624055,"created":1704371624055,"remoteIdentityKey":"BVC/yvfUVAFoc/CaAlu5iKhLlTT1OPqEich+pAc98nsF"},"_chains":{"BXwhHQtXwV//gdsIFXfTEJWq2+61vrQXDOCka2FEY0Jm":{"chainKey":{"counter":0,"key":"8iHvc6JJYZ5oBZKCgaB2tRmzaB9R5N+0yFKb8Z1bOAc="},"chainType":1,"messageKeys":{}}},"pendingPreKey":{"signedKeyId":2,"baseKey":"BZZtakOi+zV45T6F6qa1tEQi3od16iPC29T4hACXxU8B","preKeyId":7775329}}},"version":"v1"}