{"_sessions":{"BUrGIn3U1tIz+KGIcQDQbDhNJFfTmFcJLs6/1wOSMcEl":{"registrationId":737779236,"currentRatchet":{"ephemeralKeyPair":{"pubKey":"BTOik3dCvsKGyX5qkP2hniPNCzPGMBg929hvVXf5229b","privKey":"sEBdL9eHW6SvJh31Fh1b1jbuqDEI6NBb3YXOmIzykVA="},"lastRemoteEphemeralKey":"BcXPdYj2ZGxLrAdc6zUpN3h4TQu703LUJ1gKBHJVKuVz","previousCounter":0,"rootKey":"3K8qvBkImbwCPbOZtb+7fALB0we8wQWvYaf3pBxVM9w="},"indexInfo":{"baseKey":"BUrGIn3U1tIz+KGIcQDQbDhNJFfTmFcJLs6/1wOSMcEl","baseKeyType":1,"closed":-1,"used":1704371624805,"created":1704371624805,"remoteIdentityKey":"BRFCkbDcnjr9a4ATtqt0skgcD3voVSlW+nGFan9pCio+"},"_chains":{"BTOik3dCvsKGyX5qkP2hniPNCzPGMBg929hvVXf5229b":{"chainKey":{"counter":0,"key":"Wm7HzwyA0OXbaF9AOp+/ftQWqucjDmv5Uoar57/MRPY="},"chainType":1,"messageKeys":{}}},"pendingPreKey":{"signedKeyId":0,"baseKey":"BUrGIn3U1tIz+KGIcQDQbDhNJFfTmFcJLs6/1wOSMcEl","preKeyId":4503372}}},"version":"v1"}