{"_sessions":{"BaU3OyX6CuY67qSnysW0Wv3x2cbipdpcX3etevNFARQq":{"registrationId":2138924602,"currentRatchet":{"ephemeralKeyPair":{"pubKey":"BS5TgVuMr/3Zqktqg3Ty1Q2UginxxLbctTIIbYvQxvAg","privKey":"WBepWkjC9P6xsejqavPe7/X3QfWhmifW+BaLl0K8TH0="},"lastRemoteEphemeralKey":"Bcoh0Cl2mwl1F4+hMW+nAH6yma3cNWP5aGGZSrwlCl1x","previousCounter":0,"rootKey":"jPSpUAKX5WsqbxENl4g7WkinQwxKx0FlTt2ep+dVnAs="},"indexInfo":{"baseKey":"BaU3OyX6CuY67qSnysW0Wv3x2cbipdpcX3etevNFARQq","baseKeyType":1,"closed":-1,"used":1704371624691,"created":1704371624691,"remoteIdentityKey":"BSRInz6Hfm57/G4Cc8OXV9bL9W9r2xOi8sUxIy0ePNtx"},"_chains":{"BS5TgVuMr/3Zqktqg3Ty1Q2UginxxLbctTIIbYvQxvAg":{"chainKey":{"counter":0,"key":"LuWS/cMAeBnUoeCcmqA/3o5sabO3rmzKwdOr0r8v1hQ="},"chainType":1,"messageKeys":{}}},"pendingPreKey":{"signedKeyId":8,"baseKey":"BaU3OyX6CuY67qSnysW0Wv3x2cbipdpcX3etevNFARQq","preKeyId":1350870}}},"version":"v1"}