{"_sessions":{"BYvEwydbI4pMRMWbzSJ5uTnS5sRSfuAKJQ3F59wgUi0W":{"registrationId":196,"currentRatchet":{"ephemeralKeyPair":{"pubKey":"BSXmL4doeYSMisTvm2YUDOchMF93uhyz0D8+I+eLX/pf","privKey":"YOIbW1CIrPkrAWes2FYB9Zz6p5s5LlRg4jxwziCC11E="},"lastRemoteEphemeralKey":"BRdFE53Jwkc+628VCwtnGkM6SpvNO9jEsX99cxMWOEhC","previousCounter":0,"rootKey":"9q0HYvt+BthqOtR8PG0dE0RKQI7JWS+biKbVlDnW+ms="},"indexInfo":{"baseKey":"BYvEwydbI4pMRMWbzSJ5uTnS5sRSfuAKJQ3F59wgUi0W","baseKeyType":1,"closed":-1,"used":1704378879174,"created":1704378879174,"remoteIdentityKey":"Bc3aHpknfS/4WGcwI7pJG36B17rElTIrTiPKgE6QWj82"},"_chains":{"BSXmL4doeYSMisTvm2YUDOchMF93uhyz0D8+I+eLX/pf":{"chainKey":{"counter":0,"key":"LGM91u/mXK6F9EPtQv1pXiYHxJ8fVlIR+WSxQH50KnY="},"chainType":1,"messageKeys":{}}},"pendingPreKey":{"signedKeyId":1,"baseKey":"BYvEwydbI4pMRMWbzSJ5uTnS5sRSfuAKJQ3F59wgUi0W","preKeyId":12}}},"version":"v1"}