{"_sessions":{"BZ8FjNW9/41EnMhCgu8z9NA+wW8CBWDT7B5NkvLUQB4R":{"registrationId":794039742,"currentRatchet":{"ephemeralKeyPair":{"pubKey":"BWF0U+ct5YhqQY0XmcrHHZ9SOEwSSc94MPCR7yFUTw5e","privKey":"AMYOahm/KlY/E4Dx5crHySyjWoMps6A+qPQlSMab+lg="},"lastRemoteEphemeralKey":"BYp5W7wqdPHNz4fnxgY695QOHBWzPkXs3vaUTRYCJCNQ","previousCounter":0,"rootKey":"t6zIQ7vrRCwJp+pCt5GU96Fub9UF41Mj6bzGbAzsi0s="},"indexInfo":{"baseKey":"BZ8FjNW9/41EnMhCgu8z9NA+wW8CBWDT7B5NkvLUQB4R","baseKeyType":1,"closed":-1,"used":1704371623212,"created":1704371623212,"remoteIdentityKey":"BfCBKtXrKCQqGcL9fe7qqbTcI4EHBxlxOgmME2LXXYEy"},"_chains":{"BWF0U+ct5YhqQY0XmcrHHZ9SOEwSSc94MPCR7yFUTw5e":{"chainKey":{"counter":0,"key":"wso0UsU2Q6dEMIt46t3LB3tndR51n3H9PAuiHLKmBFM="},"chainType":1,"messageKeys":{}}},"pendingPreKey":{"signedKeyId":0,"baseKey":"BZ8FjNW9/41EnMhCgu8z9NA+wW8CBWDT7B5NkvLUQB4R","preKeyId":9954371}}},"version":"v1"}