{"_sessions":{"Bb96n3S23c4q61HGKwR1/ktfH3Zrjm2D505ty55XMnNU":{"registrationId":1634633602,"currentRatchet":{"ephemeralKeyPair":{"pubKey":"BbtQKSXVYnrj38xBygEO7kzC76QnOrxFS+pIQLrJrjFb","privKey":"WPwQaizwFzWooNMLdsdXJ+9wPQP9u59dlIjfKwBjTn0="},"lastRemoteEphemeralKey":"BeMhXZ6SuVRAMmqqIqvmkun70jb6pPBSyiVkKrCBi6VE","previousCounter":0,"rootKey":"EQaVsk+Xwns2YpV+wZ0nxZ0lQUspawkMAJtiV2wddss="},"indexInfo":{"baseKey":"Bb96n3S23c4q61HGKwR1/ktfH3Zrjm2D505ty55XMnNU","baseKeyType":1,"closed":-1,"used":1704371624901,"created":1704371624901,"remoteIdentityKey":"BUnPZNPZBCPJb8FGgWZHc/QluFtqzlzKSkajuOIA/Zx/"},"_chains":{"BbtQKSXVYnrj38xBygEO7kzC76QnOrxFS+pIQLrJrjFb":{"chainKey":{"counter":0,"key":"6hD9vT8R5KndawHiMJ4jU71RT9Ohqd8r0fh6LpgtQak="},"chainType":1,"messageKeys":{}}},"pendingPreKey":{"signedKeyId":0,"baseKey":"Bb96n3S23c4q61HGKwR1/ktfH3Zrjm2D505ty55XMnNU","preKeyId":66193}}},"version":"v1"}