{"_sessions":{"BQXIDk3Iu6ol6D4QogkUxbr4HFDtD7Bhe2u5IitvrAwe":{"registrationId":436962311,"currentRatchet":{"ephemeralKeyPair":{"pubKey":"BXj+HZUFhnkT6DiYkHUMk/spiGMEEmerxZ7j2CJ2h6Is","privKey":"wIe1tG1+qEiuZmp8Sbqnrqh+8t2hmz+RIJy616JCglA="},"lastRemoteEphemeralKey":"BW70UrNEUYTJR6KzNooLgBNZ+2AvEXj9rWA3vKtJ6+Zt","previousCounter":0,"rootKey":"wLGnIBVhbt36fh/SsFXj22XUA7ZQPfgPNkaVoq1BFDM="},"indexInfo":{"baseKey":"BQXIDk3Iu6ol6D4QogkUxbr4HFDtD7Bhe2u5IitvrAwe","baseKeyType":1,"closed":-1,"used":1704371624069,"created":1704371624069,"remoteIdentityKey":"BZsjAckmS0pjZ/De//qrf0t9FywlQEKoHpb2VPoAcUV5"},"_chains":{"BXj+HZUFhnkT6DiYkHUMk/spiGMEEmerxZ7j2CJ2h6Is":{"chainKey":{"counter":0,"key":"CEwmanuGBlPdCtmITzbrQijwWi2YsV2tLNVP2176/vQ="},"chainType":1,"messageKeys":{}}},"pendingPreKey":{"signedKeyId":1,"baseKey":"BQXIDk3Iu6ol6D4QogkUxbr4HFDtD7Bhe2u5IitvrAwe","preKeyId":7704311}}},"version":"v1"}