{"_sessions":{"BdQDb6jiJ/ILZENrKAQTxqVStExIkwQU5vF7u3/OM1gQ":{"registrationId":1270888225,"currentRatchet":{"ephemeralKeyPair":{"pubKey":"Bf+pND/oGn1s2hHPiqOkyBezIfBcN9ZoIT29hi3GA2xz","privKey":"2HUb714RScImGxwKM1t1Tp7yA7lXkSuI4IBTRDbjpkU="},"lastRemoteEphemeralKey":"BXsrkpIb5RWruhupAy7RRnOlELdh5K9wVa1BckfWTkZj","previousCounter":0,"rootKey":"wNlWSESu3Ssj2xHpYY9LTYToQq8IFJnxiRAFlB40SGo="},"indexInfo":{"baseKey":"BdQDb6jiJ/ILZENrKAQTxqVStExIkwQU5vF7u3/OM1gQ","baseKeyType":1,"closed":-1,"used":1704371624096,"created":1704371624096,"remoteIdentityKey":"BX/YmDi9pxXf3TXj8V8N22TK9wi5Cp+4qI8eMnuRIl1e"},"_chains":{"Bf+pND/oGn1s2hHPiqOkyBezIfBcN9ZoIT29hi3GA2xz":{"chainKey":{"counter":0,"key":"dgSg/xfvZ8I0tmVhYHY+UvKcLC0gGI+Rxe9cM9loRCs="},"chainType":1,"messageKeys":{}}},"pendingPreKey":{"signedKeyId":0,"baseKey":"BdQDb6jiJ/ILZENrKAQTxqVStExIkwQU5vF7u3/OM1gQ","preKeyId":3210945}}},"version":"v1"}