{"_sessions":{"BQMaNnUiChhudPeK7nzWZatt6hpxSBSo3/a+S8acAU1c":{"registrationId":1031667928,"currentRatchet":{"ephemeralKeyPair":{"pubKey":"BWcKJE+pyuSLRXZ8DuhekxuWwAaFH7R14Vy5ude9hGQB","privKey":"qIZtMbgTwVXIZMjwHMYhpCkw4ep3uoj25v1McXfkw1w="},"lastRemoteEphemeralKey":"BbGXZv3MdZ2QsTt/uUEv4e8/o1f8X/FuQWoks05OeQ8F","previousCounter":0,"rootKey":"UcQ4Qceic0p0IBr35yfucui1I31knHdUl9YepQYBq9M="},"indexInfo":{"baseKey":"BQMaNnUiChhudPeK7nzWZatt6hpxSBSo3/a+S8acAU1c","baseKeyType":1,"closed":-1,"used":1704371624227,"created":1704371624227,"remoteIdentityKey":"BVNxLDIBM24TcvdNCBEtr1M4B8fHJkOWvFzY8c+HmWFH"},"_chains":{"BWcKJE+pyuSLRXZ8DuhekxuWwAaFH7R14Vy5ude9hGQB":{"chainKey":{"counter":0,"key":"OqRGFhD2MIREpclJdRoa1ipJY1rATM6m2unJxujQr7Y="},"chainType":1,"messageKeys":{}}},"pendingPreKey":{"signedKeyId":0,"baseKey":"BQMaNnUiChhudPeK7nzWZatt6hpxSBSo3/a+S8acAU1c","preKeyId":7514428}}},"version":"v1"}