{"_sessions":{"Bb3UQ/2BHRAbfEckwLYsog8TgvF9oaFErESkT87QewMc":{"registrationId":6177,"currentRatchet":{"ephemeralKeyPair":{"pubKey":"BdSLAU1MMexyzxnMreF9jJxwKgJxvPs5LaowXlhr0Bl4","privKey":"MCrkn8JPfE8nf80J/AEF2DtvijR9onZVWxVpPF0M518="},"lastRemoteEphemeralKey":"BVZmy6bJGXZi4QeeivNz+MGm80LWuzOU279vqq5Nuzwn","previousCounter":0,"rootKey":"Xqe8/FIYXjNnecCmLoAoLX6Ljk1ECvvoZ1JvzNPks6c="},"indexInfo":{"baseKey":"Bb3UQ/2BHRAbfEckwLYsog8TgvF9oaFErESkT87QewMc","baseKeyType":1,"closed":-1,"used":1704371622538,"created":1704371622538,"remoteIdentityKey":"BVxlXK+kOkg2Ib8zjt6kgnkQHrwqtMEP14Og5CJbx2pO"},"_chains":{"BdSLAU1MMexyzxnMreF9jJxwKgJxvPs5LaowXlhr0Bl4":{"chainKey":{"counter":0,"key":"OatChl7ifSoFauAgtQmxUa8Jdm/59KrLXXH+PUiYSsY="},"chainType":1,"messageKeys":{}}},"pendingPreKey":{"signedKeyId":1,"baseKey":"Bb3UQ/2BHRAbfEckwLYsog8TgvF9oaFErESkT87QewMc","preKeyId":2664}}},"version":"v1"}