{"_sessions":{"Bc4EB6o/HtRm6yC2SoHEBODd+75j5gRcUX+cgwA7CRps":{"registrationId":185,"currentRatchet":{"ephemeralKeyPair":{"pubKey":"BcFkmF98jAAjNb6Jbm3mF1Z1yH5Qmiba2NQ+Suhh4mBC","privKey":"cIcW3VnS/mDKZGEg7/AIBoqm7S42JqmySugL8m5Xm3o="},"lastRemoteEphemeralKey":"BQp1Og6Jh5PvQP5YMSYvQZSWh8kAijmsW8oK0UJk14od","previousCounter":0,"rootKey":"zP7OQW8bwDoqNLpryxB8vz58RxMigLr2NZH+Wxxe61g="},"indexInfo":{"baseKey":"Bc4EB6o/HtRm6yC2SoHEBODd+75j5gRcUX+cgwA7CRps","baseKeyType":1,"closed":-1,"used":1704371622764,"created":1704371622764,"remoteIdentityKey":"BUmU92fkShkyWZqMRiIO7RuXvJPA/LdA6TuSdnaNjHU+"},"_chains":{"BcFkmF98jAAjNb6Jbm3mF1Z1yH5Qmiba2NQ+Suhh4mBC":{"chainKey":{"counter":0,"key":"lN7kdacI46M9DFc/6886m7kcUJJUe29rc230aYpgvyU="},"chainType":1,"messageKeys":{}}},"pendingPreKey":{"signedKeyId":1,"baseKey":"Bc4EB6o/HtRm6yC2SoHEBODd+75j5gRcUX+cgwA7CRps"}}},"version":"v1"}