{"_sessions":{"BW11Nhg+hrd3ImUKkib0EfsTrL2cX4HN7JAo4plVyiRq":{"registrationId":35,"currentRatchet":{"ephemeralKeyPair":{"pubKey":"BTgysYRo+EQ1X+xizhuuycu7bCcCk02pCNls8bPADPUe","privKey":"mJgUzE+2YFLhwWseq8S+6rRU5zFoC3+3D222MiwxRWs="},"lastRemoteEphemeralKey":"BYJHwPphjLgJ62+g6/wvQL9b4HJh9JLJMIns7oxYiuI4","previousCounter":0,"rootKey":"PCRGjBS+IkIE5nXi5LpPpyUSEYkMs6VO9GHMEtHRMC8="},"indexInfo":{"baseKey":"BW11Nhg+hrd3ImUKkib0EfsTrL2cX4HN7JAo4plVyiRq","baseKeyType":1,"closed":-1,"used":1704378105069,"created":1704378105069,"remoteIdentityKey":"BU5jyLI2ypWukLbvPMdjtUGxO7Ax9JF1Q7LU/00/eaEy"},"_chains":{"BTgysYRo+EQ1X+xizhuuycu7bCcCk02pCNls8bPADPUe":{"chainKey":{"counter":0,"key":"2retkuw6Ck6EO9IjuuVeKXjLXulqEP+IKr8XNacX7T8="},"chainType":1,"messageKeys":{}}},"pendingPreKey":{"signedKeyId":1,"baseKey":"BW11Nhg+hrd3ImUKkib0EfsTrL2cX4HN7JAo4plVyiRq","preKeyId":28}}},"version":"v1"}