{"_sessions":{"BQ0UtjLRHRZhhYfo/vv5jm4FK62/mY/H9dMhcSqBEGYc":{"registrationId":6669,"currentRatchet":{"ephemeralKeyPair":{"pubKey":"BQMV4SEPsBAokGpioW+rYLohcDrYtkStDuyAOdbrvP9K","privKey":"gCymztukgVUYlpAj7OK85ZqZkm+ksFEQcYcgJVleX2w="},"lastRemoteEphemeralKey":"BTdR4GpCKTUYxuJJdTm7tdEA1IAhLCJ8n0rqz6WSEVYW","previousCounter":0,"rootKey":"rk915B4T1KxJJXIHydu8fIamY7xzKxunpvIWP4kBr+g="},"indexInfo":{"baseKey":"BQ0UtjLRHRZhhYfo/vv5jm4FK62/mY/H9dMhcSqBEGYc","baseKeyType":1,"closed":-1,"used":1704371622101,"created":1704371622101,"remoteIdentityKey":"BbzzJyoxicCEsxnYtsaBcTimxL7lwiv6mu4Y1Klyuyk7"},"_chains":{"BQMV4SEPsBAokGpioW+rYLohcDrYtkStDuyAOdbrvP9K":{"chainKey":{"counter":0,"key":"EJhLd5w1nPc4iUg4yg+5l9Ao7QhYIw9f4qQnIpnG5CE="},"chainType":1,"messageKeys":{}}},"pendingPreKey":{"signedKeyId":1,"baseKey":"BQ0UtjLRHRZhhYfo/vv5jm4FK62/mY/H9dMhcSqBEGYc"}}},"version":"v1"}