{"_sessions":{"BQ4ET7dEJvAgNpA5COTc3m+Yi0HezqxFFz+h5yOUvF1l":{"registrationId":834,"currentRatchet":{"ephemeralKeyPair":{"pubKey":"Bcpxu1WexgLEdRWuBMmieBYYjNes3iECf4S1inZN5qYx","privKey":"UGvGqJwRgJOGQRPZEGmvQVdCSAog51cLffykMWyYgHU="},"lastRemoteEphemeralKey":"BezKCDb94WrGUHZ49eSadxDWFfyjmHApasjuxkXsQlIe","previousCounter":0,"rootKey":"Q0VAQsUZBiwAT8hr8NtGIqMhyAV4hWzqY37f7BIU/js="},"indexInfo":{"baseKey":"BQ4ET7dEJvAgNpA5COTc3m+Yi0HezqxFFz+h5yOUvF1l","baseKeyType":1,"closed":-1,"used":1704371621707,"created":1704371621707,"remoteIdentityKey":"BQKx2bs2hMHrs1NBur8CJLOcOmM5WHynXoBGF3fnWIR6"},"_chains":{"Bcpxu1WexgLEdRWuBMmieBYYjNes3iECf4S1inZN5qYx":{"chainKey":{"counter":0,"key":"nEJbwO8uxPJdLaEJykx0nS+RqbUhQfEmGkFCbOPzw0o="},"chainType":1,"messageKeys":{}}},"pendingPreKey":{"signedKeyId":1,"baseKey":"BQ4ET7dEJvAgNpA5COTc3m+Yi0HezqxFFz+h5yOUvF1l","preKeyId":1311}}},"version":"v1"}