{"_sessions":{"BZOgo8Q9CtulkDILqZbrfkAiB/XvT9RSdyqgUcx/c3Nm":{"registrationId":2080939757,"currentRatchet":{"ephemeralKeyPair":{"pubKey":"BcaYlB9SnYOWjuKre3hugGQPuhXNBYJRzGT0gi2ajKda","privKey":"SLTAN2tf+cmVL04PXDyziXpOjvdoi6alsOa7x/Myunw="},"lastRemoteEphemeralKey":"BcqNO0BrinaJVN1XhWdMqxjNBfYKtMaukJv3qheta1JT","previousCounter":0,"rootKey":"kvzoqxVmmshR0WpEdWxFuSRbOzGKgYARH5SZeU+0RHM="},"indexInfo":{"baseKey":"BZOgo8Q9CtulkDILqZbrfkAiB/XvT9RSdyqgUcx/c3Nm","baseKeyType":1,"closed":-1,"used":1704371623398,"created":1704371623398,"remoteIdentityKey":"BTa6EaEAR/zGSaK92+JL4Hq9h8MceF37OBYSADYh49oh"},"_chains":{"BcaYlB9SnYOWjuKre3hugGQPuhXNBYJRzGT0gi2ajKda":{"chainKey":{"counter":0,"key":"/3PLaFOE5cs8nOt//iPoCFVMvDXKrow1EsuJAKuIob0="},"chainType":1,"messageKeys":{}}},"pendingPreKey":{"signedKeyId":4,"baseKey":"BZOgo8Q9CtulkDILqZbrfkAiB/XvT9RSdyqgUcx/c3Nm","preKeyId":2117354}}},"version":"v1"}