{"_sessions":{"BSE8EyiR7Qh9vxJpSTx9hgV/7CowjtbYWbEGUiPwvNM8":{"registrationId":333796744,"currentRatchet":{"ephemeralKeyPair":{"pubKey":"BT9uvMFQcwaNyE/DIlUzZ1EjWIHid2Fl2OmCGZyEJadj","privKey":"KK3cNHtTWEH6yZPjzEoXErT4FkVOmjXzwgx9sHlRo1Y="},"lastRemoteEphemeralKey":"BfKKcHWx7LLsMqrNxTmEnQQ51dW7kG4CXe9zZ/3SjzQ7","previousCounter":0,"rootKey":"ZDzGW8v8zHLocIUaGQealXsSevfOJo+wW6PZBZIfGi0="},"indexInfo":{"baseKey":"BSE8EyiR7Qh9vxJpSTx9hgV/7CowjtbYWbEGUiPwvNM8","baseKeyType":1,"closed":-1,"used":1704371623080,"created":1704371623080,"remoteIdentityKey":"Bf5jPO6fVmfxCbx+Hi7ZO0X8kjeeQFgRKWd6mfKVOedQ"},"_chains":{"BT9uvMFQcwaNyE/DIlUzZ1EjWIHid2Fl2OmCGZyEJadj":{"chainKey":{"counter":0,"key":"VuKypiUY8xisEA7GqgjV2DL39go0UNo3Iyb0FXYS6I4="},"chainType":1,"messageKeys":{}}},"pendingPreKey":{"signedKeyId":1,"baseKey":"BSE8EyiR7Qh9vxJpSTx9hgV/7CowjtbYWbEGUiPwvNM8"}}},"version":"v1"}