{"_sessions":{"BegPNMQZmhg1JmuOWLNcr6CL/2Dx76HSnvvagLD9alUw":{"registrationId":1740823613,"currentRatchet":{"ephemeralKeyPair":{"pubKey":"Bfl2wH9scfTb074GP9LS4K57whDSWl3pvaKMzzxq4kVV","privKey":"KA+DAWDWo44HzYZcCZ7GquSWQaj5j30dfxiC7wvk5WM="},"lastRemoteEphemeralKey":"BeQCOQfJ5hwzJA/wz+f+QNRTaTe1VBzAiGqfk6PXG2J8","previousCounter":0,"rootKey":"RR5nnWDQy94QYKo4CYZR2S9KCwxLn7vjyofMQ1UfuI4="},"indexInfo":{"baseKey":"BegPNMQZmhg1JmuOWLNcr6CL/2Dx76HSnvvagLD9alUw","baseKeyType":1,"closed":-1,"used":1704371623503,"created":1704371623503,"remoteIdentityKey":"BUg1vyrqJ6jgCSlMmoH+ceDLegYbQHOsQ2eeGOz9Tdhr"},"_chains":{"Bfl2wH9scfTb074GP9LS4K57whDSWl3pvaKMzzxq4kVV":{"chainKey":{"counter":0,"key":"q1yT3XGFk+/q7Hyg98865YxqSoxRhqCMCJWnC+krXFo="},"chainType":1,"messageKeys":{}}},"pendingPreKey":{"signedKeyId":0,"baseKey":"BegPNMQZmhg1JmuOWLNcr6CL/2Dx76HSnvvagLD9alUw","preKeyId":10005375}}},"version":"v1"}