{"_sessions":{"BfFTw95ZDbUdm3yUQoeNHHbuiQwenmxx+ctqYBOHtnAD":{"registrationId":114,"currentRatchet":{"ephemeralKeyPair":{"pubKey":"BYN1CtLjB1+eVmXU2U2dAnHXWzJunM/5teFJ2/B+ShR4","privKey":"2P2bu7SinK5XJCcTg9u6kSJGyaag2YUmU1Y0GsmPbUQ="},"lastRemoteEphemeralKey":"BRDQ9xe16mpNdbPfmCnO/DSXR4TSbXY+JQ/lnPjbYpwn","previousCounter":0,"rootKey":"0m2mSi4MbHmvIlQGAfpqpbl/t1uubYuHibO1v3jfcRE="},"indexInfo":{"baseKey":"BfFTw95ZDbUdm3yUQoeNHHbuiQwenmxx+ctqYBOHtnAD","baseKeyType":1,"closed":-1,"used":1704371622139,"created":1704371622139,"remoteIdentityKey":"BfOFsiRfCKrkbhdJKqqqNgKF/GcXOnmLkKrJEdaMVVV9"},"_chains":{"BYN1CtLjB1+eVmXU2U2dAnHXWzJunM/5teFJ2/B+ShR4":{"chainKey":{"counter":0,"key":"bVLEkmmCZVbDLt2updCeGVAOTxRIVrcDon4sRf+kw6Q="},"chainType":1,"messageKeys":{}}},"pendingPreKey":{"signedKeyId":1,"baseKey":"BfFTw95ZDbUdm3yUQoeNHHbuiQwenmxx+ctqYBOHtnAD"}}},"version":"v1"}