{"_sessions":{"BWy+Io2H3n+oVGwv663ACfVWP08cyiqrJ1Y15iOnbYdy":{"registrationId":198,"currentRatchet":{"ephemeralKeyPair":{"pubKey":"BcQHDjF6qA2O6Ecm+E3UimMhICNx5+M6bbWRYXdC1pQG","privKey":"2DrpnPVOduhM8PrE+MORJBzPrQOYysILHUYQPIZpv0c="},"lastRemoteEphemeralKey":"Bd0a4grckCdI+zHjMDh6vGO5zlNUEoo9HCRbFQFVrk1t","previousCounter":0,"rootKey":"vAPQvohzD8Xjy0+nBtCHtm+QeJfgL0ZOl1D8idPbXVY="},"indexInfo":{"baseKey":"BWy+Io2H3n+oVGwv663ACfVWP08cyiqrJ1Y15iOnbYdy","baseKeyType":1,"closed":-1,"used":1704371622405,"created":1704371622405,"remoteIdentityKey":"BUxjt8gVglli2k9PK9QyxoxybD2qL0bNq1OfgKFP0Mtu"},"_chains":{"BcQHDjF6qA2O6Ecm+E3UimMhICNx5+M6bbWRYXdC1pQG":{"chainKey":{"counter":0,"key":"VRxxJf09XNFsdQtrLyQ326Mq+sRgzE8QwVXoLe3h1S8="},"chainType":1,"messageKeys":{}}},"pendingPreKey":{"signedKeyId":1,"baseKey":"BWy+Io2H3n+oVGwv663ACfVWP08cyiqrJ1Y15iOnbYdy"}}},"version":"v1"}