{"_sessions":{"BUF55QBE06UPfeL+xFXoR4aJzVrvIT4fohFYh2qtONFJ":{"registrationId":1217515775,"currentRatchet":{"ephemeralKeyPair":{"pubKey":"BSgkZF/dycg8OtQUzHvfmjjaQYarWvhV7NTXvrGwTTAq","privKey":"MH/vnoL5KX6WcNKM6g0wtHuytI7nv4wB0/6RuV6IJmY="},"lastRemoteEphemeralKey":"BfLHinwXNEcUEBlxNCqOg6cdaQldzMgqFUgA64NfOrMX","previousCounter":0,"rootKey":"Yt8qsGcLiAVpkjfK5rw2N2h+xYLOd7MiMUfTwDlV7C0="},"indexInfo":{"baseKey":"BUF55QBE06UPfeL+xFXoR4aJzVrvIT4fohFYh2qtONFJ","baseKeyType":1,"closed":-1,"used":1704371624363,"created":1704371624363,"remoteIdentityKey":"BeD/AufiahIGybTii+ZvggssPzI1HFzkD5gE1ZP9mU48"},"_chains":{"BSgkZF/dycg8OtQUzHvfmjjaQYarWvhV7NTXvrGwTTAq":{"chainKey":{"counter":0,"key":"NZun+dX/cB6p/0qhieSvkbd0zar8CUkmZu4zDxzdNT0="},"chainType":1,"messageKeys":{}}},"pendingPreKey":{"signedKeyId":1,"baseKey":"BUF55QBE06UPfeL+xFXoR4aJzVrvIT4fohFYh2qtONFJ","preKeyId":4664334}}},"version":"v1"}