{"_sessions":{"BXo9hUhSV1KFjDf0QFZLOogyYfjWkhfkkHV40iGNLSFs":{"registrationId":207,"currentRatchet":{"ephemeralKeyPair":{"pubKey":"BWvTD5J9G4ByDfc4aMr/waZXWGRyvZ2vgrf7wAoKXswO","privKey":"4NtEsupacWUV5TnxQI+0Hos5/gxtPDKJuRs0FNdfdH0="},"lastRemoteEphemeralKey":"BTJtRVDwED7jhVJTcT/Kt+3pWuZ7FFC9DS/JMnbKOlMa","previousCounter":0,"rootKey":"k5qfINI4Ib+8I0DsNO2gIiavG5O5U895Kq75qXr6ZiI="},"indexInfo":{"baseKey":"BXo9hUhSV1KFjDf0QFZLOogyYfjWkhfkkHV40iGNLSFs","baseKeyType":1,"closed":-1,"used":1704371622340,"created":1704371622340,"remoteIdentityKey":"BQcUrAnkU9iWTKGtoimqiXVNji4XWTMFI5AGrhN4TH07"},"_chains":{"BWvTD5J9G4ByDfc4aMr/waZXWGRyvZ2vgrf7wAoKXswO":{"chainKey":{"counter":0,"key":"5u2JNxCdWCwNPcCfOQ+rrR3d5VPj04W1jTEbmFhiYzw="},"chainType":1,"messageKeys":{}}},"pendingPreKey":{"signedKeyId":1,"baseKey":"BXo9hUhSV1KFjDf0QFZLOogyYfjWkhfkkHV40iGNLSFs"}}},"version":"v1"}