{"_sessions":{"BbmPFmHoaR3EZugIIFXQogxrcqCi81SoKWQBNqzlZeZr":{"registrationId":591571367,"currentRatchet":{"ephemeralKeyPair":{"pubKey":"Bcwlk1y/8yMBv5GHMFxDG2FalPmXdhI50wiGH48Cxsc6","privKey":"YJv7Ruy+VIfvPpIUyKpENRaZJwmFVhIV/rxxd4Sv4WY="},"lastRemoteEphemeralKey":"BTZv4xV9sVYP/6bsxEWR0G+UHibvu9o2j98SVWap1CkF","previousCounter":0,"rootKey":"GGCgB80dldOuk9C/RqVqMTcNB0z54lsRjJiE4S21pRA="},"indexInfo":{"baseKey":"BbmPFmHoaR3EZugIIFXQogxrcqCi81SoKWQBNqzlZeZr","baseKeyType":1,"closed":-1,"used":1704371624017,"created":1704371624017,"remoteIdentityKey":"BdD1G3s6HIMjCvkGyzhja1F+uQl6ydUs50vwSsVJ+fx5"},"_chains":{"Bcwlk1y/8yMBv5GHMFxDG2FalPmXdhI50wiGH48Cxsc6":{"chainKey":{"counter":0,"key":"I4zla8cxoOAcTREoYoJCxGiK5yVpeBavFzlQubfVLm4="},"chainType":1,"messageKeys":{}}},"pendingPreKey":{"signedKeyId":16,"baseKey":"BbmPFmHoaR3EZugIIFXQogxrcqCi81SoKWQBNqzlZeZr","preKeyId":14287911}}},"version":"v1"}