{"_sessions":{"BTe6e7Bwgqfv60MrLTqGFe5FTO1V03PFQ/OS+2eDISAh":{"registrationId":665228868,"currentRatchet":{"ephemeralKeyPair":{"pubKey":"BaSRTZMtTeafvFssyFxb7obZa/MxahO8qKKxcU2gDjQD","privKey":"kHfUQ7pHvw3ox/KXStHbWxDxDTYcfxQhWFSYRfudz1U="},"lastRemoteEphemeralKey":"BbpzAjWAjAfxc9AUEE0YjGbHTBrB44vjJZrs8DTjaYk8","previousCounter":0,"rootKey":"yuRVTAWgXWib08E60/pHZSP9qy6dkawJVrt2Hh7YlSc="},"indexInfo":{"baseKey":"BTe6e7Bwgqfv60MrLTqGFe5FTO1V03PFQ/OS+2eDISAh","baseKeyType":1,"closed":-1,"used":1704371624779,"created":1704371624779,"remoteIdentityKey":"BafFDCopI+npOJP6/hpS1m7Q++7ywd7r6rh6HalXRyBJ"},"_chains":{"BaSRTZMtTeafvFssyFxb7obZa/MxahO8qKKxcU2gDjQD":{"chainKey":{"counter":0,"key":"uimQXcx71Dpf1LsNKCaav26Sa7fmRFbrDe+gAVcfWVM="},"chainType":1,"messageKeys":{}}},"pendingPreKey":{"signedKeyId":1,"baseKey":"BTe6e7Bwgqfv60MrLTqGFe5FTO1V03PFQ/OS+2eDISAh","preKeyId":15521849}}},"version":"v1"}