{"_sessions":{"BaHyOurpbeXzGp+PJxGhLMwkhAnkTt0abtO24uc+Hklp":{"registrationId":1935427706,"currentRatchet":{"ephemeralKeyPair":{"pubKey":"BVatThoLWkFroo8hzIJWfSZZCtgaLwstb1PCzGQa1T96","privKey":"WAM4SFjZGWEbW9DsoeumvaupfcZjMIFk0sjye/9ApHQ="},"lastRemoteEphemeralKey":"BXU/DILwBYFwn7Ce6LSCds/lM35eKlpBdZHqUE8iTgN/","previousCounter":0,"rootKey":"BqakMhLDRZMDbMHNqERFt0NDJeGWVauD6i9EGxdzusI="},"indexInfo":{"baseKey":"BaHyOurpbeXzGp+PJxGhLMwkhAnkTt0abtO24uc+Hklp","baseKeyType":1,"closed":-1,"used":1704385176161,"created":1704385176161,"remoteIdentityKey":"BdHzgsdpdBw4unorP90p9veEZhsO6swxaeaWbbyaJGh3"},"_chains":{"BVatThoLWkFroo8hzIJWfSZZCtgaLwstb1PCzGQa1T96":{"chainKey":{"counter":0,"key":"sc3it4gooFgR/EXMqG/obbjEVhVezKTIODd106WBIi8="},"chainType":1,"messageKeys":{}}},"pendingPreKey":{"signedKeyId":1,"baseKey":"BaHyOurpbeXzGp+PJxGhLMwkhAnkTt0abtO24uc+Hklp","preKeyId":13577563}}},"version":"v1"}