{"_sessions":{"BaflcIgMs9X+ao3Dal7B1Mg8rmQKr2in+p/Si74fG5Bp":{"registrationId":241,"currentRatchet":{"ephemeralKeyPair":{"pubKey":"BYVdZmhNZrXRKVjFVrTp/uv2A+Casxqq5CoZTREj+DM/","privKey":"KLoUpg15p8vFKeiekuQi3UvOjOIZ5jYz3UxchPlAZWs="},"lastRemoteEphemeralKey":"BQh1GQOcKBY3ewWsIbTwKbBT0yzPMnSP0syO5DyRcgl5","previousCounter":0,"rootKey":"7Ztovurr9mxM4PseLAmHMWTQugi8h+WQ4YBkjTa5LLQ="},"indexInfo":{"baseKey":"BaflcIgMs9X+ao3Dal7B1Mg8rmQKr2in+p/Si74fG5Bp","baseKeyType":1,"closed":-1,"used":1704371621924,"created":1704371621924,"remoteIdentityKey":"BTg0tr7igIKc/GnzxwxuINUp9v+wt+gveKftG8OmJ5A8"},"_chains":{"BYVdZmhNZrXRKVjFVrTp/uv2A+Casxqq5CoZTREj+DM/":{"chainKey":{"counter":0,"key":"uh8q1oztRxA1qL6lNoCR4F+EVajVo2dsV7L23nB+77k="},"chainType":1,"messageKeys":{}}},"pendingPreKey":{"signedKeyId":1,"baseKey":"BaflcIgMs9X+ao3Dal7B1Mg8rmQKr2in+p/Si74fG5Bp"}}},"version":"v1"}