{"_sessions":{"BbGmSYy0mOCeKdeb35ZmvW6cAQhdm3PyVsHi8umzyvAC":{"registrationId":2079104462,"currentRatchet":{"ephemeralKeyPair":{"pubKey":"BY001XtbjboLXKRvf8F9pe8RJnjR01XnA8+X0LTwnfhk","privKey":"iOvfJaD5xA+0KVpW3FwNDWN3XPqcR3NS4N0ohz02Im4="},"lastRemoteEphemeralKey":"BS6I7c/pws+0Uk3lJ1xTbVZJSlvlhj4Rg1MfLeY/2nIB","previousCounter":0,"rootKey":"A+aP6qsvM8eUqrzGEA87QNooGtSAdJryrx+1SjDMhRM="},"indexInfo":{"baseKey":"BbGmSYy0mOCeKdeb35ZmvW6cAQhdm3PyVsHi8umzyvAC","baseKeyType":1,"closed":-1,"used":1704371624518,"created":1704371624518,"remoteIdentityKey":"BZYYPYrlWwzus08uXXRXnM8UGCh9lv/dDQrZe24qUsIZ"},"_chains":{"BY001XtbjboLXKRvf8F9pe8RJnjR01XnA8+X0LTwnfhk":{"chainKey":{"counter":0,"key":"6TsV6yk2/b39WQhWU0x0LmDGAjnxMrFusuYC+2Hy7Go="},"chainType":1,"messageKeys":{}}},"pendingPreKey":{"signedKeyId":2,"baseKey":"BbGmSYy0mOCeKdeb35ZmvW6cAQhdm3PyVsHi8umzyvAC","preKeyId":3870559}}},"version":"v1"}