{"_sessions":{"BZyhTaMA7OGyS76yk1ndGlyowoK3M8oma0dxdCf4DqJz":{"registrationId":240036733,"currentRatchet":{"ephemeralKeyPair":{"pubKey":"BdXV1Kid5WrmCeKn8FLtMvTGNIKIhE9P15852UPWQ9Au","privKey":"sGp63stIHpSr7groXWNeIbwAPwOg6NWrwVC0Sh8t0nw="},"lastRemoteEphemeralKey":"BXa3EsBXAqY1L0PlrOlC8wbqmmgZjSieTm7g/b5a2mdE","previousCounter":0,"rootKey":"GaUdTH+t4NyCFw/Ij1aPYxGHvy4vCI2RLv6A9QSpqno="},"indexInfo":{"baseKey":"BZyhTaMA7OGyS76yk1ndGlyowoK3M8oma0dxdCf4DqJz","baseKeyType":1,"closed":-1,"used":1704371623317,"created":1704371623317,"remoteIdentityKey":"BfnRERRIUuUGnvMSVKzlGhoBXYiSYGfiDVxeI/0T6mZL"},"_chains":{"BdXV1Kid5WrmCeKn8FLtMvTGNIKIhE9P15852UPWQ9Au":{"chainKey":{"counter":0,"key":"WjWctvQDRLvjU/WlLg30ril+sfWgsjLUFNdZbZAI+0E="},"chainType":1,"messageKeys":{}}},"pendingPreKey":{"signedKeyId":0,"baseKey":"BZyhTaMA7OGyS76yk1ndGlyowoK3M8oma0dxdCf4DqJz","preKeyId":10642538}}},"version":"v1"}