{"_sessions":{"BWil5l96aVIe6fGs4QpCP5DNBkczuLpuckDgC0YslVpH":{"registrationId":1252008018,"currentRatchet":{"ephemeralKeyPair":{"pubKey":"BetH93ZFjwWQQVMFN51ChbdVzw6C4QW/9cTBbCTXYWEs","privKey":"AMnez77M0WhW/7LcEyiO25RCMoOmu/wdbnPTn7yrFWU="},"lastRemoteEphemeralKey":"BXbuR+0XThPLUQ4L7+HXGB0oEp+FHSuB3gBTGhdU0KJo","previousCounter":0,"rootKey":"rEJZp48IKRxNg9Jqdkw6vwhrUhSfXdal//hd5/gYQmI="},"indexInfo":{"baseKey":"BWil5l96aVIe6fGs4QpCP5DNBkczuLpuckDgC0YslVpH","baseKeyType":1,"closed":-1,"used":1704371623001,"created":1704371623001,"remoteIdentityKey":"BXWPqPKwfyf9l3QXuva/AKi2tdYe0Mvbho/ow+PZd8VG"},"_chains":{"BetH93ZFjwWQQVMFN51ChbdVzw6C4QW/9cTBbCTXYWEs":{"chainKey":{"counter":0,"key":"Sjvp2MREwSUJy0KedoUgtj2YWPN7W6AC8A0UzsEEklY="},"chainType":1,"messageKeys":{}}},"pendingPreKey":{"signedKeyId":1,"baseKey":"BWil5l96aVIe6fGs4QpCP5DNBkczuLpuckDgC0YslVpH"}}},"version":"v1"}