{"_sessions":{"BRQi12BGZFZRinXEmGGrqHy8VseVqSCcwL+xhgoXwgon":{"registrationId":1985194117,"currentRatchet":{"ephemeralKeyPair":{"pubKey":"BWPf0wfqvBPxiFeBuQN2QjP2CmA8ZpD0lh++6xTnhIZD","privKey":"OON6Gh4REcM5ls6L6Z29s1LCKY+946bq4ZxlV2aydnM="},"lastRemoteEphemeralKey":"BSRbH+gnkd6ax9H6kVIxzdQZdzFOT+7rOiEUnnjPOqVY","previousCounter":0,"rootKey":"IACy7I9rhNXxTVqr2tHnMvhQr5hnyhI5CBHaxlBHWYU="},"indexInfo":{"baseKey":"BRQi12BGZFZRinXEmGGrqHy8VseVqSCcwL+xhgoXwgon","baseKeyType":1,"closed":-1,"used":1704381949910,"created":1704381949910,"remoteIdentityKey":"BWu0CskBeJmeaVv5uAcSROfyJ/3gmOzUW4GPIz1TQWg4"},"_chains":{"BWPf0wfqvBPxiFeBuQN2QjP2CmA8ZpD0lh++6xTnhIZD":{"chainKey":{"counter":0,"key":"h7Lxgejpf/PPQhJJXXxzU7KysmJfDGmWFISL9j3x9PM="},"chainType":1,"messageKeys":{}}},"pendingPreKey":{"signedKeyId":0,"baseKey":"BRQi12BGZFZRinXEmGGrqHy8VseVqSCcwL+xhgoXwgon","preKeyId":7161891}}},"version":"v1"}