{"_sessions":{"BV+YxXk5gqC1zSoo0FO6Lm0WB21TlcHmK3LtdaJaUa8w":{"registrationId":1570621977,"currentRatchet":{"ephemeralKeyPair":{"pubKey":"BTsnoCn82mpxfSV+nnQ8HGMJHgumxeB9e+UzsLaYCQ4n","privKey":"OFrscmTcZZ6ALeDD5M0Vb6Jmeo8g5P12viZLWB3seVc="},"lastRemoteEphemeralKey":"BY4S58pO1SG3DwznbuovIyfzqIMDh4dtF9B4OWXpRsFh","previousCounter":0,"rootKey":"D7Uwe0WLgSQeDOAXDm2aIchjYggcyY0+l+r4UvhZRC4="},"indexInfo":{"baseKey":"BV+YxXk5gqC1zSoo0FO6Lm0WB21TlcHmK3LtdaJaUa8w","baseKeyType":1,"closed":-1,"used":1704371624295,"created":1704371624295,"remoteIdentityKey":"Bcu65Byq34aZw01mJ+UAq4tp4kgWz7BCpqOvQbIcIqwF"},"_chains":{"BTsnoCn82mpxfSV+nnQ8HGMJHgumxeB9e+UzsLaYCQ4n":{"chainKey":{"counter":0,"key":"gE3MQaA7dmRzZmklhMmcAkxSnLGvxbzd6U7+pwfz3BY="},"chainType":1,"messageKeys":{}}},"pendingPreKey":{"signedKeyId":0,"baseKey":"BV+YxXk5gqC1zSoo0FO6Lm0WB21TlcHmK3LtdaJaUa8w","preKeyId":6652607}}},"version":"v1"}