{"_sessions":{"BbrgC2D9mGILC9MMq+t5ICRoAnGuQf4DoxG/B1MFIbpv":{"registrationId":1103831177,"currentRatchet":{"ephemeralKeyPair":{"pubKey":"BdYO4mSFKmvLvjsporR33ks6SAmSAC0DelnpCOdp6loN","privKey":"iGKt2WdqXeS7nBnpY8F+mDuzm6GfNp/sfy/eONfwm1A="},"lastRemoteEphemeralKey":"Bfj+fIiH5QGssWYLsOMUaYMFhlmbYr7MXd5cE3rwo/wq","previousCounter":0,"rootKey":"CW2CExMYD2H/tTNgOZv5eCa2ub26Hh6YjQ0/ZGJnWz4="},"indexInfo":{"baseKey":"BbrgC2D9mGILC9MMq+t5ICRoAnGuQf4DoxG/B1MFIbpv","baseKeyType":1,"closed":-1,"used":1704375696401,"created":1704375696401,"remoteIdentityKey":"BaTJSfwtn/BnaWSEU7B1a9KncJ/GlbNTU8e34z8jmtc+"},"_chains":{"BdYO4mSFKmvLvjsporR33ks6SAmSAC0DelnpCOdp6loN":{"chainKey":{"counter":0,"key":"f25vyp6UdQOmaXezgPzqhOXs24MsK7KT3Ro1MlXNCGo="},"chainType":1,"messageKeys":{}}},"pendingPreKey":{"signedKeyId":35,"baseKey":"BbrgC2D9mGILC9MMq+t5ICRoAnGuQf4DoxG/B1MFIbpv","preKeyId":4520944}}},"version":"v1"}