{"_sessions":{"BVpKQg0BDSz43kngq7lbbvL6tmGuAidq8T9VIHzxEzc9":{"registrationId":2006162180,"currentRatchet":{"ephemeralKeyPair":{"pubKey":"BZZzGzODhzePXeNyiufFTFBI+K/oZT+OU0cUQL2jpWcN","privKey":"YCEUUgRt/IACwXUpkuLKCKTUNttsKb6EP4+EtCWatFc="},"lastRemoteEphemeralKey":"BS2peixP3eRBeZSp21d16JVCuJ8QiFhT4osfEwvNubVa","previousCounter":0,"rootKey":"P9ZvGmC+VAKyQ67bAjlpEFRmiFZLGZTjEvhuMJwBOO0="},"indexInfo":{"baseKey":"BVpKQg0BDSz43kngq7lbbvL6tmGuAidq8T9VIHzxEzc9","baseKeyType":1,"closed":-1,"used":1704371624732,"created":1704371624732,"remoteIdentityKey":"BXGyqHWhIcigDACXKSQorlZQnI5j1EoahCoftLbZQy0M"},"_chains":{"BZZzGzODhzePXeNyiufFTFBI+K/oZT+OU0cUQL2jpWcN":{"chainKey":{"counter":0,"key":"4Re0EhwBr+DBXJugcPURpjHIYOE8LSNKTsQ+Lm/g1hM="},"chainType":1,"messageKeys":{}}},"pendingPreKey":{"signedKeyId":39,"baseKey":"BVpKQg0BDSz43kngq7lbbvL6tmGuAidq8T9VIHzxEzc9"}}},"version":"v1"}