{"_sessions":{"BV4i2ZWgaTESQ110n6OuYsBvv0+480Y0EKUSEBUUenNt":{"registrationId":7575,"currentRatchet":{"ephemeralKeyPair":{"pubKey":"BZzQ3EzJ2B+SfzRRDkDALntZ/2d0fF4XqPhitQhgRG0S","privKey":"KBS93MoLUYZhk0cbK7l1ggygk8KoX3gELtZugYC48WQ="},"lastRemoteEphemeralKey":"BUJJ3lotwehx43HQswCUmPWa4EO7r9zxRLMcgdeG73ol","previousCounter":0,"rootKey":"7aI8lXEkA2wqzg4r6//At6LmBTs/LHX65Bt/iwe0QNM="},"indexInfo":{"baseKey":"BV4i2ZWgaTESQ110n6OuYsBvv0+480Y0EKUSEBUUenNt","baseKeyType":1,"closed":-1,"used":1704371622304,"created":1704371622304,"remoteIdentityKey":"BcRSep00HLxeENAIuBS9LptRb5uvwNvouXuSJ38ru0Vo"},"_chains":{"BZzQ3EzJ2B+SfzRRDkDALntZ/2d0fF4XqPhitQhgRG0S":{"chainKey":{"counter":0,"key":"0+N9JNqySY4TqaSX1A1HpoOMwKMR2XK5fJM0XGeim38="},"chainType":1,"messageKeys":{}}},"pendingPreKey":{"signedKeyId":9,"baseKey":"BV4i2ZWgaTESQ110n6OuYsBvv0+480Y0EKUSEBUUenNt"}}},"version":"v1"}