{"_sessions":{"BZCZkJq1D+unlGsIOy5GeGBb448vtdhPSjN2t9Iy5Q0i":{"registrationId":20,"currentRatchet":{"ephemeralKeyPair":{"pubKey":"BUbpFWIlHXiZ0pPa6DzEJptGSob6hFLzmxgv7D6vQmdE","privKey":"KAjMMjstaWBjGMSgzQuzr7bO3uS5dFTwsKsdw5I9rGg="},"lastRemoteEphemeralKey":"BRQ8bwRu4vZB9wD+XnlXlVKfKmvGUPtISgPsnAOsBSFo","previousCounter":0,"rootKey":"zzzlJfMBlSY/bmWmp1xSdV6eeQNYedxrC4Xf2umK+qI="},"indexInfo":{"baseKey":"BZCZkJq1D+unlGsIOy5GeGBb448vtdhPSjN2t9Iy5Q0i","baseKeyType":1,"closed":-1,"used":1704371621763,"created":1704371621763,"remoteIdentityKey":"BapZckjZitpA+Atot8mu+rvn2ssDH5nOC4+0pOj1fCgu"},"_chains":{"BUbpFWIlHXiZ0pPa6DzEJptGSob6hFLzmxgv7D6vQmdE":{"chainKey":{"counter":0,"key":"0UhJ8n1kXHQbz7C/+elK7DdWgmL8UHDn+1HiuaVswcM="},"chainType":1,"messageKeys":{}}},"pendingPreKey":{"signedKeyId":1,"baseKey":"BZCZkJq1D+unlGsIOy5GeGBb448vtdhPSjN2t9Iy5Q0i","preKeyId":41}}},"version":"v1"}