{"_sessions":{"BcRhG6vXNJcmrNXjcK1Z9x5EtrVYreshMuAN9VdN03Ud":{"registrationId":1668069948,"currentRatchet":{"ephemeralKeyPair":{"pubKey":"BaoAFJoRa2O6hE4CmfItVLcP2D28PLwr48tqppSHjKhb","privKey":"UB97LIvnpxS84xyf6Noh21PJgmGv7HywAw0sJCJuu0g="},"lastRemoteEphemeralKey":"BZuMIwg+1RcbNaNYpAw23SrRpbri739OZDm9aU6/sidw","previousCounter":0,"rootKey":"FaBX6LU2hDVToO9+zT4FFkfZ+eKh0mc6XvJ0H5UKG6k="},"indexInfo":{"baseKey":"BcRhG6vXNJcmrNXjcK1Z9x5EtrVYreshMuAN9VdN03Ud","baseKeyType":1,"closed":-1,"used":1704371623067,"created":1704371623067,"remoteIdentityKey":"BXzO/ByETdIRmHlVpbDNYelgTlvHjRELmqp4Ch+HqQp3"},"_chains":{"BaoAFJoRa2O6hE4CmfItVLcP2D28PLwr48tqppSHjKhb":{"chainKey":{"counter":0,"key":"U8eJF3i4BXZjwqQhZ9piV6GMb7MJzQ2AmyW/CFvjjZg="},"chainType":1,"messageKeys":{}}},"pendingPreKey":{"signedKeyId":1,"baseKey":"BcRhG6vXNJcmrNXjcK1Z9x5EtrVYreshMuAN9VdN03Ud","preKeyId":5301900}}},"version":"v1"}