{"_sessions":{"BfGlsNxYcYBq3M7IWIsuu9/zyKTTYGxwdAEfgwqzBJEr":{"registrationId":1372486083,"currentRatchet":{"ephemeralKeyPair":{"pubKey":"BYHUHu7Vc3zDuNBXjvQNISRg3zBZuhjvAT2VVG6gTeEF","privKey":"0JoIwqN3JvtavlcIQcaaFlf/YxmiBCiYAp8X94Z4Tng="},"lastRemoteEphemeralKey":"BQmwm3yOgtZ4Bte/RyThTz6MK1OsfyOWDHNp0TVXyYMJ","previousCounter":0,"rootKey":"QyufxysQkMyYnLL83Dk1NPFQsJ8N9zM/26UskZJLUlI="},"indexInfo":{"baseKey":"BfGlsNxYcYBq3M7IWIsuu9/zyKTTYGxwdAEfgwqzBJEr","baseKeyType":1,"closed":-1,"used":1704371622913,"created":1704371622913,"remoteIdentityKey":"BeeG2O/Ks9sTIBpYf2NVHlQ/iIf6LnYDkY5SUj9zyvUJ"},"_chains":{"BYHUHu7Vc3zDuNBXjvQNISRg3zBZuhjvAT2VVG6gTeEF":{"chainKey":{"counter":0,"key":"dXi4CtAqi5YSrW4P9F2uAmL+kFFq0QnT5gI0/eIHkqA="},"chainType":1,"messageKeys":{}}},"pendingPreKey":{"signedKeyId":4,"baseKey":"BfGlsNxYcYBq3M7IWIsuu9/zyKTTYGxwdAEfgwqzBJEr","preKeyId":1622114}}},"version":"v1"}