{"_sessions":{"BbCvWZeknw9gU1orC8z3Vs1y5QNdtgrHEpm/2si1zrwW":{"registrationId":2596996162,"currentRatchet":{"ephemeralKeyPair":{"pubKey":"BYXLFwCoYfMLw56glYzq5ANILSMCWcCFmd+AHvILslhP","privKey":"wFKmcreN84GuoaJLAAn/ALkdhOlaoO2/HqkF2HSNXH8="},"lastRemoteEphemeralKey":"BQaU59TYS0x8hv2pNzo7UyvCQ3CZVvirelO2/XDPIyAV","previousCounter":0,"rootKey":"5FHlv0Qhm+NeVFf/x6FgCJQmNGn5DsP77uYNJX0GFFo="},"indexInfo":{"baseKey":"BbCvWZeknw9gU1orC8z3Vs1y5QNdtgrHEpm/2si1zrwW","baseKeyType":1,"closed":-1,"used":1704371621251,"created":1704371621251,"remoteIdentityKey":"BXrIuhENBMgYO5H/19mEG4aNSa5BtWY5xaRINGPQSJlT"},"_chains":{"BYXLFwCoYfMLw56glYzq5ANILSMCWcCFmd+AHvILslhP":{"chainKey":{"counter":0,"key":"tW0oW5UAmqJrczuTjFYCcAgcA9h3TphdaTKSfxmbbVA="},"chainType":1,"messageKeys":{}}},"pendingPreKey":{"signedKeyId":1,"baseKey":"BbCvWZeknw9gU1orC8z3Vs1y5QNdtgrHEpm/2si1zrwW"}}},"version":"v1"}