{"_sessions":{"BXbapFqz+xI9xVK+oz7cz/7GsLMFHlDGDzXlotpWxJJV":{"registrationId":249,"currentRatchet":{"ephemeralKeyPair":{"pubKey":"BbKqLaC574j7na8zvif9u8zu/DAbQxBdfVpNIsL4p0Eu","privKey":"ANqtb8pzR1yAFJmeXGwE+HywjeLhQRfOvPYIZN0iO10="},"lastRemoteEphemeralKey":"Be7TjtPE02+E8L3L76ccHEIwmfPpE0mGA14l2+gs78Ej","previousCounter":0,"rootKey":"Dr6U7ZlsGsI4m4qnBAqbx/SsZ1yvV+A1nzwLJ7iwRwk="},"indexInfo":{"baseKey":"BXbapFqz+xI9xVK+oz7cz/7GsLMFHlDGDzXlotpWxJJV","baseKeyType":1,"closed":-1,"used":1704371622356,"created":1704371622356,"remoteIdentityKey":"BZnYcPHIMntl63HNs/F6Nrf0HhXWUyetwLT8hbJVj798"},"_chains":{"BbKqLaC574j7na8zvif9u8zu/DAbQxBdfVpNIsL4p0Eu":{"chainKey":{"counter":0,"key":"fXtWPHpL5mfIvKgd3YXZugHJmIcHPp85HQSO3X6Bnxk="},"chainType":1,"messageKeys":{}}},"pendingPreKey":{"signedKeyId":1,"baseKey":"BXbapFqz+xI9xVK+oz7cz/7GsLMFHlDGDzXlotpWxJJV"}}},"version":"v1"}