{"_sessions":{"BdCNYRXD9lRNEF+ozBt2Rc+byaIKslGskm+mcDCnuvYj":{"registrationId":420262852,"currentRatchet":{"ephemeralKeyPair":{"pubKey":"BVwxrGXeI81sjgZmIui41RwUmZz/QejCNkwBIi/GXGNV","privKey":"aK6uL3Pl9EtEMd3d+3p7xbnajZQE39njowvgxaO0dH4="},"lastRemoteEphemeralKey":"BUFsp4BfBX8+soCq5a7h4xAJSNVkelH5Y7azuv/Df9cq","previousCounter":0,"rootKey":"QlFjn1ycB/10uc4rxOaunrni+Rj/8k2kLK/wB8jpclk="},"indexInfo":{"baseKey":"BdCNYRXD9lRNEF+ozBt2Rc+byaIKslGskm+mcDCnuvYj","baseKeyType":1,"closed":-1,"used":1704371624948,"created":1704371624948,"remoteIdentityKey":"BcP7lG5mmxtFkuDShx7svmCj8bCMB/CgcQWT1KzS3uFC"},"_chains":{"BVwxrGXeI81sjgZmIui41RwUmZz/QejCNkwBIi/GXGNV":{"chainKey":{"counter":0,"key":"1uTDo1qieH1LFhruKUFCLavmSFEiVp5EYoYi7OD8kXI="},"chainType":1,"messageKeys":{}}},"pendingPreKey":{"signedKeyId":1,"baseKey":"BdCNYRXD9lRNEF+ozBt2Rc+byaIKslGskm+mcDCnuvYj","preKeyId":4510930}}},"version":"v1"}