{"_sessions":{"BaHO8YynUgubD/08juysKyliMHi7OZUkW8D84vo+TL0b":{"registrationId":1601855650,"currentRatchet":{"ephemeralKeyPair":{"pubKey":"BR1ZEPTslrQnKmS2edqsFI+S0IFdF9D9t7VEcMMXXOdV","privKey":"QKbp4HuXK0PJOyIw/Jb0etfvpBmu32DkJHxap6j/aUU="},"lastRemoteEphemeralKey":"BccKiK/hnNwhI5Ukdfcrhf0gQ4uolJ/547WicZI2FPoX","previousCounter":0,"rootKey":"DRESjOyVdgQjxUzQrktnqCIOm798vu/fcWfOIahS8CE="},"indexInfo":{"baseKey":"BaHO8YynUgubD/08juysKyliMHi7OZUkW8D84vo+TL0b","baseKeyType":1,"closed":-1,"used":1704371624434,"created":1704371624434,"remoteIdentityKey":"BUOdghEYhnCM91TDnTQYHKvaisHjh0qb7v0IOJelwu1B"},"_chains":{"BR1ZEPTslrQnKmS2edqsFI+S0IFdF9D9t7VEcMMXXOdV":{"chainKey":{"counter":0,"key":"RKn3qU9q1ZxnCLALBzjiF1ZZ8pXxuNbGRvriD5mafJA="},"chainType":1,"messageKeys":{}}},"pendingPreKey":{"signedKeyId":0,"baseKey":"BaHO8YynUgubD/08juysKyliMHi7OZUkW8D84vo+TL0b","preKeyId":6042036}}},"version":"v1"}