{"_sessions":{"BTpN+A1faaL60FyH+z9Yt38lMHUlJh2eT7QGj/69hzVJ":{"registrationId":205,"currentRatchet":{"ephemeralKeyPair":{"pubKey":"Bd51TDIMmSsiARPlgVf2CCclueuFQdMPoy5ohD5iol5A","privKey":"CLxlQ1I2Xrywvytptrsmg3shZVCnQB1iIP5LBpM0gEw="},"lastRemoteEphemeralKey":"BZk/An4trKMbYx7IgFT8SFURh/lBd8r9KyFZVvGQiYM9","previousCounter":0,"rootKey":"RBds+cnS0uF5eAyMW4p/8DOZc5m46rqhoDSOnR7eAmg="},"indexInfo":{"baseKey":"BTpN+A1faaL60FyH+z9Yt38lMHUlJh2eT7QGj/69hzVJ","baseKeyType":1,"closed":-1,"used":1704371622394,"created":1704371622394,"remoteIdentityKey":"Ba3BfFgOvbcqvlawPizpD4wsWLdMQuYsdDhPONte2xgE"},"_chains":{"Bd51TDIMmSsiARPlgVf2CCclueuFQdMPoy5ohD5iol5A":{"chainKey":{"counter":0,"key":"p9X9Ls4C9iNCI4TgvKPkILZL1Y+E//vqBwJVqO6u/jg="},"chainType":1,"messageKeys":{}}},"pendingPreKey":{"signedKeyId":1,"baseKey":"BTpN+A1faaL60FyH+z9Yt38lMHUlJh2eT7QGj/69hzVJ"}}},"version":"v1"}