{"_sessions":{"BbF+IgeCGQWu8vDZbZNksKP9Sm4li3NyGn7jr0KzK4Bq":{"registrationId":966291618,"currentRatchet":{"ephemeralKeyPair":{"pubKey":"BeMmK3p1wvSwt9XeSwH8uZ5p6jXO7++9NpzwNP97qw05","privKey":"oPEikFLXptyilD1WIMYJgRjF/08V1qGYJtKVc+vTIVU="},"lastRemoteEphemeralKey":"BQzM52lWg2aWmBRSyh5BQNGaEXJNafxF22kIkYmZUIY0","previousCounter":0,"rootKey":"RhQCRpRaPScE56Ae+oYQFUKBJ8cTtzTMe9yRoU91+AI="},"indexInfo":{"baseKey":"BbF+IgeCGQWu8vDZbZNksKP9Sm4li3NyGn7jr0KzK4Bq","baseKeyType":1,"closed":-1,"used":1704375696585,"created":1704375696585,"remoteIdentityKey":"BYK7h+4fJOyPxCh90DJj36kwiq3537zY0JTwy7Zt7Kxl"},"_chains":{"BeMmK3p1wvSwt9XeSwH8uZ5p6jXO7++9NpzwNP97qw05":{"chainKey":{"counter":0,"key":"Ji4O5ArCgLrGXpNuFy//2wuC4Sruf6iH+91C1tyISo8="},"chainType":1,"messageKeys":{}}},"pendingPreKey":{"signedKeyId":4,"baseKey":"BbF+IgeCGQWu8vDZbZNksKP9Sm4li3NyGn7jr0KzK4Bq","preKeyId":5417541}}},"version":"v1"}