{"_sessions":{"BRQCDWcRUYNlewzYtDinw16gRirNrSUAFcMW3CK0/xMR":{"registrationId":8406,"currentRatchet":{"ephemeralKeyPair":{"pubKey":"BdJEf5YDbTxknLx/43pyu1F3+mkc/yXzrxxfwPRZJnRa","privKey":"6GrGwHjoCyOdPOoGvdkUhOd95d7aO50iade0LnPYvl4="},"lastRemoteEphemeralKey":"BczOHj6qpJjRRqRaF2fnrz26MiHJm0Acjq9WAF3PQSFx","previousCounter":0,"rootKey":"soar1nxuo7BmOpmo8jWMUXby4dCrHfJGhidFUCbdLpk="},"indexInfo":{"baseKey":"BRQCDWcRUYNlewzYtDinw16gRirNrSUAFcMW3CK0/xMR","baseKeyType":1,"closed":-1,"used":1704371622324,"created":1704371622324,"remoteIdentityKey":"BWWDzEnb9TpQ2EgWXqnc/JjP+O73/CY3TKZ6aqS6jTcy"},"_chains":{"BdJEf5YDbTxknLx/43pyu1F3+mkc/yXzrxxfwPRZJnRa":{"chainKey":{"counter":0,"key":"2H8cr+gQfRbsZaRJJebKIfLox6yeFGRfZqSlfQZaepo="},"chainType":1,"messageKeys":{}}},"pendingPreKey":{"signedKeyId":1,"baseKey":"BRQCDWcRUYNlewzYtDinw16gRirNrSUAFcMW3CK0/xMR","preKeyId":441}}},"version":"v1"}