{"_sessions":{"BbihS/X6wOIyOkQgfZ1hO0EQzjWXD925HBKODfSslXpr":{"registrationId":884459954,"currentRatchet":{"ephemeralKeyPair":{"pubKey":"BZq44dSoYGfjp7UtSO2wPZpk7OpHDrVzA7mITnXKgl8s","privKey":"gOah9X+h2HocDPGyrbhWp7JyMY1JwZqJihZxbsIOMn4="},"lastRemoteEphemeralKey":"BVrcRXPmErG+LV4uxiJ7mP2QJYLqNdeIG8GONBStom4/","previousCounter":0,"rootKey":"mgNIz6AjsZ6HIXyE14RznxVARqNhzB2+rsyRAl1TmZQ="},"indexInfo":{"baseKey":"BbihS/X6wOIyOkQgfZ1hO0EQzjWXD925HBKODfSslXpr","baseKeyType":1,"closed":-1,"used":1704371623898,"created":1704371623898,"remoteIdentityKey":"BRSZ/gLmOlZeR19z9RPECyGGmcWGhxyN9uChKOsfnI0w"},"_chains":{"BZq44dSoYGfjp7UtSO2wPZpk7OpHDrVzA7mITnXKgl8s":{"chainKey":{"counter":0,"key":"p/Q8NtzP5U3rPxZJsBi2Mk/8Phajf/j7EJ20jqffQcI="},"chainType":1,"messageKeys":{}}},"pendingPreKey":{"signedKeyId":9,"baseKey":"BbihS/X6wOIyOkQgfZ1hO0EQzjWXD925HBKODfSslXpr","preKeyId":3588969}}},"version":"v1"}