{"_sessions":{"Bf77row0OvjF+Pi7JtUlqrmFXpKcL8lhXpb8hl9ArVR6":{"registrationId":16,"currentRatchet":{"ephemeralKeyPair":{"pubKey":"BbdYxG3/JMF8JPyn7esZ+f2kRiZX4DNMHuEa0iKtPXQF","privKey":"QEV0ivadWCWu8DiGLH6sBGsSGFsnjnAHsdo1VSA9dnY="},"lastRemoteEphemeralKey":"BR114x5nN8c+NFgal2lpt4ywNmMFBRiulnnieeOWTZtx","previousCounter":0,"rootKey":"uhXiFcxhdsYFxCdXJABOysnpYKESB7tO1yAYDThkLTA="},"indexInfo":{"baseKey":"Bf77row0OvjF+Pi7JtUlqrmFXpKcL8lhXpb8hl9ArVR6","baseKeyType":1,"closed":-1,"used":1704371621448,"created":1704371621448,"remoteIdentityKey":"BemuaS5kWBwUs8wRTskG8RfYohDkZpHFSlKmjy1LOrFW"},"_chains":{"BbdYxG3/JMF8JPyn7esZ+f2kRiZX4DNMHuEa0iKtPXQF":{"chainKey":{"counter":0,"key":"1ibvnuAxVG7qvyDeKM9005rGvU0fbx4nw/nBX+Ko2pM="},"chainType":1,"messageKeys":{}}},"pendingPreKey":{"signedKeyId":1,"baseKey":"Bf77row0OvjF+Pi7JtUlqrmFXpKcL8lhXpb8hl9ArVR6"}}},"version":"v1"}