{"_sessions":{"BbQr9y9KFpNczDC+V2RmZcc+tRPHnLi0P211/zlTvWoO":{"registrationId":1325453008,"currentRatchet":{"ephemeralKeyPair":{"pubKey":"BXXGt4IA6V5hk9rolLrd2PRn8/d7l+Zrh3/v2t4R+B0I","privKey":"GCpR8RYvvSTN9IphJrwcnmbCA0F7vLXTqn2LK81Fpl4="},"lastRemoteEphemeralKey":"BWIxeVZzpSCEMuAeig0wsEK1GyQZnVQsAFQO5WgBeRgS","previousCounter":0,"rootKey":"hVxXrXtRh41OllgG5M4bsOp0matDDD5coeez7V0PaZ0="},"indexInfo":{"baseKey":"BbQr9y9KFpNczDC+V2RmZcc+tRPHnLi0P211/zlTvWoO","baseKeyType":2,"closed":-1,"used":1704364759924,"created":1704364759924,"remoteIdentityKey":"Be9TcP8zpau5U3By96ZuIIN4+uMQdASIwJCjP3tpHBYT"},"_chains":{"BWIxeVZzpSCEMuAeig0wsEK1GyQZnVQsAFQO5WgBeRgS":{"chainKey":{"counter":0,"key":"nBdCc6BQ/JMWiYuK2ejxnDN2p+Du8TXYrseTethyumI="},"chainType":2,"messageKeys":{}},"BXXGt4IA6V5hk9rolLrd2PRn8/d7l+Zrh3/v2t4R+B0I":{"chainKey":{"counter":-1,"key":"1Eaxb7Oyb4iuNLIxMWfnIw82hygsgPaC2PWv5MAqytQ="},"chainType":1,"messageKeys":{}}}}},"version":"v1"}