{"_sessions":{"BbdhcZ4taWQfghvBt0K+QCFMxEBM/+TRJxvTy0WODcMp":{"registrationId":2106147639,"currentRatchet":{"ephemeralKeyPair":{"pubKey":"BdD2tM3qnuX1syNzXtC5MftL+oh82mk/8/7zb3QNZ0ob","privKey":"IGeiXd8Irql2vXj/4WyH5S+9s7u+Bxyobd6GxumwDmE="},"lastRemoteEphemeralKey":"BYGGvsIzrfx1e5+5fLtniEYa+n+azv+bnuR7N4vXxWB4","previousCounter":0,"rootKey":"PXNdrU40b9dwaetD63tkPKuMPIM78SfhEgGTp1d0Wnk="},"indexInfo":{"baseKey":"BbdhcZ4taWQfghvBt0K+QCFMxEBM/+TRJxvTy0WODcMp","baseKeyType":1,"closed":-1,"used":1704371623411,"created":1704371623411,"remoteIdentityKey":"BUVmis7CUhcySWi4bdyHfgTzYbq+gDrOU56Q+lNSzOVl"},"_chains":{"BdD2tM3qnuX1syNzXtC5MftL+oh82mk/8/7zb3QNZ0ob":{"chainKey":{"counter":0,"key":"PcZgpzGg9upql33nxusA9HUJPtJUNm7HypRBafZUW7s="},"chainType":1,"messageKeys":{}}},"pendingPreKey":{"signedKeyId":0,"baseKey":"BbdhcZ4taWQfghvBt0K+QCFMxEBM/+TRJxvTy0WODcMp","preKeyId":11541385}}},"version":"v1"}