{"_sessions":{"BcyRBAvIkr3KXgWzZJzOTm0PqRm4djSAKdDK7qOMu2ZQ":{"registrationId":809128156,"currentRatchet":{"ephemeralKeyPair":{"pubKey":"BbdxmewgkKSxhD/22+e3ORcRizu+GPYBpzpbs/YBtxlB","privKey":"EDetDAVYJW54hdRuiX3r2cHvkOmt/D7cFz05fy+CDGw="},"lastRemoteEphemeralKey":"BTObBAq8YSphI3nKwZ5aT5m83bpgGgiam08NI6HazPVP","previousCounter":0,"rootKey":"G3plNuGjQ4+fKXmfx+zxRligOA9AeyhPPN2NxveTcfM="},"indexInfo":{"baseKey":"BcyRBAvIkr3KXgWzZJzOTm0PqRm4djSAKdDK7qOMu2ZQ","baseKeyType":1,"closed":-1,"used":1704378105094,"created":1704378105094,"remoteIdentityKey":"BSbs+BSuitr7rI5N7inpAMO34JV/+dzvjm2eWr7X5vRC"},"_chains":{"BbdxmewgkKSxhD/22+e3ORcRizu+GPYBpzpbs/YBtxlB":{"chainKey":{"counter":0,"key":"WCbJiMmII4qyMs1jSxXEy4NAe0XIi63JBGgVcXrUnZM="},"chainType":1,"messageKeys":{}}},"pendingPreKey":{"signedKeyId":0,"baseKey":"BcyRBAvIkr3KXgWzZJzOTm0PqRm4djSAKdDK7qOMu2ZQ","preKeyId":8447108}}},"version":"v1"}