{"_sessions":{"BYmIvg4rM6nuYejhMC6X+Ykq7jnBWfQCPWL+1w9cqGwV":{"registrationId":414545123,"currentRatchet":{"ephemeralKeyPair":{"pubKey":"BWUd87ytUuZ/uIA8eOQ90ZyVvNwraU1ak3FQQR8lOyYy","privKey":"AHvoZ/I89QTpxOA1KBKHu8frMw3F708aRPonaFAt1UA="},"lastRemoteEphemeralKey":"Be4q7PeDo+Gg9RlFRkSYRO2qd5YbOVKe//2Lzy35RC9p","previousCounter":0,"rootKey":"wtNo50xRV7uPlQ0uYh+88jFa892KPrc6VSnTjTxE7nY="},"indexInfo":{"baseKey":"BYmIvg4rM6nuYejhMC6X+Ykq7jnBWfQCPWL+1w9cqGwV","baseKeyType":1,"closed":-1,"used":1704371623884,"created":1704371623884,"remoteIdentityKey":"BZxqO4tRthEbb1Xoez04Z2zAyBfW6GikUJtWArPuvkZB"},"_chains":{"BWUd87ytUuZ/uIA8eOQ90ZyVvNwraU1ak3FQQR8lOyYy":{"chainKey":{"counter":0,"key":"74qYzGBJjgo3Xt8opNtdyWSLq3y8JNflGJPSt/xo9eM="},"chainType":1,"messageKeys":{}}},"pendingPreKey":{"signedKeyId":0,"baseKey":"BYmIvg4rM6nuYejhMC6X+Ykq7jnBWfQCPWL+1w9cqGwV","preKeyId":10726741}}},"version":"v1"}