{"_sessions":{"BTI+talN8euTVzEtivRfoKi3mtSHDyQgJg4BD3KLxchO":{"registrationId":2020378081,"currentRatchet":{"ephemeralKeyPair":{"pubKey":"BeGMV0Mp3as6hOcJea1LFx3FUbAV/Xk+CT06T4hnx+wE","privKey":"EPibS12Xlnv8g5SUfs91erA7BJoULvAdIeOsjOTmUVM="},"lastRemoteEphemeralKey":"BbIfrsE94V37aNUmz6V4i5ZrQc4NmXcriFX0QUtPlTh5","previousCounter":0,"rootKey":"KBP1/ScXz0S5TclVWkHv1KlezUKeVZJzuCksJGz5vuk="},"indexInfo":{"baseKey":"BTI+talN8euTVzEtivRfoKi3mtSHDyQgJg4BD3KLxchO","baseKeyType":1,"closed":-1,"used":1704371624704,"created":1704371624704,"remoteIdentityKey":"BdLBq/u0MFvTavml+gV95nmhvBkJ/VOaChh1gpV4fQ0m"},"_chains":{"BeGMV0Mp3as6hOcJea1LFx3FUbAV/Xk+CT06T4hnx+wE":{"chainKey":{"counter":0,"key":"GT7+0tomrlOUxoE+Qy/KPEH5zp4+mVTQHUKWvYaYUBY="},"chainType":1,"messageKeys":{}}},"pendingPreKey":{"signedKeyId":1,"baseKey":"BTI+talN8euTVzEtivRfoKi3mtSHDyQgJg4BD3KLxchO"}}},"version":"v1"}