{"_sessions":{"BfoNRcr1mmE1hMItn9WvIvXKqaiorOdkIkNbSozU5XFt":{"registrationId":1577624622,"currentRatchet":{"ephemeralKeyPair":{"pubKey":"BbUd3LtI/LCrPrhEcS3Y6w9MAc4UQGJP8kY4yOXR2XAs","privKey":"KH8T/oWlaNWH82e6m3CETyZbcPNhcxMOMo/tiXouSlg="},"lastRemoteEphemeralKey":"BchbcuHr6rsuXm5dKtOJP0RBN4ocldo5i8G3SH5uQgFG","previousCounter":0,"rootKey":"mwxvkARleR0nfdv0ez5dcPqora3OmJa//HmlZtHMCCM="},"indexInfo":{"baseKey":"BfoNRcr1mmE1hMItn9WvIvXKqaiorOdkIkNbSozU5XFt","baseKeyType":1,"closed":-1,"used":1704371623514,"created":1704371623514,"remoteIdentityKey":"BWWWYCmX0qot8vDM8QmrHbuAKyzeBy7nz3udKYe73wRa"},"_chains":{"BbUd3LtI/LCrPrhEcS3Y6w9MAc4UQGJP8kY4yOXR2XAs":{"chainKey":{"counter":0,"key":"yO94GS4kkKXaXu0gJjtro4DYmEmABRTsfEEPfL0HCJ8="},"chainType":1,"messageKeys":{}}},"pendingPreKey":{"signedKeyId":0,"baseKey":"BfoNRcr1mmE1hMItn9WvIvXKqaiorOdkIkNbSozU5XFt"}}},"version":"v1"}