{"_sessions":{"BWBuMPYbE8aRMfkmuaA24UlIFnd++rMtSt2NrmhvkBp1":{"registrationId":324449493,"currentRatchet":{"ephemeralKeyPair":{"pubKey":"BWj8OsvnBj5NOSHuLx2YwX4UTm9zbOZkr/k/rLeFw2oZ","privKey":"GDrHyrW8/WT6nb/epIBm9jHMpaJ/jWo+u4VHpwagWlY="},"lastRemoteEphemeralKey":"Baw09ht6p5aXh+Qg0auJlOXao6sNnhpf4goQJ26LvOwg","previousCounter":0,"rootKey":"1d6qJzDvDZA6ILb6sx7p2yyZ9jIO8X2ofLaG2/eboGs="},"indexInfo":{"baseKey":"BWBuMPYbE8aRMfkmuaA24UlIFnd++rMtSt2NrmhvkBp1","baseKeyType":1,"closed":-1,"used":1704371623791,"created":1704371623791,"remoteIdentityKey":"BR53JRecA1/ls/gS+yo03Ic3SEYrJUsW6M0F8KJ8WU5A"},"_chains":{"BWj8OsvnBj5NOSHuLx2YwX4UTm9zbOZkr/k/rLeFw2oZ":{"chainKey":{"counter":0,"key":"9gTD9uF4iRa8gOGoCSfQZ1jpAlKKyZc4nVGUEslFAU8="},"chainType":1,"messageKeys":{}}},"pendingPreKey":{"signedKeyId":0,"baseKey":"BWBuMPYbE8aRMfkmuaA24UlIFnd++rMtSt2NrmhvkBp1"}}},"version":"v1"}