{"_sessions":{"BYreMB05/Vrs+yTUg+RG1IQ9lrmXjkWvepLxM9mkVwZS":{"registrationId":1758843126,"currentRatchet":{"ephemeralKeyPair":{"pubKey":"BefO7LTia8E12xnaR9+ZV1/3X/ZGXbw8kI4aHkjkjEYh","privKey":"iHZd2WEm0Dzwo/qi4+WC/zq7yWazAoPZmDoAfoVdzkM="},"lastRemoteEphemeralKey":"BSj7ZZxlduUtWLX05XuGdH2XBuwUzmklnmup5Vk+kGgx","previousCounter":0,"rootKey":"cuvclXpYXPXVN1bpwgP1lyR+QpdkYZtAWKGAidDdkck="},"indexInfo":{"baseKey":"BYreMB05/Vrs+yTUg+RG1IQ9lrmXjkWvepLxM9mkVwZS","baseKeyType":1,"closed":-1,"used":1704371624148,"created":1704371624148,"remoteIdentityKey":"BZieGQ/PaHYBlkewuYeFPeFfEnWXUig1Pu853hNeI5Z2"},"_chains":{"BefO7LTia8E12xnaR9+ZV1/3X/ZGXbw8kI4aHkjkjEYh":{"chainKey":{"counter":0,"key":"5LYBiK7q+rhAT5fXxnZYo7MA39wo0tVIXzxQk8RQU4U="},"chainType":1,"messageKeys":{}}},"pendingPreKey":{"signedKeyId":0,"baseKey":"BYreMB05/Vrs+yTUg+RG1IQ9lrmXjkWvepLxM9mkVwZS","preKeyId":1457442}}},"version":"v1"}