{"_sessions":{"BZrn3qePJdT7GkGoErsNnlrakOaMhBarYR1cEYE2q1QS":{"registrationId":1786192672,"currentRatchet":{"ephemeralKeyPair":{"pubKey":"Ba2nnmX6lHdDhfMUKwL5B8Xy+Zv+LPVgcKJztomaHAI8","privKey":"+BNRemHeLZe9Acj6f4LUqIxRVro2KxxH2kA66+Ep3no="},"lastRemoteEphemeralKey":"BQGPHN+rLkYFpzf+Ei1KcLBdqe/bjF1SmHWzLiXwV1om","previousCounter":0,"rootKey":"uezRRkHIpg//pqRw2Xh5iMDKXavRROBdnTDT2qy+pmU="},"indexInfo":{"baseKey":"BZrn3qePJdT7GkGoErsNnlrakOaMhBarYR1cEYE2q1QS","baseKeyType":1,"closed":-1,"used":1704371624042,"created":1704371624042,"remoteIdentityKey":"BSjrT7lkW3HyXwdmT9hVP7Unz+j+L9ZocThk3d9fnlAV"},"_chains":{"Ba2nnmX6lHdDhfMUKwL5B8Xy+Zv+LPVgcKJztomaHAI8":{"chainKey":{"counter":0,"key":"JrKbDNFFA2JNTcZmGc0EW3VRlgjlJF0ILeQrSm8yClM="},"chainType":1,"messageKeys":{}}},"pendingPreKey":{"signedKeyId":1,"baseKey":"BZrn3qePJdT7GkGoErsNnlrakOaMhBarYR1cEYE2q1QS"}}},"version":"v1"}