{"_sessions":{"Bfm1/0zC+iCTSeVb1S+kucVD4FsKP7wDK6pVW5iphT1+":{"registrationId":740707748,"currentRatchet":{"ephemeralKeyPair":{"pubKey":"BQ8nV9rU/+51r9Dn7in7j5Rq3UkOH1Y6Pgd7Z7oYZ+Qz","privKey":"IGywmqakV5QMi0LTrAAnOMGkKpPpQWjVlVjyVQslFEg="},"lastRemoteEphemeralKey":"BQmbE+5ZdZ5jQHqR63KN13xmBO7CzSkAxRW3HzglXDVG","previousCounter":0,"rootKey":"W/j6gHdEPWlbTOrnpLz7tPhWPVBoGw4yqqwg1GQAj0Y="},"indexInfo":{"baseKey":"Bfm1/0zC+iCTSeVb1S+kucVD4FsKP7wDK6pVW5iphT1+","baseKeyType":1,"closed":-1,"used":1704371624255,"created":1704371624255,"remoteIdentityKey":"Bc7PKe8HiyFlQWQnN0pXzVForD+QDoMxWYo2PKocooIT"},"_chains":{"BQ8nV9rU/+51r9Dn7in7j5Rq3UkOH1Y6Pgd7Z7oYZ+Qz":{"chainKey":{"counter":0,"key":"oRBeY/FxOtdwQhooiCIAc+V4evaPiXLTEgNfS+u1PU0="},"chainType":1,"messageKeys":{}}},"pendingPreKey":{"signedKeyId":2,"baseKey":"Bfm1/0zC+iCTSeVb1S+kucVD4FsKP7wDK6pVW5iphT1+","preKeyId":922441}}},"version":"v1"}