{"_sessions":{"BS6bHirVSq3pPTTw4hamOLPSCcK+sCttC/rmBeIcuoIC":{"registrationId":121,"currentRatchet":{"ephemeralKeyPair":{"pubKey":"BTrVQ2RZBbLYylkk8aX0OC4wogkBAnXwyZuh0AJxQekQ","privKey":"qHf6oMgn9CkaN37EYoMX5MLogAiDCJkmKdn65S6tNU4="},"lastRemoteEphemeralKey":"Ba58FzaVbLvsecBesy8j+mC+/GMy8DeQD0ZaanUO2cFi","previousCounter":0,"rootKey":"I2s1jX0EXtqWCZv1SMGMk4F3r3Ym0LXAvil+2DgJ1Yw="},"indexInfo":{"baseKey":"BS6bHirVSq3pPTTw4hamOLPSCcK+sCttC/rmBeIcuoIC","baseKeyType":1,"closed":-1,"used":1704371622242,"created":1704371622242,"remoteIdentityKey":"BS8EG7GeJu4MhvpLDV2j4cW8DOnwkoaskniJFjcyMgZ/"},"_chains":{"BTrVQ2RZBbLYylkk8aX0OC4wogkBAnXwyZuh0AJxQekQ":{"chainKey":{"counter":0,"key":"X9wBdFgx3zQRRyyt4PsUiqaC3CXA4nm2PdO09MXCwIA="},"chainType":1,"messageKeys":{}}},"pendingPreKey":{"signedKeyId":1,"baseKey":"BS6bHirVSq3pPTTw4hamOLPSCcK+sCttC/rmBeIcuoIC","preKeyId":226}}},"version":"v1"}