{"_sessions":{"BdsunmZtuBHDvPcNTweG6pQPIa3l2g64vRYN3H3XFI0C":{"registrationId":1148427017,"currentRatchet":{"ephemeralKeyPair":{"pubKey":"BS7w7MvN4UpokfIyjEhyDcL5k3XOwvuaNl7c0woyqXFf","privKey":"mP/JgAMWXTZp2UDqOGxiNqRi3Zm+VPyA3MTOvS1MtFI="},"lastRemoteEphemeralKey":"BTM4iMT1fNGPqdAB9ggXthUkIiy/pBD87jXQsH8IzO4v","previousCounter":0,"rootKey":"WfhCoAoYiufvssNZKrJpMNgOMvJQ1ITmp0Lw6aRVBCA="},"indexInfo":{"baseKey":"BdsunmZtuBHDvPcNTweG6pQPIa3l2g64vRYN3H3XFI0C","baseKeyType":1,"closed":-1,"used":1704375696562,"created":1704375696562,"remoteIdentityKey":"BVTssvL9+tY4Ixyek1jUroJNn2GzpJaErqxJau57eLon"},"_chains":{"BS7w7MvN4UpokfIyjEhyDcL5k3XOwvuaNl7c0woyqXFf":{"chainKey":{"counter":0,"key":"IEFA7K3uydZ1d04V1qoJIj/jufNZ+vVxD1X0v+mACps="},"chainType":1,"messageKeys":{}}},"pendingPreKey":{"signedKeyId":29,"baseKey":"BdsunmZtuBHDvPcNTweG6pQPIa3l2g64vRYN3H3XFI0C","preKeyId":8796939}}},"version":"v1"}