{"_sessions":{"BSyj+lV5M7oXYIQvq1eKw+e2cOYID1Tbuij4TMnO7qsp":{"registrationId":141,"currentRatchet":{"ephemeralKeyPair":{"pubKey":"BTG6j983NBAzhKV7+mzWwKnXC2GfPC5vLOUO5FjRNuB4","privKey":"YI5kcmSt0sC0zx6E8uTVkScFzdeui3kHEEu3D/cA6kM="},"lastRemoteEphemeralKey":"BVEubV6Ndggo+ocLjxjDxwOkJO3GpLQtzvInx4oPxa8Z","previousCounter":0,"rootKey":"2nAKzWJz8qQx3D8GBxwELjW1ulB89GEpG46SkejlBWo="},"indexInfo":{"baseKey":"BSyj+lV5M7oXYIQvq1eKw+e2cOYID1Tbuij4TMnO7qsp","baseKeyType":1,"closed":-1,"used":1704371621645,"created":1704371621645,"remoteIdentityKey":"BVt2B/c3/uP733kTwfJYg8XJIUyKR2k937pfC8qhvUxy"},"_chains":{"BTG6j983NBAzhKV7+mzWwKnXC2GfPC5vLOUO5FjRNuB4":{"chainKey":{"counter":0,"key":"GDuz5uAf96kBpxIV965k0Ow4T4lkFdMIznWpIg+ETxk="},"chainType":1,"messageKeys":{}}},"pendingPreKey":{"signedKeyId":1,"baseKey":"BSyj+lV5M7oXYIQvq1eKw+e2cOYID1Tbuij4TMnO7qsp"}}},"version":"v1"}