{"_sessions":{"BZhTJFvjaPngeGlGFFfBeWhCeckpWBPDyfkA4WDnbWNq":{"registrationId":282,"currentRatchet":{"ephemeralKeyPair":{"pubKey":"Beg0htaYl531XLJSVpoFfwlLtqciMVceFjjove/zdZdB","privKey":"wGuwkjsEz3TmSQYM18zXLIJ1gOZKkOlv3YKAF7FHK14="},"lastRemoteEphemeralKey":"Bb4esSaJdnhF9Sm6HiSaT89bUNfBmi9127g5rTU2FrRz","previousCounter":0,"rootKey":"XSuGZUS9wQji22o3tRsAeGGJqLvhk5MtglJtAgwpI0U="},"indexInfo":{"baseKey":"BZhTJFvjaPngeGlGFFfBeWhCeckpWBPDyfkA4WDnbWNq","baseKeyType":1,"closed":-1,"used":1704371621949,"created":1704371621949,"remoteIdentityKey":"Ba1VPmT0moBWQGBoNcjr28BOzyBwrnx3dZIOnCccliQN"},"_chains":{"Beg0htaYl531XLJSVpoFfwlLtqciMVceFjjove/zdZdB":{"chainKey":{"counter":0,"key":"K1uPXbEh0j969AwRr69+1p+HHpL25KaFx5dgXQxndz4="},"chainType":1,"messageKeys":{}}},"pendingPreKey":{"signedKeyId":1,"baseKey":"BZhTJFvjaPngeGlGFFfBeWhCeckpWBPDyfkA4WDnbWNq","preKeyId":7}}},"version":"v1"}