{"_sessions":{"Bb1ru4FCubolv0vn2OjUg5+JoFWgrwyh7ULe/O4LiIsH":{"registrationId":1808760039,"currentRatchet":{"ephemeralKeyPair":{"pubKey":"BQDd9jrDhjGHdFoCaXiyhfaNhiNxRo5k0ySvpVfOssdh","privKey":"gJ+4z2s+EAS/NN2CUc2toVGjRu4XRyuxFcVl28Xbhmw="},"lastRemoteEphemeralKey":"BZBjcMtYHSSqUp0zXm74nXcuFfjMTuT1wYwQSxA7LXBA","previousCounter":0,"rootKey":"q1ZXaVBgvcyZx6xXwSn7z3h8M+DVbn/ZKmWgI+u0xXQ="},"indexInfo":{"baseKey":"Bb1ru4FCubolv0vn2OjUg5+JoFWgrwyh7ULe/O4LiIsH","baseKeyType":1,"closed":-1,"used":1704371623476,"created":1704371623476,"remoteIdentityKey":"BSHamMHQ1wcK412ABTTYsTG4eq2fgtyLrNl5XF6e0vM9"},"_chains":{"BQDd9jrDhjGHdFoCaXiyhfaNhiNxRo5k0ySvpVfOssdh":{"chainKey":{"counter":0,"key":"AQbGC6M83tX9Z9XuYh8GfKHN1RBrsbZ55ReNBP/XyD8="},"chainType":1,"messageKeys":{}}},"pendingPreKey":{"signedKeyId":60,"baseKey":"Bb1ru4FCubolv0vn2OjUg5+JoFWgrwyh7ULe/O4LiIsH","preKeyId":13804923}}},"version":"v1"}