{"_sessions":{"BShvqzHejl7C+JKkS0SsboMxQ/RWFtsGsOkZBW12cCxX":{"registrationId":1220348548,"currentRatchet":{"ephemeralKeyPair":{"pubKey":"BayTau0gK1Ci7j8s0UdFydSXKK2biXCQOyUZkDoqK4lx","privKey":"eDiUP2j8H5DX96Rp1zqmwBX79G2VMnGL+6WfUY4y1Hk="},"lastRemoteEphemeralKey":"Bc0tVzFxT2sOyAmaH/uZ213a7Dv+nBsQOBXC8fmYnmRk","previousCounter":0,"rootKey":"IHQSCeliSZqu9KLTHzohBmzHHj1f3x5unZTt6wna6RA="},"indexInfo":{"baseKey":"BShvqzHejl7C+JKkS0SsboMxQ/RWFtsGsOkZBW12cCxX","baseKeyType":1,"closed":-1,"used":1704371624336,"created":1704371624336,"remoteIdentityKey":"Betm3xdDDbRDWrBvvs0Vwtqljvvo57v5OtME0ltIlYgc"},"_chains":{"BayTau0gK1Ci7j8s0UdFydSXKK2biXCQOyUZkDoqK4lx":{"chainKey":{"counter":0,"key":"fnvKcEh8JZzfngKbvLYYgE9p7EzsLx3T8tie5wpJlng="},"chainType":1,"messageKeys":{}}},"pendingPreKey":{"signedKeyId":0,"baseKey":"BShvqzHejl7C+JKkS0SsboMxQ/RWFtsGsOkZBW12cCxX","preKeyId":7534602}}},"version":"v1"}