{"_sessions":{"BXSojJI8F0BZCkY75x2Hju5LpXC7qyo6ja9GcHOo3O0C":{"registrationId":909953830,"currentRatchet":{"ephemeralKeyPair":{"pubKey":"BdOCPqHYJbPP5Fg8Glck98sbco7IrldmO8jDoY5CZwxM","privKey":"4AiZciBkZXa3QCySNiyQMzVSUH5WGqsoyRF06kRInn0="},"lastRemoteEphemeralKey":"BWJc4Aioq3UqcKSYYrDH9K0SC1lf6RrXYElG2b9uHwlk","previousCounter":0,"rootKey":"0zer5CGkLrX9xEPsS3I92eaQme2nPDRKAqMdtCxt7Io="},"indexInfo":{"baseKey":"BXSojJI8F0BZCkY75x2Hju5LpXC7qyo6ja9GcHOo3O0C","baseKeyType":1,"closed":-1,"used":1704371624677,"created":1704371624677,"remoteIdentityKey":"BUB+dD74Brj33dlt5jNopz1Y7JTV9ASUuCG5Y9IMn3wi"},"_chains":{"BdOCPqHYJbPP5Fg8Glck98sbco7IrldmO8jDoY5CZwxM":{"chainKey":{"counter":0,"key":"s2wpGU6UYroxDExjBFQKyCHQx+pRk3J9S9Ym+zqjjeQ="},"chainType":1,"messageKeys":{}}},"pendingPreKey":{"signedKeyId":0,"baseKey":"BXSojJI8F0BZCkY75x2Hju5LpXC7qyo6ja9GcHOo3O0C"}}},"version":"v1"}