{"_sessions":{"BZOqZBQKLj4jHRfAkI7n/MY4CplO3yPj0xQd2KUzlS5t":{"registrationId":1218448375,"currentRatchet":{"ephemeralKeyPair":{"pubKey":"BYsdpCg6FQJd50wd4Y+YeEjnRk5cNXjK3nkIwoqHhqI/","privKey":"kJ5t13Ct2gQpkz8YJoEaiITm+Xw+Vg7t06kKq4pPPUA="},"lastRemoteEphemeralKey":"BSmEhqgL/0HS41cfQ0fPKBmWy3r8+eneUiqPFtwnSiBt","previousCounter":0,"rootKey":"TP5H98HvxuR7P4+6K2JTnx5JqN/KSnOUTbARRPfGoWE="},"indexInfo":{"baseKey":"BZOqZBQKLj4jHRfAkI7n/MY4CplO3yPj0xQd2KUzlS5t","baseKeyType":1,"closed":-1,"used":1704371624475,"created":1704371624475,"remoteIdentityKey":"BYktRFhKaFafzK+lUBEQPjGbXtNfJ9y6xid5ktpCW99t"},"_chains":{"BYsdpCg6FQJd50wd4Y+YeEjnRk5cNXjK3nkIwoqHhqI/":{"chainKey":{"counter":0,"key":"uvsA7tFTHDD+AqwuFpgIXtflQcnwrnfPfHcn8WJQ+78="},"chainType":1,"messageKeys":{}}},"pendingPreKey":{"signedKeyId":1,"baseKey":"BZOqZBQKLj4jHRfAkI7n/MY4CplO3yPj0xQd2KUzlS5t"}}},"version":"v1"}