{"_sessions":{"BQcOVWwod6gJ7a2GqLvx7/dPZmHFX9T0bOmpZAUERmZ+":{"registrationId":316507620,"currentRatchet":{"ephemeralKeyPair":{"pubKey":"BUspCM/ICM05K5Pnl3QJdmEHsIRIkzRI1ZGsLuNAezMb","privKey":"cJFF9eiikfGEpCpPDvhiyfsOrvk+Os3XRX83M6EUNnk="},"lastRemoteEphemeralKey":"BelqH/bYN8gYLOr2SA6Yh9r/NcK5usdL2P91TpT8ED9P","previousCounter":0,"rootKey":"bJR29yaUY6j1zCBt/OixCpwV2YKSsaXcjEU8ey7poIw="},"indexInfo":{"baseKey":"BQcOVWwod6gJ7a2GqLvx7/dPZmHFX9T0bOmpZAUERmZ+","baseKeyType":1,"closed":-1,"used":1704371624083,"created":1704371624083,"remoteIdentityKey":"BW2jJQwD6s77uKzC5LAb498sLVToFazgUNicwmvZNoMz"},"_chains":{"BUspCM/ICM05K5Pnl3QJdmEHsIRIkzRI1ZGsLuNAezMb":{"chainKey":{"counter":0,"key":"We483BEdMbNc0D9X90NxZbiZKoPMXJ5ZOVbntVBplwA="},"chainType":1,"messageKeys":{}}},"pendingPreKey":{"signedKeyId":0,"baseKey":"BQcOVWwod6gJ7a2GqLvx7/dPZmHFX9T0bOmpZAUERmZ+","preKeyId":2156220}}},"version":"v1"}