{"_sessions":{"BaLSBxx0wKtlr9TYkWn1aohvR+xZI4udyfDMQRNoc49B":{"registrationId":1613614473,"currentRatchet":{"ephemeralKeyPair":{"pubKey":"BSXy4paHLeEzRmxgIiFIeBXnjGoIzNFhW4UGQYRgAMov","privKey":"4NREe7yGgv9pY83v2OweNTuc6o+1LZnrUKky+1wR8UE="},"lastRemoteEphemeralKey":"BdY0x1AEsem8C7ULjC+2sJzIRLa6ZzDTvK+xlgBpYhl1","previousCounter":0,"rootKey":"ZCgI06C/oF2688UaKSGWHVLZuAg/oh1JTo6wdFvWjLE="},"indexInfo":{"baseKey":"BaLSBxx0wKtlr9TYkWn1aohvR+xZI4udyfDMQRNoc49B","baseKeyType":1,"closed":-1,"used":1704371623871,"created":1704371623871,"remoteIdentityKey":"BbXznbOD5AUU0yfjzj+X+6nRfx1QeV3CiBgIBl+jU39/"},"_chains":{"BSXy4paHLeEzRmxgIiFIeBXnjGoIzNFhW4UGQYRgAMov":{"chainKey":{"counter":0,"key":"MjbtxTcXzXIUfc87WpFWPMCcY+PJEKo5CpfzBevbsiY="},"chainType":1,"messageKeys":{}}},"pendingPreKey":{"signedKeyId":0,"baseKey":"BaLSBxx0wKtlr9TYkWn1aohvR+xZI4udyfDMQRNoc49B","preKeyId":6450630}}},"version":"v1"}