{"_sessions":{"Be6qvtZS1xF2DJPv/iFc3VgjMzKTeJqqqwrdt5OAtZUW":{"registrationId":281032929,"currentRatchet":{"ephemeralKeyPair":{"pubKey":"BV2JS2MaTDxQrx3cSGNI/TfCeo5NdsH07BgOu5gfMmZB","privKey":"KKCtBc+QISx8TcZ+ttVY4x0lgCOzE7laiwhY5HbDgGo="},"lastRemoteEphemeralKey":"BW8Ktfx9xQf2CKyYGnrrJ9iUgfsawHB+O+5t7vaVx1Ec","previousCounter":0,"rootKey":"PLIBotiNBirg4ypVsa11G95ZSh5Ng9KVh4ZSQu2T0Z4="},"indexInfo":{"baseKey":"Be6qvtZS1xF2DJPv/iFc3VgjMzKTeJqqqwrdt5OAtZUW","baseKeyType":1,"closed":-1,"used":1704371624584,"created":1704371624584,"remoteIdentityKey":"BUSzlMD5tUp17+f5Md9RHIKmFc2aNUYFZedRcO86NG88"},"_chains":{"BV2JS2MaTDxQrx3cSGNI/TfCeo5NdsH07BgOu5gfMmZB":{"chainKey":{"counter":0,"key":"NVu8Zki6fdUl7syHkcxfV2atJp1rb6li3OOWd/y10CM="},"chainType":1,"messageKeys":{}}},"pendingPreKey":{"signedKeyId":0,"baseKey":"Be6qvtZS1xF2DJPv/iFc3VgjMzKTeJqqqwrdt5OAtZUW"}}},"version":"v1"}