{"_sessions":{"BZ6xWGcXKhivYf/NICWznU2lUlqfRFNRyoekkFdvkAkZ":{"registrationId":1256565224,"currentRatchet":{"ephemeralKeyPair":{"pubKey":"BW3cmZzrnVpBp6GPfdEkaOimLZzrysbaIuP7FGLagS8b","privKey":"QKMhCLI5EbGZD629cuXJzfkXKIiwhxLsLBRXnCC8x3w="},"lastRemoteEphemeralKey":"BV8tjM2RdEHbT7ifGY+KY6tI/BknaMIKfXKSmMf8OtEg","previousCounter":0,"rootKey":"bdFMXf202tzeEv3SZye/fyXIwNIog0VSrjie8mn90ds="},"indexInfo":{"baseKey":"BZ6xWGcXKhivYf/NICWznU2lUlqfRFNRyoekkFdvkAkZ","baseKeyType":1,"closed":-1,"used":1704371623424,"created":1704371623424,"remoteIdentityKey":"BfRYoFmIYlp9kAKb3BN+vDjIFp6GkRL9heBQLARMBMQ8"},"_chains":{"BW3cmZzrnVpBp6GPfdEkaOimLZzrysbaIuP7FGLagS8b":{"chainKey":{"counter":0,"key":"2kCYQ8TzNVzp+LW//j5IBvgx8fjO2de0T4drpcgw7Ks="},"chainType":1,"messageKeys":{}}},"pendingPreKey":{"signedKeyId":0,"baseKey":"BZ6xWGcXKhivYf/NICWznU2lUlqfRFNRyoekkFdvkAkZ","preKeyId":5650180}}},"version":"v1"}