{"_sessions":{"BV4OhxYe0NWsJbvpkcsDh0Y6dSsnAdZxZpGfGBIYjJJL":{"registrationId":165,"currentRatchet":{"ephemeralKeyPair":{"pubKey":"BU8wArxp17jOV1cXGKLzvmVObX1hTTFoZ9i2u9ObSXQN","privKey":"OD06dTtyh+Pa9uoFaP6d8Dy1ozUGpiTFm16w0uPNM24="},"lastRemoteEphemeralKey":"BSszoLTm8kXdHfotchj2hTkbyhbfEzBbzMAquSFKlHsq","previousCounter":0,"rootKey":"ShrdpMOjVbBKsG36r315LxSZC4TxJCU73zBsyrPgBec="},"indexInfo":{"baseKey":"BV4OhxYe0NWsJbvpkcsDh0Y6dSsnAdZxZpGfGBIYjJJL","baseKeyType":1,"closed":-1,"used":1704371621720,"created":1704371621720,"remoteIdentityKey":"BfdNlJiE8czwftUXM5fc1sFevBV63gBpZc398pkPj0E4"},"_chains":{"BU8wArxp17jOV1cXGKLzvmVObX1hTTFoZ9i2u9ObSXQN":{"chainKey":{"counter":0,"key":"jKzXxe8B4Kcv4L7Me7mZEqBOVOYaggQUw8m5QLfAq+8="},"chainType":1,"messageKeys":{}}},"pendingPreKey":{"signedKeyId":1,"baseKey":"BV4OhxYe0NWsJbvpkcsDh0Y6dSsnAdZxZpGfGBIYjJJL"}}},"version":"v1"}