{"_sessions":{"BX0iiqsdf1u1xhiAJJIUwAdqeyNJI9QPUhxxDyqT8WYw":{"registrationId":141,"currentRatchet":{"ephemeralKeyPair":{"pubKey":"BaNGJVKZN7egPE8alUELR5g9oqqVNWlxFqicz0X6shpc","privKey":"WFERBcV72Xj9CNLdZczrWBQsn2ZSqpQbDxIN5ABUUE0="},"lastRemoteEphemeralKey":"BZRnt7SiyVKaMNPy63Juufwo9+apGH3c8gjIEjcvc5pl","previousCounter":0,"rootKey":"SJh5aI/avqEEOZ0ddR7BR5XjZ74i9pEW+AKZZIAYncU="},"indexInfo":{"baseKey":"BX0iiqsdf1u1xhiAJJIUwAdqeyNJI9QPUhxxDyqT8WYw","baseKeyType":1,"closed":-1,"used":1704371621422,"created":1704371621422,"remoteIdentityKey":"Be3U6adBsHLmK840lcDY3VlJmVwcJHdHKc/IpxpLsoUa"},"_chains":{"BaNGJVKZN7egPE8alUELR5g9oqqVNWlxFqicz0X6shpc":{"chainKey":{"counter":0,"key":"PVl+Vxvqu/pedEWNOfaj63orPm8L68LWpoM7jNj2ujw="},"chainType":1,"messageKeys":{}}},"pendingPreKey":{"signedKeyId":1,"baseKey":"BX0iiqsdf1u1xhiAJJIUwAdqeyNJI9QPUhxxDyqT8WYw"}}},"version":"v1"}