{"_sessions":{"BeJN6TTzRCyijEFqJIayiD+5NwcDghKZTy0OmiR7LEZz":{"registrationId":853175836,"currentRatchet":{"ephemeralKeyPair":{"pubKey":"Be4IT7lms7+G1dS6piR2KtbnY5T4LrrZ/m+9SF1ix60y","privKey":"mGaTpcXryImZEwczIKGY0LFIRIxdFRX1l3pNev3XV3g="},"lastRemoteEphemeralKey":"BfeIvuwGleh03wG3ST70KOH3n7DvwsmI7FgT+H4gXh5O","previousCounter":0,"rootKey":"M56AIqeHvpdumY6q/dWjIZve79UHLiJYUakAb1DsI5Q="},"indexInfo":{"baseKey":"BeJN6TTzRCyijEFqJIayiD+5NwcDghKZTy0OmiR7LEZz","baseKeyType":1,"closed":-1,"used":1704371624491,"created":1704371624491,"remoteIdentityKey":"BcG2S417QdjBTM5cDohFiYe6XcdsksepbQMGgUOTkeFP"},"_chains":{"Be4IT7lms7+G1dS6piR2KtbnY5T4LrrZ/m+9SF1ix60y":{"chainKey":{"counter":0,"key":"CE1dslgm1mmrqaeEAK0Bebp+jbxapw952cs+t9YL2rc="},"chainType":1,"messageKeys":{}}},"pendingPreKey":{"signedKeyId":0,"baseKey":"BeJN6TTzRCyijEFqJIayiD+5NwcDghKZTy0OmiR7LEZz","preKeyId":15724894}}},"version":"v1"}