{"_sessions":{"BfSCWA5GMh/yXjW+6TSmR+xejuVngicuIvh4CVgKSzlE":{"registrationId":1562602197,"currentRatchet":{"ephemeralKeyPair":{"pubKey":"BVusU4dhHqxTM5rxvxsc7R6Ehzb57awgNUDvn/JsERIP","privKey":"OAiudhIMmHtkDlKk7DC68FIe3qMXYnCzcnBzKTN69VY="},"lastRemoteEphemeralKey":"BaoIjkyCPwohQ00Hx30cJ8lqY74AEiE8KuWzG1p2HYBi","previousCounter":0,"rootKey":"Q7A4rtZCXOq4trgiT/AupiFQh2RXqi6Bt9P7Or/fT+M="},"indexInfo":{"baseKey":"BfSCWA5GMh/yXjW+6TSmR+xejuVngicuIvh4CVgKSzlE","baseKeyType":1,"closed":-1,"used":1704371623636,"created":1704371623636,"remoteIdentityKey":"BT4OpMXsCzb/EJrUpNqs/lSwQSLVywFmt9SNqso0k1EH"},"_chains":{"BVusU4dhHqxTM5rxvxsc7R6Ehzb57awgNUDvn/JsERIP":{"chainKey":{"counter":0,"key":"dIpTWyezRlPr6SbGviKljtkZ7HZyCOdAhttNebSgVdk="},"chainType":1,"messageKeys":{}}},"pendingPreKey":{"signedKeyId":1,"baseKey":"BfSCWA5GMh/yXjW+6TSmR+xejuVngicuIvh4CVgKSzlE","preKeyId":9306038}}},"version":"v1"}