{"_sessions":{"Bf0brtF6spY0XsarfXlqkqHcSwseg9zdr2ZNxq7xlYpE":{"registrationId":405539572,"currentRatchet":{"ephemeralKeyPair":{"pubKey":"BZkXZ3Gkg1hlGY+m/SiKxr/20ORWjM2z0IT7bRXXeM4N","privKey":"OBIXU1CXiq7S/IoXr0EnHPAziO2S2K4I0+vbBHlor0Y="},"lastRemoteEphemeralKey":"BVtrNyQsrGqky+5iI1NXzSpZpUFO676cTlj5ON/W+ERJ","previousCounter":0,"rootKey":"7rJ0X9oW/CvbV3OEecj/Aq22FabvzyOp9o4DrR3Bo/0="},"indexInfo":{"baseKey":"Bf0brtF6spY0XsarfXlqkqHcSwseg9zdr2ZNxq7xlYpE","baseKeyType":1,"closed":-1,"used":1704371623384,"created":1704371623384,"remoteIdentityKey":"BfnQLsTk9e45ihh+OpZRtFVxFQgDT379kQYmiu/UC/RD"},"_chains":{"BZkXZ3Gkg1hlGY+m/SiKxr/20ORWjM2z0IT7bRXXeM4N":{"chainKey":{"counter":0,"key":"MFc7R1S6JXmZ9WkJ9RY8G8uBuzE2Pmn14kaSpD7Jdyo="},"chainType":1,"messageKeys":{}}},"pendingPreKey":{"signedKeyId":1,"baseKey":"Bf0brtF6spY0XsarfXlqkqHcSwseg9zdr2ZNxq7xlYpE","preKeyId":2482364}}},"version":"v1"}